file_name,category,description,prob_linear_svm,prob_rbf_svm,prob_random_forest,prob_histgb,prob_novelty,ml_score_best,ml_pred_at_cal,dsp_verdict,dsp_pos_A,dsp_pos_B,dsp_n_clean_combs,dsp_low_conf,feat_time_s,dsp_time_s,note
record_15_1_1780468618_9f88e3b9.wav,abnormal/others,,,,,,,1.000000,1,normal,0,0,0,0,,,
record_15_1_1780468403_b0a3f8b9.wav,abnormal/others,测试,,,,,,0.928865,0,BSF,1,1,1,0,,,
record_15_1_1780468299_2aff9898.wav,abnormal/others,,,,,,,1.000000,1,bearing_unlocalized,0,1,1,0,,,
record_17_1_1780102370.wav,abnormal/bearing,轴承-微弱,0.381020,0.976478,0.963333,0.999998,0.500011,0.999998,1,normal,0,0,0,0,,,
record_17_1_1780101881.wav,abnormal/bearing,轴承,0.999994,0.989955,0.996667,0.999999,0.500864,0.999999,1,bearing_unlocalized,0,1,1,0,,,
record_17_1_1780100084.wav,abnormal/bearing,轴承,0.966179,0.997490,1.000000,1.000000,0.500034,1.000000,1,BSF,1,1,1,0,,,
record_17_1_1780056548.wav,abnormal/bearing,轴承,0.971078,0.955673,1.000000,1.000000,0.500065,1.000000,1,BSF,1,1,1,1,,,
record_17_1_1780056398.wav,abnormal/others,ng,,,,,,1.000000,1,BPFI,1,1,1,0,,,
record_17_1_1780056298.wav,abnormal/others,ng,,,,,,1.000000,1,BSF,1,1,1,0,,,
record_17_1_1780055494.wav,abnormal/bearing,轴承,0.619059,0.988749,0.970000,1.000000,0.500019,1.000000,1,normal,0,0,0,0,,,
record_17_1_1780052316.wav,abnormal/bearing,轴承,0.728638,0.997821,0.980000,0.999999,0.500030,0.999999,1,normal,0,0,0,0,,,
record_17_1_1780051105.wav,abnormal/others,摩擦,,,,,,0.999855,0,normal,0,0,0,0,,,
record_17_1_1780050777.wav,abnormal/others,ng,,,,,,1.000000,1,BSF,1,1,2,0,,,
record_17_1_1780050608.wav,abnormal/others,ng,,,,,,0.999983,1,normal,0,0,0,0,,,
record_17_1_1780050003.wav,abnormal/others,摩擦,,,,,,0.999996,1,normal,0,0,0,0,,,
record_17_1_1780044450.wav,abnormal/bearing,轴承,0.962184,0.996895,1.000000,1.000000,0.500049,1.000000,1,BSF,1,1,1,0,,,
record_17_1_1780043262.wav,abnormal/bearing,轴承,0.787355,0.999654,1.000000,1.000000,0.500088,1.000000,1,bearing_unlocalized,0,1,1,0,,,
record_17_1_1780043097.wav,abnormal/bearing,轴承,0.992520,0.974565,0.563333,0.001257,0.500000,0.001257,0,normal,0,0,0,0,,,
record_17_1_1780042927.wav,abnormal/others,摩擦,,,,,,0.999992,1,BSF,1,1,1,0,,,
record_17_1_1780040403.wav,abnormal/others,摩擦,,,,,,0.999995,1,normal,0,0,0,0,,,
record_17_1_1780037703.wav,abnormal/others,摩擦,,,,,,0.999999,1,BSF,1,1,1,0,,,
record_17_1_1780030708.wav,abnormal/others,摩擦,,,,,,0.992606,0,normal,0,0,0,0,,,
record_17_1_1780030554.wav,abnormal/others,ng,,,,,,0.999374,0,normal,0,0,0,0,,,
record_17_1_1780024385.wav,abnormal/bearing,轴承,0.999408,0.909219,0.940000,0.999999,0.500465,0.999999,1,BSF,1,1,2,0,,,
record_17_1_1780023284.wav,abnormal/others,摩擦,,,,,,0.999723,0,normal,0,0,0,0,,,
record_17_1_1780023098.wav,abnormal/others,摩擦,,,,,,0.999934,1,bearing_unlocalized,0,1,1,0,,,
record_17_1_1780014383.wav,abnormal/bearing,轴承,0.999910,0.999519,1.000000,0.999999,0.500387,0.999999,1,normal,0,0,0,0,,,
record_17_1_1780013530.wav,abnormal/others,摩擦,,,,,,1.000000,1,BSF,1,1,1,0,,,
record_17_1_1779969459.wav,abnormal/others,摩擦,,,,,,0.999956,1,normal,0,0,0,0,,,
record_17_1_1779968095.wav,abnormal/others,摩擦,,,,,,0.999993,1,normal,0,0,0,0,,,
record_17_1_1779964654.wav,abnormal/bearing,轴承,0.716299,0.985279,1.000000,1.000000,0.500004,1.000000,1,normal,0,0,0,0,,,
record_17_1_1779964528.wav,abnormal/bearing,轴承,0.760637,0.969489,1.000000,1.000000,0.500028,1.000000,1,BSF,1,1,1,0,,,
record_17_1_1779956879.wav,abnormal/bearing,轴承,0.179501,0.255431,0.893333,0.979482,0.500009,0.979482,0,normal,0,0,0,0,,,
record_17_1_1779953056.wav,abnormal/others,摩擦,,,,,,0.998522,0,normal,0,0,0,0,,,
record_17_1_1779948854.wav,abnormal/others,摩擦,,,,,,0.996605,0,normal,0,0,0,0,,,
record_17_1_1779948333.wav,abnormal/others,摩擦,,,,,,0.999999,1,normal,0,0,0,0,,,
record_17_1_1779944035.wav,abnormal/others,摩擦,,,,,,0.999853,0,normal,0,0,0,0,,,
record_17_1_1779930465.wav,abnormal/bearing,轴承,0.998506,0.999983,0.990000,1.000000,0.501372,1.000000,1,normal,0,0,0,0,,,
record_17_1_1779930025.wav,abnormal/others,摩擦,,,,,,0.999996,1,normal,0,0,0,0,,,
record_17_1_1779929783.wav,abnormal/others,摩擦,,,,,,0.939825,0,normal,0,0,0,0,,,
record_17_1_1779929643.wav,abnormal/others,摩擦,,,,,,0.999683,0,normal,0,0,0,0,,,
record_17_1_1779928251.wav,abnormal/others,摩擦,,,,,,0.999859,0,normal,0,0,0,0,,,
record_17_1_1779875175.wav,abnormal/others,摩擦,,,,,,0.999996,1,bearing_unlocalized,0,1,1,0,,,
record_17_1_1779864049.wav,abnormal/bearing,轴承,0.999867,0.981712,0.996667,1.000000,0.500108,1.000000,1,bearing_unlocalized,0,1,1,0,,,
record_17_1_1779859372.wav,abnormal/others,摩擦,,,,,,0.999997,1,normal,0,0,0,0,,,
record_17_1_1779842509.wav,abnormal/others,摩擦,,,,,,0.999999,1,normal,0,0,0,0,,,
record_17_1_1779782974.wav,abnormal/others,摩擦,,,,,,0.999986,1,normal,0,0,0,0,,,
record_17_1_1779780353.wav,abnormal/others,摩擦,,,,,,0.999903,0,bearing_unlocalized,0,1,1,0,,,
record_17_1_1779780164.wav,abnormal/bearing,轴承,0.995501,0.998752,0.990000,0.999999,0.500424,0.999999,1,bearing_unlocalized,0,1,1,0,,,
record_17_1_1779779899.wav,abnormal/bearing,轴承,0.890260,0.996442,0.960000,0.999988,0.500043,0.999988,1,normal,0,0,0,0,,,
record_17_1_1779775794.wav,abnormal/bearing,轴承,1.000000,0.743966,0.790000,0.999999,0.564225,0.999999,1,normal,0,0,0,0,,,
record_17_1_1779774942.wav,abnormal/others,摩擦,,,,,,0.995015,0,normal,0,0,0,0,,,
record_17_1_1779773728.wav,abnormal/bearing,轴承,0.995907,0.996772,0.953333,0.999997,0.503048,0.999997,1,bearing_unlocalized,0,1,1,0,,,
record_17_1_1779764315.wav,abnormal/others,摩擦,,,,,,0.999682,0,normal,0,0,0,0,,,
record_17_1_1779763743.wav,abnormal/others,摩擦,,,,,,0.063338,0,normal,0,0,0,0,,,
record_17_1_1779758611.wav,abnormal/others,摩擦,,,,,,0.999995,1,normal,0,0,0,0,,,
record_17_1_1779758429.wav,abnormal/others,摩擦,,,,,,0.999974,1,normal,0,0,0,0,,,
record_15_1_1780103241.wav,abnormal/bearing,轴承,0.999976,0.978835,1.000000,1.000000,0.500715,1.000000,1,normal,0,0,0,0,,,
record_15_1_1780102406.wav,abnormal/others,爆量程,,,,,,0.999991,1,normal,0,0,0,0,,,
record_15_1_1780101073.wav,abnormal/others,摩擦,,,,,,0.999999,1,BPFI,1,1,1,0,,,
record_15_1_1780101023.wav,abnormal/others,ng,,,,,,1.000000,1,BSF,1,1,1,0,,,
record_15_1_1780099573.wav,abnormal/bearing,轴承,0.804525,0.947947,0.910000,1.000000,0.500007,1.000000,1,normal,0,0,0,0,,,
record_15_1_1780056547.wav,abnormal/others,摩擦,,,,,,0.999999,1,BSF,1,1,1,0,,,
record_15_1_1780056370.wav,abnormal/others,ng,,,,,,1.000000,1,bearing_unlocalized,0,1,1,0,,,
record_15_1_1780055891.wav,abnormal/bearing,轴承,0.788194,0.998779,0.950000,1.000000,0.500013,1.000000,1,normal,0,0,0,0,,,
record_15_1_1780055534.wav,abnormal/others,ng,,,,,,0.999999,1,normal,0,0,0,0,,,
record_15_1_1780052144.wav,abnormal/bearing,轴承,0.744933,0.808515,0.996667,1.000000,0.500035,1.000000,1,BPFO,1,1,1,0,,,
record_15_1_1780052098.wav,abnormal/others,摩擦,,,,,,0.999999,1,normal,0,0,0,0,,,
record_15_1_1780051622.wav,abnormal/others,摩擦,,,,,,0.999999,1,bearing_unlocalized,0,1,1,0,,,
record_15_1_1780051126.wav,abnormal/others,摩擦,,,,,,1.000000,1,BSF,1,1,1,1,,,
record_15_1_1780051040.wav,abnormal/others,摩擦,,,,,,1.000000,1,bearing_unlocalized,0,1,1,0,,,
record_15_1_1780049541.wav,abnormal/others,摩擦,,,,,,0.996395,0,normal,0,0,0,0,,,
record_15_1_1780047830.wav,abnormal/others,,,,,,,1.000000,1,BSF,1,1,1,0,,,
record_15_1_1780045013.wav,abnormal/bearing,轴承,0.606265,0.976632,0.850000,1.000000,0.500009,1.000000,1,normal,0,0,0,0,,,
record_15_1_1780044993.wav,abnormal/others,ng,,,,,,1.000000,1,bearing_unlocalized,0,1,1,0,,,
record_15_1_1780041589.wav,abnormal/others,摩擦,,,,,,0.999987,1,normal,0,0,0,0,,,
record_15_1_1780040364.wav,abnormal/others,摩擦,,,,,,0.259634,0,normal,0,0,0,0,,,
record_15_1_1780040241.wav,abnormal/others,摩擦,,,,,,0.999991,1,normal,0,0,0,0,,,
record_15_1_1780037190.wav,abnormal/others,摩擦,,,,,,1.000000,1,normal,0,0,0,0,,,
record_15_1_1780034816.wav,abnormal/others,摩擦,,,,,,0.999999,1,bearing_unlocalized,0,1,1,0,,,
record_15_1_1780033868.wav,abnormal/bearing,轴承,0.963637,0.996417,0.930000,0.999999,0.500638,0.999999,1,bearing_unlocalized,0,1,1,0,,,
record_15_1_1780033757.wav,abnormal/others,摩擦,,,,,,0.986505,0,normal,0,0,0,0,,,
record_15_1_1780032011.wav,abnormal/others,摩擦,,,,,,0.999999,1,normal,0,0,0,0,,,
record_15_1_1780020726.wav,abnormal/bearing,轴承,0.996235,0.999210,0.996667,1.000000,0.500034,1.000000,1,normal,0,0,0,0,,,
record_15_1_1779964487.wav,abnormal/others,爆量程,,,,,,1.000000,1,bearing_unlocalized,0,1,1,0,,,
record_15_1_1779957822.wav,abnormal/bearing,轴承,0.885254,0.999779,1.000000,0.999999,0.500017,0.999999,1,normal,0,0,0,0,,,
record_15_1_1779951001.wav,abnormal/bearing,轴承,0.917440,0.999492,0.993333,1.000000,0.500069,1.000000,1,normal,0,0,0,0,,,
record_15_1_1779936758.wav,abnormal/others,,,,,,,1.000000,1,normal,0,0,0,0,,,
record_15_1_1779935506.wav,abnormal/others,ng z,,,,,,0.999677,0,normal,0,0,0,0,,,
record_15_1_1779862702.wav,abnormal/others,摩擦,,,,,,0.999953,1,bearing_unlocalized,0,1,1,0,,,
record_15_1_1779860686.wav,abnormal/bearing,轴承,0.996214,0.998689,1.000000,1.000000,0.500037,1.000000,1,normal,0,0,0,0,,,
record_15_1_1779859841.wav,abnormal/bearing,轴承,1.000000,0.921216,0.943333,0.999997,0.500144,0.999997,1,bearing_unlocalized,0,1,1,0,,,
record_15_1_1779846736.wav,abnormal/others,摩擦,,,,,,0.999983,1,normal,0,0,0,0,,,
record_15_1_1779843528.wav,abnormal/others,摩擦,,,,,,0.999995,1,normal,0,0,0,0,,,
record_15_1_1779843040.wav,abnormal/others,摩擦,,,,,,0.999994,1,bearing_unlocalized,0,1,1,0,,,
record_15_1_1779842355.wav,abnormal/others,摩擦,,,,,,0.999983,1,normal,0,0,0,0,,,
record_15_1_1779842161.wav,abnormal/others,摩擦,,,,,,0.998481,0,normal,0,0,0,0,,,
record_15_1_1779841135.wav,abnormal/bearing,轴承,0.999993,0.983713,1.000000,0.999999,0.500710,0.999999,1,normal,0,0,0,0,,,
record_15_1_1779792441.wav,abnormal/bearing,轴承,0.992153,0.998042,1.000000,1.000000,0.500143,1.000000,1,bearing_unlocalized,0,1,1,0,,,
record_15_1_1779792247.wav,abnormal/others,摩擦,,,,,,0.999993,1,normal,0,0,0,0,,,
record_15_1_1779786306.wav,abnormal/bearing,轴承,0.995310,0.910997,1.000000,1.000000,0.500021,1.000000,1,BPFO,1,1,1,0,,,
record_15_1_1779778717.wav,abnormal/bearing,轴承,0.982752,0.917362,1.000000,1.000000,0.500024,1.000000,1,normal,0,0,0,0,,,
record_15_1_1779778120.wav,abnormal/bearing,轴承,0.916174,0.998048,1.000000,1.000000,0.500033,1.000000,1,bearing_unlocalized,0,1,1,0,,,
record_15_1_1779777557.wav,abnormal/others,摩擦,,,,,,0.999993,1,normal,0,0,0,0,,,
record_15_1_1779777036.wav,abnormal/others,摩擦,,,,,,0.923718,0,normal,0,0,0,0,,,
record_15_1_1779775709.wav,abnormal/others,摩擦,,,,,,0.999994,1,normal,0,0,0,0,,,
record_15_1_1779764939.wav,abnormal/others,摩擦,,,,,,0.992000,0,normal,0,0,0,0,,,
record_15_1_1779707986.wav,abnormal/others,摩擦,,,,,,0.782121,0,normal,0,0,0,0,,,
record_15_1_1779616329.wav,abnormal/bearing,轴承,0.811851,0.986613,0.943333,0.999998,0.500110,0.999998,1,BSF,1,1,1,0,,,
record_15_1_1779537351.wav,abnormal/bearing,轴承,0.999998,0.979715,1.000000,1.000000,0.501115,1.000000,1,bearing_unlocalized,0,1,1,0,,,
record_15_1_1779536865.wav,abnormal/others,爆量程,,,,,,0.999946,1,normal,0,0,0,0,,,
record_15_1_1779536447.wav,abnormal/bearing,轴承,1.000000,0.915688,0.996667,1.000000,0.502158,1.000000,1,BSF,1,1,1,0,,,
record_15_1_1779534909.wav,abnormal/bearing,轴承,0.840204,0.999745,0.983333,0.999999,0.500013,0.999999,1,normal,0,0,0,0,,,
record_15_1_1779524292.wav,abnormal/others,摩擦,,,,,,0.978540,0,normal,0,0,0,0,,,
record_15_1_1779523896.wav,abnormal/bearing,轴承,0.997405,0.999682,1.000000,1.000000,0.500231,1.000000,1,bearing_unlocalized,0,1,1,0,,,
record_15_1_1779523745.wav,abnormal/bearing,轴承-微弱,0.946656,0.998351,0.996667,1.000000,0.500846,1.000000,1,normal,0,0,0,0,,,
record_15_1_1779523324.wav,abnormal/bearing,轴承-微弱,0.845710,0.964271,0.990000,0.999999,0.500042,0.999999,1,bearing_unlocalized,0,1,1,0,,,
record_15_1_1779522551.wav,abnormal/bearing,轴承,0.998031,0.996593,1.000000,0.999999,0.500152,0.999999,1,bearing_unlocalized,0,1,1,0,,,
record_15_1_1779449399.wav,abnormal/bearing,轴承,0.772238,0.992856,0.760000,0.999482,0.500002,0.999482,0,normal,0,0,0,0,,,
record_15_1_1779446627.wav,abnormal/bearing,轴承,0.944570,0.777410,0.946667,0.999997,0.500014,0.999997,1,normal,0,0,0,0,,,
record_15_1_1779437350.wav,abnormal/bearing,轴承,0.992506,0.994697,1.000000,1.000000,0.500065,1.000000,1,normal,0,0,0,0,,,
record_15_1_1779436471.wav,abnormal/bearing,轴承,0.999992,0.992047,0.996667,0.999999,0.500742,0.999999,1,bearing_unlocalized,0,1,2,0,,,
record_15_1_1779429251.wav,abnormal/others,摩擦,,,,,,0.999995,1,bearing_unlocalized,0,1,1,0,,,
record_15_1_1779425719.wav,abnormal/bearing,轴承,0.995910,0.999638,1.000000,1.000000,0.500342,1.000000,1,bearing_unlocalized,0,1,1,0,,,
record_15_1_1779421041.wav,abnormal/others,摩擦,,,,,,0.999987,1,normal,0,0,0,0,,,
record_17_1_1779690297_b9eb8458.wav,abnormal/others,摩擦,,,,,,0.999998,1,normal,0,0,0,0,,,
record_17_1_1779689789_46e873e3.wav,abnormal/bearing,轴承,0.996745,0.998063,1.000000,1.000000,0.500132,1.000000,1,bearing_unlocalized,0,1,2,0,,,
record_17_1_1779687935_c3f609bb.wav,abnormal/others,摩擦,,,,,,1.000000,1,bearing_unlocalized,0,1,1,0,,,
record_17_1_1779679767_57dd513c.wav,abnormal/others,摩擦,,,,,,0.457087,0,normal,0,0,0,0,,,
record_17_1_1779676247_8be7a6d7.wav,abnormal/bearing,轴承,0.868086,0.998558,0.996667,1.000000,0.500021,1.000000,1,normal,0,0,0,0,,,
record_17_1_1779668567_c14a59c9.wav,abnormal/others,摩擦,,,,,,0.999944,1,normal,0,0,0,0,,,
record_17_1_1779617700_1353d520.wav,abnormal/others,摩擦,,,,,,1.000000,1,normal,0,0,0,0,,,
record_17_1_1779600409_d3785d86.wav,abnormal/bearing,轴承,0.999976,0.907602,0.973333,1.000000,0.500149,1.000000,1,normal,0,0,0,0,,,
record_17_1_1779593904_66496f11.wav,abnormal/others,摩擦,,,,,,0.999998,1,normal,0,0,0,0,,,
record_17_1_1779591670_93aab336.wav,abnormal/bearing,轴承,0.999993,0.957234,0.990000,1.000000,0.500316,1.000000,1,bearing_unlocalized,0,1,2,0,,,
record_17_1_1779585980_77298296.wav,abnormal/bearing,轴承,0.948203,0.781091,0.746667,0.999581,0.500016,0.999581,0,BSF,1,1,1,0,,,
record_17_1_1779585823_29592a21.wav,abnormal/bearing,轴承,0.999356,0.993604,0.996667,1.000000,0.500015,1.000000,1,normal,0,0,0,0,,,
record_17_1_1779584495_36d6c05e.wav,abnormal/bearing,轴承,0.969452,0.999639,1.000000,1.000000,0.500068,1.000000,1,normal,0,0,0,0,,,
record_17_1_1779583366_8b962e5d.wav,abnormal/bearing,轴承,0.866634,0.999980,1.000000,1.000000,0.500619,1.000000,1,normal,0,0,0,0,,,
record_17_1_1779446579_e4347df0.wav,abnormal/bearing,轴承,0.976643,0.987360,0.993333,1.000000,0.500041,1.000000,1,normal,0,0,0,0,,,
record_17_1_1779444905_fd8223f6.wav,abnormal/others,摩擦,,,,,,0.999726,0,normal,0,0,0,0,,,
record_17_1_1779440367_3abd2f37.wav,abnormal/bearing,轴承,0.995264,0.988484,0.973333,0.999993,0.500133,0.999993,1,bearing_unlocalized,0,1,1,0,,,
record_17_1_1779431432_dfe0e155.wav,abnormal/others,摩擦,,,,,,0.999996,1,normal,0,0,0,0,,,
record_17_1_1779429880_832ffda1.wav,abnormal/bearing,轴承,0.818283,0.998229,1.000000,1.000000,0.500009,1.000000,1,normal,0,0,0,0,,,
record_17_1_1779426298_4b7ad3fa.wav,abnormal/bearing,轴承,0.996765,0.996794,1.000000,1.000000,0.500081,1.000000,1,BSF,1,1,1,0,,,
record_17_1_1779425767_9220454c.wav,abnormal/bearing,轴承,0.731376,0.766027,0.690000,0.996221,0.500006,0.996221,0,bearing_unlocalized,0,1,1,0,,,
record_17_1_1779417657_e3680bc3.wav,abnormal/others,摩擦,,,,,,0.871247,0,normal,0,0,0,0,,,
record_17_1_1779417555_59cb69e7.wav,abnormal/bearing,轴承,0.999989,0.964104,1.000000,1.000000,0.500762,1.000000,1,BSF,1,1,3,0,,,
record_17_1_1779353158.wav,normal,17,0.018257,0.005944,0.000000,0.000000,0.500000,0.000000,0,normal,0,0,0,0,,,
record_15_1_1779352828.wav,abnormal/bearing,轴承,0.999981,0.970491,0.993333,1.000000,0.501385,1.000000,1,normal,0,0,0,0,,,
record_15_1_1779352229.wav,normal,15,0.020919,0.001675,0.006667,0.000000,0.500000,0.000000,0,normal,0,0,0,0,,,
record_17_1_1779352155.wav,normal,17,0.010517,0.001315,0.000000,0.000000,0.500000,0.000000,0,normal,0,0,0,0,,,
record_15_1_1779351495.wav,normal,15,0.025896,0.000780,0.000000,0.000000,0.500000,0.000000,0,normal,0,0,0,0,,,
record_17_1_1779350123.wav,normal,17,0.027136,0.000339,0.000000,0.000000,0.500000,0.000000,0,normal,0,0,0,0,,,
record_17_1_1779328239.wav,normal,17,0.041772,0.004765,0.000000,0.000044,0.500000,0.000044,0,normal,0,0,0,0,,,
record_15_1_1779327308.wav,normal,15,0.021763,0.001133,0.003333,0.000000,0.500000,0.000000,0,normal,0,0,0,0,,,
record_15_1_1779327102.wav,normal,15,0.026371,0.014795,0.183333,0.004025,0.500002,0.004025,0,normal,0,0,0,0,,,
record_17_1_1779326554.wav,normal,17,0.021452,0.027551,0.036667,0.000001,0.500001,0.000001,0,normal,0,0,0,0,,,
record_15_1_1779326123.wav,normal,15,0.024283,0.000440,0.000000,0.000000,0.500000,0.000000,0,normal,0,0,0,0,,,
record_15_1_1779325584.wav,normal,15,0.020835,0.001142,0.000000,0.000000,0.500000,0.000000,0,normal,0,0,0,0,,,
record_17_1_1779325427.wav,normal,17,0.024539,0.001377,0.000000,0.000000,0.500000,0.000000,0,normal,0,0,0,0,,,
record_17_1_1779324597.wav,normal,17,0.023889,0.004503,0.000000,0.000000,0.500000,0.000000,0,normal,0,0,0,0,,,
record_15_1_1779324516.wav,normal,15,0.016359,0.001064,0.000000,0.000000,0.500000,0.000000,0,normal,0,0,0,0,,,
record_15_1_1779324311.wav,normal,15,0.015469,0.000559,0.020000,0.000004,0.500000,0.000004,0,normal,0,0,0,0,,,
record_17_1_1779323838.wav,abnormal/others,17,,,,,,0.921676,0,normal,0,0,0,0,,,
record_17_1_1779271681.wav,normal,17,0.036503,0.000448,0.000000,0.000000,0.500000,0.000000,0,normal,0,0,0,0,,,
record_15_1_1779267176.wav,normal,15,0.028992,0.002005,0.000000,0.000000,0.500000,0.000000,0,normal,0,0,0,0,,,
record_17_1_1779265736.wav,normal,17,0.034513,0.001360,0.000000,0.000000,0.500000,0.000000,0,normal,0,0,0,0,,,
record_17_1_1779262602.wav,normal,17,0.173749,0.406157,0.403333,0.001735,0.500000,0.001735,0,normal,0,0,0,0,,,
record_15_1_1779262436.wav,normal,15,0.013582,0.000475,0.000000,0.000000,0.500000,0.000000,0,normal,0,0,0,0,,,
record_17_1_1779163540.wav,normal,17,0.059828,0.010885,0.003333,0.000004,0.500000,0.000004,0,normal,0,0,0,0,,,
record_17_1_1779159482.wav,normal,17,0.016856,0.001802,0.016667,0.000000,0.500000,0.000000,0,normal,0,0,0,0,,,
record_17_1_1779156846.wav,normal,17,0.049685,0.002009,0.003333,0.000000,0.500000,0.000000,0,normal,0,0,0,0,,,
record_17_1_1779155804.wav,abnormal/bearing,轴承,0.211856,0.484225,0.876667,0.999992,0.500004,0.999992,1,bearing_unlocalized,0,1,1,0,,,
record_17_1_1779154622.wav,normal,17,0.024748,0.016156,0.056667,0.000004,0.500002,0.000004,0,normal,0,0,0,0,,,
record_17_1_1779153601.wav,normal,17,0.030896,0.028059,0.040000,0.000002,0.500001,0.000002,0,normal,0,0,0,0,,,
record_17_1_1779153459.wav,abnormal/others,17,,,,,,0.006675,0,normal,0,0,0,0,,,
record_17_1_1779150937.wav,normal,17,0.014508,0.000708,0.050000,0.000000,0.500000,0.000000,0,normal,0,0,0,0,,,
record_17_1_1779149195.wav,normal,17,0.084597,0.030659,0.000000,0.000001,0.500000,0.000001,0,normal,0,0,0,0,,,
record_15_1_1779106408.wav,normal,15,0.041898,0.004615,0.000000,0.000000,0.500000,0.000000,0,normal,0,0,0,0,,,
record_17_1_1779106065.wav,normal,17,0.053035,0.001425,0.000000,0.000000,0.500000,0.000000,0,normal,0,0,0,0,,,
record_17_1_1779103313.wav,normal,17,0.063102,0.032237,0.010000,0.000041,0.500000,0.000041,0,normal,0,0,0,0,,,
record_17_1_1779102974.wav,normal,17,0.064956,0.011154,0.130000,0.000031,0.500001,0.000031,0,normal,0,0,0,0,,,
record_17_1_1779100854.wav,normal,17,0.083771,0.375420,0.020000,0.000000,0.500000,0.000000,0,normal,0,0,0,0,,,
record_17_1_1779100835.wav,normal,17,0.044890,0.002162,0.000000,0.000000,0.500000,0.000000,0,normal,0,0,0,0,,,
record_15_1_1779100256.wav,normal,15,0.026722,0.002879,0.000000,0.000000,0.500000,0.000000,0,normal,0,0,0,0,,,
record_17_1_1779100109.wav,abnormal/others,17,,,,,,0.808266,0,normal,0,0,0,0,,,
record_17_1_1779094978.wav,abnormal/bearing,轴承,0.854634,0.992847,0.986667,1.000000,0.500022,1.000000,1,normal,0,0,0,0,,,
record_17_1_1779094013.wav,normal,17,0.050953,0.003174,0.000000,0.000000,0.500000,0.000000,0,normal,0,0,0,0,,,
record_17_1_1779093447.wav,abnormal/others,摩擦,,,,,,0.002996,0,normal,0,0,0,0,,,
record_17_1_1779092707.wav,normal,17,0.109558,0.022629,0.000000,0.000004,0.500000,0.000004,0,normal,0,0,0,0,,,
record_15_1_1779090934.wav,normal,15,0.041205,0.001662,0.000000,0.000000,0.500000,0.000000,0,normal,0,0,0,0,,,
record_17_1_1779087508.wav,normal,17,0.025906,0.016688,0.020000,0.000000,0.500000,0.000000,0,normal,0,0,0,0,,,
record_15_1_1779087088.wav,abnormal/others,摩擦,,,,,,0.000136,0,normal,0,0,0,0,,,
record_15_1_1779086242.wav,normal,15,0.016862,0.005550,0.006667,0.000000,0.500000,0.000000,0,normal,0,0,0,0,,,
record_17_1_1779086117.wav,normal,17,0.053495,0.044075,0.066667,0.000024,0.500000,0.000024,0,normal,0,0,0,0,,,
record_17_1_1779085844.wav,normal,17,0.030566,0.002314,0.000000,0.000000,0.500000,0.000000,0,normal,0,0,0,0,,,
record_17_1_1779085625.wav,normal,17,0.048858,0.005895,0.003333,0.000000,0.500000,0.000000,0,normal,0,0,0,0,,,
record_15_1_1779084984.wav,normal,,0.051055,0.046895,0.180000,0.000028,0.500122,0.000028,0,normal,0,0,0,0,,,
record_17_1_1779084384.wav,normal,17,0.034906,0.006045,0.013333,0.000001,0.500000,0.000001,0,normal,0,0,0,0,,,
record_17_1_1779084313.wav,normal,17,0.046544,0.006190,0.006667,0.000000,0.500000,0.000000,0,normal,0,0,0,0,,,
record_17_1_1779075690.wav,normal,17,0.077588,0.014950,0.000000,0.000000,0.500000,0.000000,0,normal,0,0,0,0,,,
record_17_1_1779075210.wav,normal,17,0.024552,0.001938,0.000000,0.000001,0.500000,0.000001,0,normal,0,0,0,0,,,
record_15_1_1779072445.wav,normal,15,0.015931,0.000153,0.003333,0.000000,0.500000,0.000000,0,normal,0,0,0,0,,,
record_17_1_1779071771.wav,normal,17,0.023140,0.004543,0.000000,0.000000,0.500000,0.000000,0,normal,0,0,0,0,,,
record_17_1_1779071556.wav,normal,17,0.023451,0.002211,0.000000,0.000000,0.500000,0.000000,0,normal,0,0,0,0,,,
record_17_1_1779071280.wav,normal,17,0.020169,0.000960,0.000000,0.000000,0.500000,0.000000,0,normal,0,0,0,0,,,
record_15_1_1779070737.wav,normal,15,0.090177,0.030528,0.003333,0.000002,0.500000,0.000002,0,normal,0,0,0,0,,,
record_17_1_1778986044.wav,normal,17,0.018697,0.004581,0.020000,0.000001,0.500000,0.000001,0,normal,0,0,0,0,,,
record_17_1_1778984645.wav,normal,17,0.121986,0.053943,0.070000,0.000130,0.500000,0.000130,0,normal,0,0,0,0,,,
record_17_1_1778984306.wav,normal,17,0.115242,0.083672,0.010000,0.000001,0.500000,0.000001,0,BPFI,1,1,1,0,,,
record_17_1_1778984059.wav,normal,17,0.022257,0.000319,0.000000,0.000001,0.500000,0.000001,0,normal,0,0,0,0,,,
record_17_1_1778980404.wav,normal,17,0.069811,0.023129,0.000000,0.000000,0.500000,0.000000,0,normal,0,0,0,0,,,
record_15_1_1778978470.wav,normal,15,0.024342,0.001208,0.000000,0.000000,0.500000,0.000000,0,normal,0,0,0,0,,,
record_15_1_1778977655.wav,normal,15,0.021595,0.000344,0.010000,0.000000,0.500000,0.000000,0,normal,0,0,0,0,,,
record_17_1_1778977407.wav,abnormal/others,17,,,,,,0.990823,0,normal,0,0,0,0,,,
record_15_1_1778931232.wav,abnormal/bearing,轴承,0.969127,0.975803,1.000000,1.000000,0.500198,1.000000,1,BSF,1,1,2,0,,,
record_15_1_1778931132.wav,normal,15,0.011267,0.000679,0.000000,0.000000,0.500000,0.000000,0,normal,0,0,0,0,,,
record_17_1_1778928657.wav,normal,17,0.026441,0.049901,0.000000,0.000000,0.500000,0.000000,0,normal,0,0,0,0,,,
record_17_1_1778927943.wav,normal,17,0.034126,0.000842,0.000000,0.000000,0.500000,0.000000,0,normal,0,0,0,0,,,
record_17_1_1778921804.wav,normal,17,0.034817,0.004872,0.003333,0.000000,0.500000,0.000000,0,normal,0,0,0,0,,,
record_15_1_1778921221.wav,normal,15,0.023310,0.001703,0.000000,0.000000,0.500001,0.000000,0,normal,0,0,0,0,,,
record_17_1_1778920453.wav,normal,17,0.020242,0.000876,0.000000,0.000000,0.500000,0.000000,0,normal,0,0,0,0,,,
record_15_1_1778920292.wav,normal,15,0.017017,0.000710,0.000000,0.000000,0.500000,0.000000,0,normal,0,0,0,0,,,
record_15_1_1778913110.wav,normal,15,0.017274,0.000602,0.013333,0.000000,0.500000,0.000000,0,normal,0,0,0,0,,,
record_17_1_1778912999.wav,normal,17,0.089917,0.025492,0.003333,0.000014,0.500001,0.000014,0,normal,0,0,0,0,,,
record_17_1_1778912877.wav,normal,17,0.009537,0.057800,0.140000,0.000003,0.500001,0.000003,0,normal,0,0,0,0,,,
record_17_1_1778911913.wav,normal,17,0.056353,0.063709,0.396667,0.938198,0.500002,0.938198,0,normal,0,0,0,0,,,
record_15_1_1778909699.wav,normal,15,0.012942,0.001792,0.000000,0.000000,0.500000,0.000000,0,normal,0,0,0,0,,,
record_15_1_1778908222.wav,normal,15,0.031381,0.001510,0.000000,0.000000,0.500000,0.000000,0,normal,0,0,0,0,,,
record_15_1_1778903134.wav,normal,15,0.097412,0.013467,0.000000,0.000000,0.500000,0.000000,0,normal,0,0,0,0,,,
record_17_1_1778903043.wav,normal,17,0.110037,0.036156,0.000000,0.000001,0.500000,0.000001,0,normal,0,0,0,0,,,
record_15_1_1778902804.wav,normal,15,0.026692,0.003650,0.000000,0.000000,0.500000,0.000000,0,normal,0,0,0,0,,,
record_15_1_1778902431.wav,normal,15,0.027541,0.010832,0.003333,0.000006,0.500000,0.000006,0,normal,0,0,0,0,,,
record_17_1_1778901937.wav,normal,17,0.045739,0.002585,0.000000,0.000000,0.500000,0.000000,0,normal,0,0,0,0,,,
record_15_1_1778901729.wav,normal,15,0.114921,0.756242,0.080000,0.000011,0.500001,0.000011,0,normal,0,0,0,0,,,
record_15_1_1778900929.wav,normal,15,0.026988,0.003338,0.000000,0.000000,0.500000,0.000000,0,normal,0,0,0,0,,,
record_15_1_1778900084.wav,normal,15,0.025196,0.001326,0.000000,0.000000,0.500000,0.000000,0,normal,0,0,0,0,,,
record_17_1_1778899038.wav,normal,17,0.028588,0.011456,0.136667,0.000002,0.500001,0.000002,0,normal,0,0,0,0,,,
record_17_1_1778895360.wav,normal,17,0.018397,0.000111,0.000000,0.000000,0.500000,0.000000,0,normal,0,0,0,0,,,
record_17_1_1778893383.wav,normal,17,0.028195,0.001012,0.000000,0.000000,0.500000,0.000000,0,normal,0,0,0,0,,,
record_15_1_1778891717.wav,abnormal/bearing,轴承,0.152643,0.717843,0.650000,0.988762,0.500025,0.988762,0,normal,0,0,0,0,,,
record_17_1_1778848361.wav,normal,17,0.017829,0.000751,0.000000,0.000000,0.500000,0.000000,0,normal,0,0,0,0,,,
record_15_1_1778848117.wav,abnormal/others,15,,,,,,0.000000,0,normal,0,0,0,0,,,
record_15_1_1778846987.wav,abnormal/bearing,轴承,0.999988,0.890820,0.946667,1.000000,0.500867,1.000000,1,normal,0,0,0,0,,,
record_15_1_1778846494.wav,normal,15,0.022907,0.011397,0.006667,0.000000,0.500000,0.000000,0,normal,0,0,0,0,,,
record_17_1_1778845381.wav,normal,17,0.036833,0.001109,0.000000,0.000000,0.500000,0.000000,0,normal,0,0,0,0,,,
record_17_1_1778843488.wav,normal,17,0.019058,0.001029,0.000000,0.000000,0.500000,0.000000,0,normal,0,0,0,0,,,
record_17_1_1778842187.wav,normal,17,0.019386,0.001202,0.000000,0.000000,0.500000,0.000000,0,normal,0,0,0,0,,,
record_15_1_1778842037.wav,normal,15,0.108278,0.439333,0.163333,0.000031,0.990413,0.000031,0,normal,0,0,0,0,,,
record_15_1_1778841953.wav,normal,15,0.056877,0.004510,0.000000,0.000000,0.500000,0.000000,0,normal,0,0,0,0,,,
record_15_1_1778841411.wav,normal,15,0.013329,0.001423,0.000000,0.000000,0.500000,0.000000,0,normal,0,0,0,0,,,
record_15_1_1778839164.wav,abnormal/others,15,,,,,,0.000008,0,normal,0,0,0,0,,,
record_15_1_1778835204.wav,normal,15,0.021990,0.001960,0.000000,0.000000,0.500000,0.000000,0,normal,0,0,0,0,,,
record_17_1_1778831874.wav,normal,17,0.035762,0.006325,0.000000,0.000000,0.500000,0.000000,0,normal,0,0,0,0,,,
record_15_1_1778831720.wav,normal,15,0.027841,0.020321,0.020000,0.000176,0.500000,0.000176,0,normal,0,0,0,0,,,
record_15_1_1778831368.wav,normal,15,0.015125,0.358044,0.143333,0.000001,0.570713,0.000001,0,normal,0,0,0,0,,,
record_15_1_1778830284.wav,normal,15,0.044878,0.009104,0.003333,0.000000,0.500000,0.000000,0,normal,0,0,0,0,,,
record_17_1_1778828233.wav,normal,17,0.038863,0.006206,0.006667,0.000000,0.500000,0.000000,0,normal,0,0,0,0,,,
record_17_1_1778827393.wav,normal,17,0.068244,0.002061,0.000000,0.000001,0.500000,0.000001,0,normal,0,0,0,0,,,
record_17_1_1778826643.wav,normal,17,0.034262,0.001832,0.000000,0.000000,0.500000,0.000000,0,normal,0,0,0,0,,,
record_17_1_1778826541.wav,abnormal/bearing,轴承,0.969842,0.996234,0.893333,0.999998,0.500020,0.999998,1,normal,0,0,0,0,,,
record_15_1_1778826451.wav,normal,15,0.027445,0.011776,0.006667,0.000000,0.500000,0.000000,0,normal,0,0,0,0,,,
record_15_1_1778825760.wav,normal,15,0.025087,0.000589,0.000000,0.000000,0.500000,0.000000,0,normal,0,0,0,0,,,
record_15_1_1778820991.wav,normal,15,0.038106,0.001074,0.000000,0.000000,0.500000,0.000000,0,normal,0,0,0,0,,,
record_15_1_1778815232.wav,normal,15,0.026023,0.007775,0.000000,0.000000,0.500000,0.000000,0,normal,0,0,0,0,,,
record_17_1_1778813435.wav,normal,17,0.043231,0.004911,0.000000,0.000000,0.500000,0.000000,0,normal,0,0,0,0,,,
record_15_1_1778811612.wav,normal,15,0.020773,0.000354,0.000000,0.000000,0.500000,0.000000,0,normal,0,0,0,0,,,
record_15_1_1778808503.wav,normal,15,0.008649,0.000028,0.000000,0.000000,0.500000,0.000000,0,normal,0,0,0,0,,,
record_15_1_1778806631.wav,normal,15,0.030238,0.000389,0.000000,0.000000,0.500000,0.000000,0,normal,0,0,0,0,,,
record_15_1_1778805817.wav,normal,15,0.019388,0.000217,0.000000,0.000000,0.500000,0.000000,0,normal,0,0,0,0,,,
record_15_1_1778805798.wav,abnormal/others,15,,,,,,0.000287,0,normal,0,0,0,0,,,
record_15_1_1778805685.wav,normal,15,0.017576,0.000679,0.000000,0.000000,0.500000,0.000000,0,normal,0,0,0,0,,,
record_17_1_1778805138.wav,normal,17,0.019850,0.000905,0.000000,0.000000,0.500000,0.000000,0,normal,0,0,0,0,,,
record_15_1_1778804399.wav,normal,15,0.045324,0.005479,0.000000,0.000000,0.500000,0.000000,0,normal,0,0,0,0,,,
record_17_1_1778760811.wav,normal,17,0.036756,0.004701,0.093333,0.000006,0.500001,0.000006,0,normal,0,0,0,0,,,
record_17_1_1778757677.wav,normal,17,0.092319,0.091574,0.073333,0.000022,0.500000,0.000022,0,normal,0,0,0,0,,,
record_15_1_1778753360.wav,normal,15,0.030984,0.001092,0.000000,0.000000,0.500000,0.000000,0,normal,0,0,0,0,,,
record_17_1_1778748988.wav,normal,17,0.034154,0.001920,0.000000,0.000000,0.500000,0.000000,0,normal,0,0,0,0,,,
record_15_1_1778748858.wav,normal,15,0.048749,0.009220,0.003333,0.000000,0.500000,0.000000,0,normal,0,0,0,0,,,
record_15_1_1778745836.wav,normal,15,0.013912,0.010472,0.000000,0.000000,0.500000,0.000000,0,normal,0,0,0,0,,,
record_17_1_1778743791.wav,normal,17,0.021152,0.000349,0.000000,0.000000,0.500000,0.000000,0,normal,0,0,0,0,,,
record_15_1_1778742993.wav,normal,15,0.027287,0.012862,0.033333,0.000001,0.500000,0.000001,0,normal,0,0,0,0,,,
record_17_1_1778740227.wav,normal,17,0.037406,0.007994,0.003333,0.000000,0.500000,0.000000,0,normal,0,0,0,0,,,
record_15_1_1778739617.wav,normal,15,0.024159,0.000449,0.000000,0.000000,0.500000,0.000000,0,normal,0,0,0,0,,,
record_17_1_1778738837.wav,normal,17,0.045563,0.005110,0.223333,0.000008,0.500000,0.000008,0,normal,0,0,0,0,,,
record_17_1_1778737167.wav,normal,17,0.039366,0.028699,0.000000,0.000000,0.500000,0.000000,0,normal,0,0,0,0,,,
record_15_1_1778737166.wav,normal,15,0.022063,0.002084,0.000000,0.000000,0.500000,0.000000,0,normal,0,0,0,0,,,
record_17_1_1778730050.wav,normal,17,0.089779,0.108298,0.020000,0.000148,0.500000,0.000148,0,normal,0,0,0,0,,,
record_17_1_1778729591.wav,normal,17,0.058869,0.010313,0.000000,0.000000,0.500000,0.000000,0,normal,0,0,0,0,,,
record_15_1_1778725626.wav,normal,15,0.091228,0.025767,0.003333,0.000000,0.500000,0.000000,0,normal,0,0,0,0,,,
record_17_1_1778723441.wav,normal,17,0.016159,0.402861,0.446667,0.000304,0.501217,0.000304,0,normal,0,0,0,0,,,
record_15_1_1778723301.wav,normal,15,0.022716,0.000985,0.000000,0.000000,0.500000,0.000000,0,normal,0,0,0,0,,,
record_17_1_1778722280.wav,normal,17,0.049808,0.004351,0.000000,0.000000,0.500000,0.000000,0,normal,0,0,0,0,,,
record_17_1_1778721779.wav,normal,17,0.043948,0.000481,0.000000,0.000000,0.500000,0.000000,0,normal,0,0,0,0,,,
record_15_1_1778721495.wav,normal,15,0.026108,0.002547,0.003333,0.000000,0.500000,0.000000,0,normal,0,0,0,0,,,
record_15_1_1778721449.wav,abnormal/others,摩擦,,,,,,0.049246,0,normal,0,0,0,0,,,
record_17_1_1778721076.wav,normal,17,0.131306,0.460886,0.673333,0.199568,0.500004,0.199568,0,normal,0,0,0,0,,,
record_15_1_1778721075.wav,normal,15,0.043251,0.093043,0.076667,0.000013,0.500001,0.000013,0,normal,0,0,0,0,,,
record_15_1_1778720777.wav,normal,15,0.068082,0.021702,0.006667,0.000000,0.500000,0.000000,0,normal,0,0,0,0,,,
record_17_1_1778720548.wav,normal,17,0.138684,0.022206,0.016667,0.000000,0.500000,0.000000,0,normal,0,0,0,0,,,
record_15_1_1778720369.wav,normal,15,0.014769,0.013563,0.000000,0.000000,0.500000,0.000000,0,normal,0,0,0,0,,,
record_17_1_1778718026.wav,normal,17,0.063089,0.008192,0.000000,0.000000,0.500000,0.000000,0,normal,0,0,0,0,,,
record_17_1_1778717683.wav,normal,17,0.032405,0.045278,0.043333,0.000009,0.500000,0.000009,0,normal,0,0,0,0,,,
record_15_1_1778717648.wav,normal,15,0.032033,0.025768,0.013333,0.000000,0.500000,0.000000,0,normal,0,0,0,0,,,
record_17_1_1778668542.wav,normal,17,0.033708,0.002071,0.000000,0.000000,0.500000,0.000000,0,normal,0,0,0,0,,,
record_17_1_1778668380.wav,normal,17,0.077578,0.014122,0.003333,0.000040,0.500000,0.000040,0,normal,0,0,0,0,,,
record_15_1_1778655199.wav,normal,15,0.033365,0.003292,0.016667,0.000000,0.500000,0.000000,0,normal,0,0,0,0,,,
record_15_1_1778652139.wav,normal,15,0.093418,0.039983,0.000000,0.000002,0.500000,0.000002,0,normal,0,0,0,0,,,
record_15_1_1778652120.wav,normal,15,0.250993,0.477208,0.193333,0.001668,0.627058,0.001668,0,normal,0,0,0,0,,,
record_15_1_1779354505.wav,normal,15,0.024187,0.009937,0.006667,0.000000,0.500000,0.000000,0,normal,0,0,0,0,,,
record_15_1_1779354195.wav,normal,15,0.011808,0.003500,0.000000,0.000000,0.500000,0.000000,0,normal,0,0,0,0,,,
record_17_1_1779353080.wav,abnormal/others,17,,,,,,0.962292,0,normal,0,0,0,0,,,
record_17_1_1779351546.wav,normal,17,0.021747,0.015893,0.006667,0.000000,0.500000,0.000000,0,normal,0,0,0,0,,,
record_15_1_1779351281.wav,normal,15,0.008241,0.000167,0.000000,0.000000,0.500000,0.000000,0,normal,0,0,0,0,,,
record_15_1_1779350231.wav,normal,15,0.033174,0.242931,0.020000,0.000002,0.500000,0.000002,0,normal,0,0,0,0,,,
record_17_1_1779327330.wav,normal,17,0.023185,0.000814,0.000000,0.000000,0.500000,0.000000,0,normal,0,0,0,0,,,
record_17_1_1779327127.wav,normal,正常,0.023036,0.004660,0.000000,0.000000,0.500000,0.000000,0,normal,0,0,0,0,,,
record_17_1_1779327020.wav,normal,正常,0.003705,0.537183,0.173333,0.000000,0.551314,0.000000,0,normal,0,0,0,0,,,
record_15_1_1779326397.wav,normal,正常,0.010660,0.000074,0.000000,0.000000,0.500000,0.000000,0,normal,0,0,0,0,,,
record_15_1_1779325771.wav,normal,正常,0.020881,0.000673,0.000000,0.000000,0.500000,0.000000,0,normal,0,0,0,0,,,
record_17_1_1779324105.wav,normal,正常,0.055496,0.020410,0.076667,0.000000,0.500003,0.000000,0,normal,0,0,0,0,,,
record_17_1_1779323872.wav,abnormal/others,17摩擦,,,,,,0.999989,1,normal,0,0,0,0,,,
record_15_1_1779323671.wav,normal,正常,0.006671,0.000048,0.000000,0.000000,0.500000,0.000000,0,normal,0,0,0,0,,,
record_15_1_1779272781.wav,normal,正常,0.014032,0.000830,0.000000,0.000000,0.500000,0.000000,0,normal,0,0,0,0,,,
record_17_1_1779272545.wav,normal,正常,0.030775,0.000298,0.000000,0.000000,0.500000,0.000000,0,normal,0,0,0,0,,,
record_17_1_1779272010.wav,normal,正常,0.022401,0.000896,0.000000,0.000000,0.500000,0.000000,0,normal,0,0,0,0,,,
record_17_1_1779270789.wav,normal,正常,0.147906,0.269951,0.006667,0.000000,0.500000,0.000000,0,normal,0,0,0,0,,,
record_17_1_1779267677.wav,normal,正常,0.035311,0.000891,0.000000,0.000000,0.500000,0.000000,0,normal,0,0,0,0,,,
record_17_1_1779267177.wav,abnormal/others,摩擦,,,,,,0.993308,0,normal,0,0,0,0,,,
record_17_1_1779267145.wav,normal,正常,0.053126,0.029826,0.146667,0.000014,0.500000,0.000014,0,normal,0,0,0,0,,,
record_17_1_1779266913.wav,normal,正常,0.035707,0.011509,0.006667,0.000000,0.500000,0.000000,0,BPFO,1,1,1,1,,,
record_17_1_1779259447.wav,normal,正常,0.039175,0.000804,0.000000,0.000000,0.500000,0.000000,0,normal,0,0,0,0,,,
record_17_1_1779257909.wav,normal,正常,0.007683,0.000283,0.000000,0.000000,0.500000,0.000000,0,normal,0,0,0,0,,,
record_15_1_1779158029.wav,normal,正常,0.015907,0.000288,0.000000,0.000000,0.500000,0.000000,0,normal,0,0,0,0,,,
record_17_1_1779156884.wav,normal,正常,0.013433,0.000050,0.000000,0.000000,0.500000,0.000000,0,normal,0,0,0,0,,,
record_17_1_1779151628.wav,normal,正常,0.038587,0.001442,0.003333,0.000000,0.500000,0.000000,0,normal,0,0,0,0,,,
record_17_1_1779151589.wav,normal,正常,0.016206,0.000565,0.000000,0.000000,0.500000,0.000000,0,normal,0,0,0,0,,,
record_15_1_1779106618.wav,normal,正常,0.030678,0.022690,0.016667,0.000000,0.500001,0.000000,0,normal,0,0,0,0,,,
record_17_1_1779102121.wav,normal,正常,0.130168,0.023347,0.003333,0.000004,0.500000,0.000004,0,normal,0,0,0,0,,,
record_15_1_1779101910.wav,normal,正常,0.076290,0.058276,0.026667,0.000001,0.500000,0.000001,0,normal,0,0,0,0,,,
record_15_1_1779100355.wav,normal,正常,0.011895,0.000030,0.000000,0.000000,0.500000,0.000000,0,normal,0,0,0,0,,,
record_17_1_1779100015.wav,normal,正常,0.013837,0.023988,0.003333,0.000000,0.500000,0.000000,0,normal,0,0,0,0,,,
record_15_1_1779099231.wav,normal,正常,0.042291,0.003378,0.036667,0.000137,0.500000,0.000137,0,normal,0,0,0,0,,,
record_17_1_1779097939.wav,normal,正常,0.061269,0.010059,0.010000,0.000002,0.500000,0.000002,0,normal,0,0,0,0,,,
record_17_1_1779092455.wav,normal,正常,0.061901,0.009776,0.023333,0.000007,0.500000,0.000007,0,normal,0,0,0,0,,,
record_15_1_1779091971.wav,normal,正常,0.214781,0.227086,0.026667,0.000001,0.500000,0.000001,0,normal,0,0,0,0,,,
record_15_1_1779091344.wav,normal,正常,0.066902,0.005931,0.000000,0.000000,0.500000,0.000000,0,normal,0,0,0,0,,,
record_15_1_1779091291.wav,normal,正常,0.024982,0.000523,0.000000,0.000000,0.500000,0.000000,0,normal,0,0,0,0,,,
record_15_1_1779089787.wav,normal,正常,0.020320,0.000787,0.000000,0.000000,0.500000,0.000000,0,normal,0,0,0,0,,,
record_15_1_1779087410.wav,normal,正常,0.015139,0.000520,0.000000,0.000000,0.500000,0.000000,0,normal,0,0,0,0,,,
record_17_1_1779087317.wav,abnormal/others,摩擦,,,,,,0.999173,0,bearing_unlocalized,0,1,1,0,,,
record_17_1_1779087135.wav,normal,正常,0.043919,0.000916,0.000000,0.000000,0.500000,0.000000,0,normal,0,0,0,0,,,
record_15_1_1779085715.wav,abnormal/bearing,轴承,0.544515,0.446677,0.770000,0.999557,0.500009,0.999557,0,normal,0,0,0,0,,,
record_17_1_1779085583.wav,normal,正常,0.021126,0.001275,0.000000,0.000000,0.500000,0.000000,0,normal,0,0,0,0,,,
record_15_1_1779084615.wav,normal,正常,0.017403,0.000368,0.000000,0.000000,0.500000,0.000000,0,normal,0,0,0,0,,,
record_17_1_1779084572.wav,normal,正常,0.124281,0.100231,0.173333,0.000005,0.500000,0.000005,0,normal,0,0,0,0,,,
record_15_1_1779083242.wav,normal,正常,0.019294,0.000300,0.000000,0.000000,0.500000,0.000000,0,normal,0,0,0,0,,,
record_15_1_1779080202.wav,abnormal/others,摩擦,,,,,,0.009263,0,normal,0,0,0,0,,,
record_17_1_1779075459.wav,normal,正常,0.049169,0.012696,0.073333,0.000177,0.500000,0.000177,0,normal,0,0,0,0,,,
record_17_1_1779073675.wav,normal,正常,0.019383,0.000495,0.000000,0.000000,0.500000,0.000000,0,normal,0,0,0,0,,,
record_17_1_1778986737.wav,normal,正常,0.030395,0.002796,0.000000,0.000000,0.500000,0.000000,0,normal,0,0,0,0,,,
record_15_1_1778984966.wav,normal,正常,0.021261,0.001217,0.000000,0.000000,0.500000,0.000000,0,normal,0,0,0,0,,,
record_15_1_1778984808.wav,normal,正常,0.020279,0.000859,0.000000,0.000000,0.500000,0.000000,0,normal,0,0,0,0,,,
record_17_1_1778984782.wav,normal,17,0.022014,0.001492,0.000000,0.000000,0.500000,0.000000,0,normal,0,0,0,0,,,
record_17_1_1778984187.wav,normal,17,0.027802,0.000617,0.000000,0.000000,0.500000,0.000000,0,normal,0,0,0,0,,,
record_15_1_1778982497.wav,normal,正常,0.017432,0.000526,0.000000,0.000000,0.500000,0.000000,0,normal,0,0,0,0,,,
record_17_1_1778981745.wav,normal,正常,0.025534,0.007873,0.000000,0.000000,0.500000,0.000000,0,normal,0,0,0,0,,,
record_17_1_1778980907.wav,normal,正常,0.036664,0.001527,0.000000,0.000000,0.500000,0.000000,0,normal,0,0,0,0,,,
record_15_1_1778980486.wav,normal,正常,0.022705,0.000216,0.000000,0.000000,0.500000,0.000000,0,normal,0,0,0,0,,,
record_15_1_1778979569.wav,normal,正常,0.017701,0.001285,0.000000,0.000000,0.500000,0.000000,0,normal,0,0,0,0,,,
record_15_1_1778979289.wav,normal,正常,0.029164,0.009792,0.103333,0.000000,0.500008,0.000000,0,normal,0,0,0,0,,,
record_15_1_1778978104.wav,normal,正常,0.625373,0.586675,0.326667,0.000437,0.998792,0.000437,0,normal,0,0,0,0,,,
record_17_1_1778976878.wav,normal,正常,0.024855,0.000552,0.000000,0.000000,0.500000,0.000000,0,normal,0,0,0,0,,,
record_15_1_1778932656.wav,abnormal/others,摩擦,,,,,,0.000324,0,normal,0,0,0,0,,,
record_17_1_1778930637.wav,normal,正常,0.030027,0.000801,0.000000,0.000000,0.500000,0.000000,0,normal,0,0,0,0,,,
record_17_1_1778929638.wav,normal,正常,0.047441,0.005399,0.000000,0.000000,0.500000,0.000000,0,normal,0,0,0,0,,,
record_15_1_1778928011.wav,normal,正常,0.024504,0.006563,0.000000,0.000000,0.500000,0.000000,0,normal,0,0,0,0,,,
record_15_1_1778927889.wav,normal,正常,0.026692,0.001779,0.023333,0.000005,0.500000,0.000005,0,normal,0,0,0,0,,,
record_17_1_1778922483.wav,normal,正常,0.080931,0.019533,0.010000,0.000001,0.500000,0.000001,0,normal,0,0,0,0,,,
record_15_1_1778921823.wav,normal,正常,0.060693,0.023596,0.003333,0.000000,0.500000,0.000000,0,normal,0,0,0,0,,,
record_15_1_1778919152.wav,normal,正常,0.026976,0.000475,0.000000,0.000000,0.500000,0.000000,0,normal,0,0,0,0,,,
record_17_1_1778918883.wav,normal,正常,0.020414,0.002175,0.000000,0.000000,0.500000,0.000000,0,normal,0,0,0,0,,,
record_17_1_1778918126.wav,normal,正常,0.048431,0.006101,0.000000,0.000001,0.500000,0.000001,0,normal,0,0,0,0,,,
record_17_1_1778909369.wav,normal,正常,0.022459,0.004850,0.000000,0.000000,0.500000,0.000000,0,normal,0,0,0,0,,,
record_15_1_1778908100.wav,normal,正常,0.015984,0.330272,0.296667,0.000048,0.500067,0.000048,0,normal,0,0,0,0,,,
record_15_1_1778907331.wav,normal,正常,0.017577,0.000366,0.000000,0.000000,0.500000,0.000000,0,normal,0,0,0,0,,,
record_17_1_1778898808.wav,abnormal/bearing,轴承,0.916822,0.987302,0.873333,0.999994,0.500351,0.999994,1,BSF,1,1,1,0,,,
record_17_1_1778898745.wav,normal,正常,0.049994,0.003310,0.000000,0.000000,0.500000,0.000000,0,normal,0,0,0,0,,,
record_17_1_1778898578.wav,normal,正常,0.073228,0.003364,0.016667,0.000000,0.500000,0.000000,0,normal,0,0,0,0,,,
record_15_1_1778893303.wav,normal,正常,0.015066,0.000556,0.000000,0.000000,0.500000,0.000000,0,normal,0,0,0,0,,,
record_15_1_1778891870.wav,normal,正常,0.037522,0.001843,0.000000,0.000001,0.500000,0.000001,0,normal,0,0,0,0,,,
record_17_1_1778890291.wav,abnormal/bearing,轴承,1.000000,0.764371,0.970000,0.999999,0.511909,0.999999,1,bearing_unlocalized,0,1,2,0,,,
record_15_1_1778848525.wav,normal,正常,0.019059,0.127439,0.083333,0.000406,0.987728,0.000406,0,normal,0,0,0,0,,,
record_15_1_1778847928.wav,normal,正常,0.021328,0.000484,0.000000,0.000000,0.500000,0.000000,0,normal,0,0,0,0,,,
record_15_1_1778847896.wav,normal,正常,0.036371,0.001791,0.000000,0.000000,0.500000,0.000000,0,normal,0,0,0,0,,,
record_15_1_1778847851.wav,normal,正常,0.989014,0.727600,0.133333,0.000564,0.994020,0.000564,0,normal,0,0,0,0,,,
record_17_1_1778845867.wav,normal,正常,0.030228,0.000871,0.003333,0.000000,0.500000,0.000000,0,normal,0,0,0,0,,,
record_17_1_1778843720.wav,normal,正常,0.022582,0.002236,0.000000,0.000000,0.500000,0.000000,0,normal,0,0,0,0,,,
record_17_1_1778843601.wav,normal,正常,0.024052,0.000520,0.000000,0.000000,0.500000,0.000000,0,normal,0,0,0,0,,,
record_15_1_1778843487.wav,normal,正常,0.021442,0.001458,0.006667,0.000000,0.500000,0.000000,0,normal,0,0,0,0,,,
record_17_1_1778843176.wav,normal,正常,0.047153,0.010402,0.000000,0.000000,0.500000,0.000000,0,normal,0,0,0,0,,,
record_15_1_1778841071.wav,normal,正常,0.043447,0.049593,0.110000,0.000014,0.500002,0.000014,0,normal,0,0,0,0,,,
record_17_1_1778839398.wav,normal,正常,0.023704,0.002699,0.000000,0.000000,0.500000,0.000000,0,normal,0,0,0,0,,,
record_15_1_1778839266.wav,normal,正常,0.023409,0.002403,0.000000,0.000000,0.500000,0.000000,0,normal,0,0,0,0,,,
record_15_1_1778838994.wav,normal,正常,0.021180,0.000592,0.000000,0.000000,0.500000,0.000000,0,normal,0,0,0,0,,,
record_17_1_1778838388.wav,normal,正常,0.092503,0.039625,0.006667,0.000000,0.500000,0.000000,0,normal,0,0,0,0,,,
record_15_1_1778835327.wav,normal,正常,0.018736,0.004822,0.003333,0.000000,0.500000,0.000000,0,normal,0,0,0,0,,,
record_15_1_1778833987.wav,normal,正常,0.023476,0.000441,0.000000,0.000000,0.500000,0.000000,0,normal,0,0,0,0,,,
record_15_1_1778830919.wav,abnormal/bearing,轴承,0.806776,0.879742,0.906667,0.999994,0.500008,0.999994,1,BPFO,1,1,2,0,,,
record_15_1_1778828275.wav,normal,正常,0.016097,0.000603,0.023333,0.000000,0.500000,0.000000,0,normal,0,0,0,0,,,
record_17_1_1778828079.wav,normal,正常,0.095221,0.091107,0.373333,0.705867,0.500001,0.705867,0,normal,0,0,0,0,,,
record_17_1_1778824791.wav,normal,正常,0.044555,0.017810,0.000000,0.000000,0.500000,0.000000,0,normal,0,0,0,0,,,
record_17_1_1778823567.wav,normal,正常,0.030749,0.001555,0.000000,0.000000,0.500000,0.000000,0,normal,0,0,0,0,,,
record_15_1_1778823472.wav,normal,正常,0.029545,0.001139,0.003333,0.000000,0.500000,0.000000,0,normal,0,0,0,0,,,
record_17_1_1778822686.wav,normal,正常,0.029574,0.004781,0.000000,0.000000,0.500000,0.000000,0,normal,0,0,0,0,,,
record_15_1_1778815938.wav,normal,正常,0.023702,0.000410,0.000000,0.000000,0.500000,0.000000,0,normal,0,0,0,0,,,
record_15_1_1778815383.wav,normal,正常,0.059805,0.025875,0.016667,0.000001,0.500001,0.000001,0,normal,0,0,0,0,,,
record_17_1_1778814854.wav,normal,正常,0.028713,0.001151,0.000000,0.000000,0.500000,0.000000,0,normal,0,0,0,0,,,
record_15_1_1778813265.wav,normal,正常,0.025801,0.004765,0.060000,0.000001,0.500000,0.000001,0,normal,0,0,0,0,,,
record_17_1_1778812571.wav,normal,正常,0.037755,0.014129,0.020000,0.000002,0.500000,0.000002,0,normal,0,0,0,0,,,
record_15_1_1778806699.wav,normal,正常,0.026123,0.005396,0.023333,0.000001,0.500000,0.000001,0,normal,0,0,0,0,,,
record_15_1_1778805642.wav,abnormal/others,摩擦,,,,,,0.998793,0,normal,0,0,0,0,,,
record_17_1_1778754060.wav,normal,正常,0.054074,0.006230,0.026667,0.000001,0.500000,0.000001,0,normal,0,0,0,0,,,
record_15_1_1778752681.wav,normal,正常,0.013638,0.000159,0.000000,0.000000,0.500000,0.000000,0,normal,0,0,0,0,,,
record_15_1_1778749434.wav,normal,正常,0.051541,0.003298,0.000000,0.000000,0.500000,0.000000,0,normal,0,0,0,0,,,
record_15_1_1778748877.wav,normal,正常,0.017145,0.002764,0.000000,0.000000,0.500000,0.000000,0,normal,0,0,0,0,,,
record_15_1_1778745399.wav,normal,正常,0.019724,0.029678,0.000000,0.000000,0.500000,0.000000,0,normal,0,0,0,0,,,
record_15_1_1778744718.wav,normal,正常,0.035078,0.001415,0.000000,0.000000,0.500000,0.000000,0,normal,0,0,0,0,,,
record_15_1_1778744351.wav,normal,正常,0.029296,0.001399,0.000000,0.000000,0.500000,0.000000,0,normal,0,0,0,0,,,
record_17_1_1778744028.wav,normal,正常,0.030320,0.000690,0.000000,0.000001,0.500000,0.000001,0,normal,0,0,0,0,,,
record_17_1_1778743921.wav,normal,正常,0.042597,0.003677,0.000000,0.000000,0.500000,0.000000,0,normal,0,0,0,0,,,
record_17_1_1778743861.wav,abnormal/others,摩擦,,,,,,0.028708,0,normal,0,0,0,0,,,
record_15_1_1778743745.wav,normal,正常,0.022852,0.000392,0.000000,0.000000,0.500000,0.000000,0,normal,0,0,0,0,,,
record_17_1_1778741049.wav,normal,正常,0.022919,0.003562,0.013333,0.000001,0.500000,0.000001,0,normal,0,0,0,0,,,
record_15_1_1778739845.wav,normal,正常,0.029504,0.068103,0.080000,0.000004,0.500004,0.000004,0,normal,0,0,0,0,,,
record_17_1_1778738682.wav,normal,正常,0.127618,0.083713,0.180000,0.002024,0.500000,0.002024,0,normal,0,0,0,0,,,
record_17_1_1778738278.wav,normal,正常,0.025770,0.000203,0.000000,0.000000,0.500000,0.000000,0,normal,0,0,0,0,,,
record_17_1_1778737670.wav,normal,正常,0.089552,0.045393,0.010000,0.000005,0.500000,0.000005,0,normal,0,0,0,0,,,
record_17_1_1778737188.wav,normal,正常,0.042442,0.013668,0.000000,0.000000,0.500000,0.000000,0,normal,0,0,0,0,,,
record_15_1_1778736412.wav,normal,正常,0.027976,0.001284,0.000000,0.000000,0.500000,0.000000,0,normal,0,0,0,0,,,
record_17_1_1778729636.wav,normal,正常,0.017522,0.001652,0.000000,0.000000,0.500000,0.000000,0,normal,0,0,0,0,,,
record_17_1_1778725448.wav,normal,正常,0.042741,0.004381,0.000000,0.000020,0.500000,0.000020,0,normal,0,0,0,0,,,
record_17_1_1778725058.wav,normal,正常,0.158324,0.143256,0.006667,0.000002,0.500000,0.000002,0,normal,0,0,0,0,,,
record_15_1_1778722246.wav,normal,正常,0.043837,0.006531,0.003333,0.000000,0.500000,0.000000,0,normal,0,0,0,0,,,
record_15_1_1778721925.wav,abnormal/bearing,轴承,0.349776,0.558875,0.486667,0.998712,0.500002,0.998712,0,normal,0,0,0,0,,,
record_15_1_1778720970.wav,normal,正常,0.060189,0.353241,0.026667,0.000000,0.500000,0.000000,0,normal,0,0,0,0,,,
record_15_1_1778718948.wav,normal,正常,0.057967,0.032155,0.003333,0.000000,0.500000,0.000000,0,normal,0,0,0,0,,,
record_17_1_1778718805.wav,normal,正常,0.023797,0.001241,0.000000,0.000000,0.500000,0.000000,0,normal,0,0,0,0,,,
record_17_1_1778671068.wav,abnormal/others,17,,,,,,1.000000,1,normal,0,0,0,0,,,
record_17_1_1778667910.wav,normal,正常,0.020654,0.012941,0.000000,0.000000,0.500000,0.000000,0,normal,0,0,0,0,,,
record_15_1_1778469835.wav,normal,正常,0.072617,0.003492,0.000000,0.000000,0.500000,0.000000,0,normal,0,0,0,0,,,
record_15_1_1779353406.wav,normal,正常,0.009221,0.000088,0.000000,0.000000,0.500000,0.000000,0,normal,0,0,0,0,,,
record_17_1_1779351282.wav,abnormal/bearing,轴承,0.325124,0.051665,0.653333,0.999863,0.500003,0.999863,0,normal,0,0,0,0,,,
record_17_1_1779331030.wav,normal,17,0.022628,0.000873,0.000000,0.000000,0.500000,0.000000,0,normal,0,0,0,0,,,
record_17_1_1779330456.wav,abnormal/others,摩擦,,,,,,0.994160,0,BSF,1,1,1,0,,,
record_15_1_1779330042.wav,normal,正常,0.014801,0.001181,0.000000,0.000000,0.500000,0.000000,0,normal,0,0,0,0,,,
record_17_1_1779328704.wav,normal,正常,0.039986,0.002434,0.000000,0.000000,0.500000,0.000000,0,normal,0,0,0,0,,,
record_15_1_1779326581.wav,normal,正常,0.044934,0.002041,0.000000,0.000000,0.500000,0.000000,0,normal,0,0,0,0,,,
record_15_1_1779325875.wav,normal,正常,0.023467,0.001738,0.000000,0.000000,0.500000,0.000000,0,normal,0,0,0,0,,,
record_17_1_1779325227.wav,normal,正常,0.033449,0.000560,0.000000,0.000000,0.500000,0.000000,0,normal,0,0,0,0,,,
record_15_1_1779323364.wav,normal,正常,0.015472,0.000507,0.000000,0.000000,0.500000,0.000000,0,normal,0,0,0,0,,,
record_17_1_1779323287.wav,normal,正常,0.035913,0.003046,0.026667,0.000001,0.500000,0.000001,0,normal,0,0,0,0,,,
record_15_1_1779323143.wav,normal,正常,0.014473,0.000840,0.000000,0.000000,0.500000,0.000000,0,normal,0,0,0,0,,,
record_15_1_1779323120.wav,normal,正常,0.012596,0.003868,0.003333,0.000000,0.500000,0.000000,0,normal,0,0,0,0,,,
record_15_1_1779322237.wav,normal,正常,0.008925,0.001890,0.000000,0.000000,0.500000,0.000000,0,normal,0,0,0,0,,,
record_15_1_1779265923.wav,normal,正常,0.010412,0.000313,0.020000,0.000000,0.500001,0.000000,0,normal,0,0,0,0,,,
record_15_1_1779264625.wav,normal,正常,0.031842,0.002823,0.000000,0.000000,0.500000,0.000000,0,normal,0,0,0,0,,,
record_17_1_1779263896.wav,normal,正常,0.082468,0.045265,0.100000,0.000140,0.500000,0.000140,0,normal,0,0,0,0,,,
record_15_1_1779262581.wav,normal,正常,0.084817,0.204652,0.030000,0.000006,0.500000,0.000006,0,normal,0,0,0,0,,,
record_15_1_1779258984.wav,normal,正常,0.012549,0.000166,0.000000,0.000000,0.500000,0.000000,0,normal,0,0,0,0,,,
record_15_1_1779258612.wav,normal,正常,0.032053,0.023244,0.080000,0.000007,0.500003,0.000007,0,normal,0,0,0,0,,,
record_17_1_1779258381.wav,normal,正常,0.054197,0.024664,0.076667,0.000000,0.500000,0.000000,0,normal,0,0,0,0,,,
record_15_1_1779159502.wav,abnormal/others,摩擦,,,,,,0.999999,1,normal,0,0,0,0,,,
record_17_1_1779158811.wav,normal,正常,0.039712,0.025330,0.166667,0.000003,0.500011,0.000003,0,normal,0,0,0,0,,,
record_17_1_1779155096.wav,normal,正常,0.032420,0.002252,0.000000,0.000000,0.500000,0.000000,0,normal,0,0,0,0,,,
record_17_1_1779153570.wav,normal,正常,0.034260,0.003601,0.000000,0.000000,0.500000,0.000000,0,normal,0,0,0,0,,,
record_17_1_1779153412.wav,normal,正常,0.038428,0.008303,0.000000,0.000000,0.500000,0.000000,0,normal,0,0,0,0,,,
record_15_1_1779153294.wav,normal,正常,0.022241,0.001400,0.000000,0.000000,0.500000,0.000000,0,normal,0,0,0,0,,,
record_17_1_1779151254.wav,normal,正常,0.041293,0.002395,0.000000,0.000000,0.500000,0.000000,0,normal,0,0,0,0,,,
record_17_1_1779106809.wav,abnormal/others,摩擦,,,,,,0.000135,0,normal,0,0,0,0,,,
record_17_1_1779105229.wav,abnormal/bearing,轴承,0.241252,0.335636,0.143333,0.352185,0.500001,0.352185,0,normal,0,0,0,0,,,
record_15_1_1779102824.wav,normal,正常,0.017327,0.002982,0.096667,0.000079,0.500000,0.000079,0,normal,0,0,0,0,,,
record_17_1_1779102645.wav,normal,正常,0.021327,0.002684,0.000000,0.000000,0.500000,0.000000,0,normal,0,0,0,0,,,
record_15_1_1779102214.wav,normal,正常,0.023634,0.000548,0.000000,0.000000,0.500000,0.000000,0,normal,0,0,0,0,,,
record_15_1_1779101930.wav,normal,正常,0.018981,0.000874,0.000000,0.000000,0.500000,0.000000,0,normal,0,0,0,0,,,
record_17_1_1779097567.wav,normal,正常,0.023695,0.002363,0.000000,0.000000,0.500000,0.000000,0,normal,0,0,0,0,,,
record_17_1_1779094375.wav,normal,正常,0.023105,0.001140,0.000000,0.000000,0.500000,0.000000,0,normal,0,0,0,0,,,
record_15_1_1779093207.wav,normal,正常,0.039745,0.001907,0.000000,0.000000,0.500000,0.000000,0,normal,0,0,0,0,,,
record_15_1_1779092773.wav,normal,正常,0.029946,0.007496,0.000000,0.000000,0.500000,0.000000,0,normal,0,0,0,0,,,
record_17_1_1779089937.wav,normal,正常,0.020447,0.001586,0.000000,0.000000,0.500000,0.000000,0,normal,0,0,0,0,,,
record_17_1_1779088888.wav,normal,正常,0.041990,0.000884,0.000000,0.000000,0.500000,0.000000,0,normal,0,0,0,0,,,
record_17_1_1779085746.wav,normal,正常,0.025060,0.023247,0.000000,0.000000,0.500000,0.000000,0,normal,0,0,0,0,,,
record_17_1_1779084353.wav,abnormal/others,摩擦,,,,,,0.856502,0,normal,0,0,0,0,,,
record_15_1_1779083529.wav,normal,正常,0.055150,0.027263,0.180000,0.000004,0.500033,0.000004,0,normal,0,0,0,0,,,
record_17_1_1779075665.wav,normal,正常,0.106162,0.218062,0.010000,0.000002,0.500000,0.000002,0,normal,0,0,0,0,,,
record_17_1_1779074502.wav,normal,正常,0.062125,0.010252,0.003333,0.000000,0.500000,0.000000,0,normal,0,0,0,0,,,
record_17_1_1779072465.wav,normal,正常,0.038397,0.003418,0.266667,0.001286,0.500002,0.001286,0,normal,0,0,0,0,,,
record_15_1_1779072388.wav,normal,正常,0.025754,0.000271,0.000000,0.000000,0.500000,0.000000,0,normal,0,0,0,0,,,
record_17_1_1779072075.wav,normal,正常,0.051196,0.003685,0.000000,0.000000,0.500000,0.000000,0,normal,0,0,0,0,,,
record_17_1_1779070914.wav,normal,正常,0.046294,0.000973,0.000000,0.000000,0.500000,0.000000,0,normal,0,0,0,0,,,
record_15_1_1779069702.wav,normal,正常,0.030537,0.003882,0.003333,0.000000,0.500000,0.000000,0,normal,0,0,0,0,,,
record_15_1_1779068245.wav,abnormal/others,摩擦,,,,,,0.000003,0,normal,0,0,0,0,,,
record_17_1_1779067440.wav,normal,正常,0.037105,0.001573,0.010000,0.000000,0.500000,0.000000,0,normal,0,0,0,0,,,
record_15_1_1779067107.wav,normal,正常,0.017896,0.000921,0.000000,0.000000,0.500000,0.000000,0,normal,0,0,0,0,,,
record_15_1_1778986637.wav,normal,15,0.018267,0.000683,0.000000,0.000000,0.500000,0.000000,0,normal,0,0,0,0,,,
record_17_1_1778986389.wav,abnormal/others,正常,,,,,,0.094655,0,normal,0,0,0,0,,,
record_15_1_1778985019.wav,normal,正常,0.019738,0.000803,0.000000,0.000000,0.500000,0.000000,0,normal,0,0,0,0,,,
record_15_1_1778982015.wav,normal,正常,0.023288,0.001295,0.000000,0.000000,0.500000,0.000000,0,normal,0,0,0,0,,,
record_15_1_1778981237.wav,normal,正常,0.016506,0.001511,0.000000,0.000001,0.500000,0.000001,0,normal,0,0,0,0,,,
record_17_1_1778980774.wav,normal,正常,0.028390,0.002473,0.006667,0.000000,0.500000,0.000000,0,normal,0,0,0,0,,,
record_17_1_1778980535.wav,normal,正常,0.031665,0.000480,0.000000,0.000000,0.500000,0.000000,0,normal,0,0,0,0,,,
record_15_1_1778980454.wav,normal,正常,0.010524,0.000164,0.000000,0.000000,0.500000,0.000000,0,normal,0,0,0,0,,,
record_15_1_1778980258.wav,normal,正常,0.015615,0.000663,0.000000,0.000000,0.500000,0.000000,0,normal,0,0,0,0,,,
record_15_1_1778979790.wav,normal,正常,0.022273,0.000691,0.000000,0.000000,0.500000,0.000000,0,normal,0,0,0,0,,,
record_15_1_1778977328.wav,normal,正常,0.041892,0.002023,0.000000,0.000000,0.500000,0.000000,0,normal,0,0,0,0,,,
record_15_1_1778931524.wav,normal,正常,0.026327,0.000420,0.000000,0.000000,0.500000,0.000000,0,normal,0,0,0,0,,,
record_15_1_1778930107.wav,normal,正常,0.007619,0.000039,0.000000,0.000000,0.500000,0.000000,0,normal,0,0,0,0,,,
record_17_1_1778929576.wav,normal,正常,0.013953,0.000624,0.000000,0.000000,0.500000,0.000000,0,normal,0,0,0,0,,,
record_17_1_1778928588.wav,normal,正常,0.040517,0.000779,0.003333,0.000000,0.500000,0.000000,0,normal,0,0,0,0,,,
record_15_1_1778928588.wav,normal,正常,0.023807,0.002375,0.000000,0.000000,0.500000,0.000000,0,normal,0,0,0,0,,,
record_15_1_1778928105.wav,normal,正常,0.022412,0.001185,0.006667,0.000000,0.500000,0.000000,0,normal,0,0,0,0,,,
record_17_1_1778927392.wav,normal,正常,0.032376,0.000340,0.000000,0.000000,0.500000,0.000000,0,normal,0,0,0,0,,,
record_15_1_1778920862.wav,normal,正常,0.024326,0.001958,0.160000,0.046876,0.500000,0.046876,0,normal,0,0,0,0,,,
record_17_1_1778918305.wav,normal,正常,0.031418,0.006586,0.033333,0.000001,0.500000,0.000001,0,normal,0,0,0,0,,,
record_15_1_1778917989.wav,normal,正常,0.032776,0.010537,0.003333,0.000000,0.500000,0.000000,0,normal,0,0,0,0,,,
record_15_1_1778912526.wav,normal,正常,0.020919,0.000389,0.000000,0.000000,0.500000,0.000000,0,normal,0,0,0,0,,,
record_15_1_1778911525.wav,normal,正常,0.014427,0.002014,0.003333,0.000000,0.500000,0.000000,0,normal,0,0,0,0,,,
record_17_1_1778908514.wav,normal,正常,0.018177,0.001044,0.003333,0.000000,0.500000,0.000000,0,normal,0,0,0,0,,,
record_15_1_1778908466.wav,normal,正常,0.040686,0.002629,0.000000,0.000000,0.500000,0.000000,0,normal,0,0,0,0,,,
record_17_1_1778908363.wav,normal,正常,0.119878,0.143392,0.273333,0.000645,0.500002,0.000645,0,normal,0,0,0,0,,,
record_15_1_1778908034.wav,normal,正常,0.155548,0.129179,0.146667,0.000042,0.500001,0.000042,0,normal,0,0,0,0,,,
record_15_1_1778907514.wav,normal,正常,0.028135,0.001457,0.003333,0.000000,0.500000,0.000000,0,normal,0,0,0,0,,,
record_17_1_1778901790.wav,abnormal/others,摩擦,,,,,,0.723836,0,normal,0,0,0,0,,,
record_15_1_1778900813.wav,normal,正常,0.020078,0.000235,0.003333,0.000000,0.500000,0.000000,0,normal,0,0,0,0,,,
record_17_1_1778899588.wav,normal,正常,0.048798,0.003352,0.000000,0.000000,0.500000,0.000000,0,normal,0,0,0,0,,,
record_17_1_1778898263.wav,abnormal/others,摩擦,,,,,,0.999653,0,normal,0,0,0,0,,,
record_17_1_1778892415.wav,normal,正常,0.042300,0.001118,0.000000,0.000000,0.500000,0.000000,0,normal,0,0,0,0,,,
record_15_1_1778848260.wav,normal,正常,0.037229,0.489700,0.120000,0.000401,0.500390,0.000401,0,normal,0,0,0,0,,,
record_15_1_1778847118.wav,normal,正常,0.039676,0.002831,0.006667,0.000000,0.500000,0.000000,0,normal,0,0,0,0,,,
record_15_1_1778846897.wav,normal,正常,0.017600,0.000327,0.000000,0.000000,0.500000,0.000000,0,normal,0,0,0,0,,,
record_17_1_1778846837.wav,normal,正常,0.021719,0.000313,0.000000,0.000000,0.500000,0.000000,0,normal,0,0,0,0,,,
record_17_1_1778846776.wav,normal,正常,0.047751,0.002610,0.000000,0.000000,0.500000,0.000000,0,normal,0,0,0,0,,,
record_17_1_1778845645.wav,normal,正常,0.067335,0.250935,0.496667,0.341257,0.502049,0.341257,0,normal,0,0,0,0,,,
record_17_1_1778844185.wav,normal,正常,0.046063,0.011773,0.000000,0.000001,0.500000,0.000001,0,normal,0,0,0,0,,,
record_17_1_1778843387.wav,normal,正常,0.041758,0.018241,0.003333,0.000000,0.500000,0.000000,0,normal,0,0,0,0,,,
record_17_1_1778843300.wav,normal,正常,0.068104,0.086074,0.096667,0.000311,0.500000,0.000311,0,normal,0,0,0,0,,,
record_17_1_1778842632.wav,normal,正常,0.030046,0.006714,0.000000,0.000001,0.500000,0.000001,0,normal,0,0,0,0,,,
record_17_1_1778842478.wav,normal,正常,0.023199,0.000200,0.000000,0.000000,0.500000,0.000000,0,normal,0,0,0,0,,,
record_15_1_1778842141.wav,normal,正常,0.012262,0.002960,0.000000,0.000000,0.500000,0.000000,0,normal,0,0,0,0,,,
record_17_1_1778841569.wav,normal,正常,0.038641,0.002077,0.026667,0.000000,0.500000,0.000000,0,normal,0,0,0,0,,,
record_17_1_1778841433.wav,normal,正常,0.029781,0.000868,0.000000,0.000000,0.500000,0.000000,0,normal,0,0,0,0,,,
record_15_1_1778841270.wav,normal,正常,0.012142,0.000062,0.000000,0.000000,0.500000,0.000000,0,normal,0,0,0,0,,,
record_17_1_1778840795.wav,normal,正常,0.029876,0.001283,0.000000,0.000000,0.500000,0.000000,0,normal,0,0,0,0,,,
record_17_1_1778838798.wav,normal,正常,0.054021,0.015168,0.000000,0.000001,0.500000,0.000001,0,normal,0,0,0,0,,,
record_17_1_1778838466.wav,normal,正常,0.023576,0.000366,0.000000,0.000000,0.500000,0.000000,0,normal,0,0,0,0,,,
record_17_1_1778836230.wav,normal,正常,0.040432,0.012265,0.020000,0.000007,0.500000,0.000007,0,normal,0,0,0,0,,,
record_17_1_1778836114.wav,normal,正常,0.040946,0.000723,0.000000,0.000000,0.500000,0.000000,0,normal,0,0,0,0,,,
record_15_1_1778835675.wav,normal,正常,0.047717,0.004314,0.000000,0.000000,0.500000,0.000000,0,normal,0,0,0,0,,,
record_15_1_1778834150.wav,normal,正常,0.020386,0.001270,0.000000,0.000000,0.500000,0.000000,0,normal,0,0,0,0,,,
record_17_1_1778832379.wav,normal,正常,0.019909,0.000989,0.000000,0.000000,0.500000,0.000000,0,normal,0,0,0,0,,,
record_17_1_1778832212.wav,normal,正常,0.047931,0.006227,0.143333,0.000307,0.500002,0.000307,0,normal,0,0,0,0,,,
record_15_1_1778830308.wav,normal,正常,0.044188,0.006671,0.000000,0.000000,0.500000,0.000000,0,normal,0,0,0,0,,,
record_15_1_1778830264.wav,normal,正常,0.027806,0.002804,0.000000,0.000000,0.500000,0.000000,0,normal,0,0,0,0,,,
record_17_1_1778829942.wav,normal,正常,0.022040,0.000542,0.000000,0.000000,0.500000,0.000000,0,normal,0,0,0,0,,,
record_15_1_1778826834.wav,normal,正常,0.028239,0.001756,0.003333,0.000000,0.500000,0.000000,0,normal,0,0,0,0,,,
record_17_1_1778826743.wav,normal,正常,0.034329,0.001208,0.000000,0.000000,0.500000,0.000000,0,normal,0,0,0,0,,,
record_15_1_1778826609.wav,normal,正常,0.032467,0.001971,0.000000,0.000001,0.500000,0.000001,0,normal,0,0,0,0,,,
record_17_1_1778826490.wav,normal,正常,0.049214,0.018187,0.006667,0.000000,0.500000,0.000000,0,normal,0,0,0,0,,,
record_17_1_1778826433.wav,normal,正常,0.058110,0.014219,0.000000,0.000005,0.500000,0.000005,0,normal,0,0,0,0,,,
record_15_1_1778825671.wav,normal,正常,0.041495,0.002177,0.000000,0.000000,0.500000,0.000000,0,normal,0,0,0,0,,,
record_15_1_1778823819.wav,normal,正常,0.032218,0.001690,0.000000,0.000000,0.500000,0.000000,0,normal,0,0,0,0,,,
record_17_1_1778823011.wav,abnormal/others,摩擦,,,,,,0.000233,0,normal,0,0,0,0,,,
record_17_1_1778822816.wav,normal,正常,0.064758,0.005739,0.006667,0.000000,0.500000,0.000000,0,normal,0,0,0,0,,,
record_17_1_1778821815.wav,normal,正常,0.103849,0.059009,0.023333,0.000001,0.500000,0.000001,0,normal,0,0,0,0,,,
record_17_1_1778821076.wav,abnormal/others,摩擦,,,,,,0.000529,0,normal,0,0,0,0,,,
record_17_1_1778816884.wav,normal,正常,0.062760,0.074399,0.000000,0.000000,0.500000,0.000000,0,normal,0,0,0,0,,,
record_15_1_1778816559.wav,normal,正常,0.029212,0.000344,0.000000,0.000000,0.500000,0.000000,0,normal,0,0,0,0,,,
record_17_1_1778815232.wav,normal,正常,0.033680,0.003653,0.023333,0.000000,0.500000,0.000000,0,normal,0,0,0,0,,,
record_17_1_1778813967.wav,abnormal/others,摩擦,,,,,,0.999983,1,normal,0,0,0,0,,,
record_17_1_1778813772.wav,normal,正常,0.054918,0.005501,0.000000,0.000002,0.500000,0.000002,0,normal,0,0,0,0,,,
record_17_1_1778813566.wav,normal,正常,0.027573,0.002919,0.000000,0.000000,0.500000,0.000000,0,normal,0,0,0,0,,,
record_15_1_1778813565.wav,normal,正常,0.035055,0.091889,0.093333,0.000000,0.502284,0.000000,0,normal,0,0,0,0,,,
record_15_1_1778812461.wav,normal,正常,0.015705,0.000104,0.000000,0.000000,0.500000,0.000000,0,normal,0,0,0,0,,,
record_15_1_1778811825.wav,normal,正常,0.025453,0.001227,0.013333,0.000000,0.500001,0.000000,0,normal,0,0,0,0,,,
record_17_1_1778806322.wav,normal,正常,0.026557,0.000692,0.013333,0.000000,0.500000,0.000000,0,normal,0,0,0,0,,,
record_15_1_1778759272.wav,normal,正常,0.023873,0.001667,0.003333,0.000000,0.500000,0.000000,0,normal,0,0,0,0,,,
record_15_1_1778757491.wav,normal,正常,0.035262,0.000771,0.000000,0.000000,0.500000,0.000000,0,normal,0,0,0,0,,,
record_17_1_1778755990.wav,normal,正常,0.023093,0.001003,0.000000,0.000000,0.500000,0.000000,0,normal,0,0,0,0,,,
record_15_1_1778755814.wav,normal,正常,0.022263,0.000372,0.000000,0.000000,0.500000,0.000000,0,normal,0,0,0,0,,,
record_17_1_1778754710.wav,normal,正常,0.038794,0.007007,0.006667,0.000001,0.500000,0.000001,0,normal,0,0,0,0,,,
record_15_1_1778754195.wav,normal,正常,0.031146,0.004308,0.000000,0.000000,0.500000,0.000000,0,normal,0,0,0,0,,,
record_15_1_1778753419.wav,normal,正常,0.033639,0.004381,0.000000,0.000000,0.500000,0.000000,0,normal,0,0,0,0,,,
record_17_1_1778749780.wav,abnormal/others,摩擦,,,,,,0.295742,0,bearing_unlocalized,0,1,1,0,,,
record_17_1_1778749483.wav,normal,正常,0.024720,0.003069,0.000000,0.000000,0.500000,0.000000,0,normal,0,0,0,0,,,
record_15_1_1778749483.wav,normal,正常,0.025682,0.001320,0.000000,0.000000,0.500000,0.000000,0,normal,0,0,0,0,,,
record_17_1_1778747660.wav,normal,正常,0.052100,0.001744,0.000000,0.000000,0.500000,0.000000,0,normal,0,0,0,0,,,
record_15_1_1778744163.wav,normal,正常,0.016610,0.008848,0.000000,0.000000,0.500000,0.000000,0,normal,0,0,0,0,,,
record_15_1_1778743591.wav,normal,正常,0.034111,0.000813,0.000000,0.000000,0.500000,0.000000,0,normal,0,0,0,0,,,
record_15_1_1778741008.wav,abnormal/others,摩擦,,,,,,0.003405,0,normal,0,0,0,0,,,
record_17_1_1778740769.wav,normal,正常,0.093498,0.003852,0.000000,0.000000,0.500000,0.000000,0,normal,0,0,0,0,,,
record_17_1_1778738905.wav,normal,正常,0.061321,0.020788,0.133333,0.000060,0.500000,0.000060,0,normal,0,0,0,0,,,
record_17_1_1778738025.wav,normal,正常,0.035117,0.001111,0.000000,0.000000,0.500000,0.000000,0,normal,0,0,0,0,,,
record_17_1_1778736951.wav,normal,正常,0.074307,0.010041,0.000000,0.000000,0.500000,0.000000,0,normal,0,0,0,0,,,
record_15_1_1778735975.wav,normal,正常,0.022775,0.000417,0.000000,0.000000,0.500000,0.000000,0,normal,0,0,0,0,,,
record_17_1_1778735882.wav,normal,正常,0.071067,0.008111,0.000000,0.000001,0.500000,0.000001,0,normal,0,0,0,0,,,
record_15_1_1778727598.wav,normal,正常,0.035801,0.008321,0.013333,0.000000,0.500001,0.000000,0,normal,0,0,0,0,,,
record_17_1_1778726725.wav,normal,正常,0.067744,0.026176,0.056667,0.000024,0.500000,0.000024,0,normal,0,0,0,0,,,
record_15_1_1778725228.wav,normal,正常,0.026761,0.001217,0.143333,0.049420,0.500000,0.049420,0,normal,0,0,0,0,,,
record_15_1_1778725127.wav,normal,正常,0.068218,0.023765,0.073333,0.000000,0.500002,0.000000,0,normal,0,0,0,0,,,
record_15_1_1778723736.wav,normal,正常,0.028717,0.005882,0.000000,0.000000,0.500000,0.000000,0,normal,0,0,0,0,,,
record_17_1_1778721321.wav,normal,正常,0.104181,0.112539,0.000000,0.000001,0.500000,0.000001,0,normal,0,0,0,0,,,
record_15_1_1778720948.wav,normal,正常,0.027289,0.000693,0.000000,0.000000,0.500000,0.000000,0,normal,0,0,0,0,,,
record_17_1_1778720315.wav,normal,正常,0.028783,0.001593,0.006667,0.000000,0.500000,0.000000,0,normal,0,0,0,0,,,
record_15_1_1778718463.wav,normal,正常,0.045115,0.000738,0.000000,0.000000,0.500000,0.000000,0,normal,0,0,0,0,,,
record_17_1_1778718379.wav,normal,正常,0.064285,0.006915,0.006667,0.000000,0.500000,0.000000,0,normal,0,0,0,0,,,
record_17_1_1778717607.wav,normal,正常,0.062989,0.004394,0.006667,0.000001,0.500000,0.000001,0,normal,0,0,0,0,,,
record_15_1_1778671231.wav,normal,正常,0.057535,0.006172,0.000000,0.000000,0.500000,0.000000,0,normal,0,0,0,0,,,
record_15_1_1778655163.wav,normal,正常,0.057949,0.008189,0.116667,0.000003,0.500001,0.000003,0,normal,0,0,0,0,,,
record_17_1_1778654765.wav,normal,正常,0.057200,0.008053,0.000000,0.000000,0.500000,0.000000,0,normal,0,0,0,0,,,
record_15_1_1778498453.wav,normal,正常,0.021927,0.001792,0.000000,0.000000,0.500000,0.000000,0,normal,0,0,0,0,,,
record_15_1_1778497949.wav,normal,正常,0.077762,0.020588,0.013333,0.000000,0.500000,0.000000,0,normal,0,0,0,0,,,
record_17_1_1778497907.wav,normal,正常,0.135430,0.101717,0.040000,0.000799,0.500000,0.000799,0,normal,0,0,0,0,,,
record_15_1_1778496970.wav,normal,正常,0.100180,0.021845,0.006667,0.000034,0.500001,0.000034,0,normal,0,0,0,0,,,
record_17_1_1779354641.wav,normal,正常,0.051305,0.206222,0.023333,0.000001,0.500000,0.000001,0,normal,0,0,0,0,,,
record_17_1_1779354560.wav,normal,正常,0.057465,0.003788,0.003333,0.000001,0.500000,0.000001,0,normal,0,0,0,0,,,
record_15_1_1779353909.wav,normal,正常,0.023557,0.003186,0.006667,0.000000,0.500000,0.000000,0,normal,0,0,0,0,,,
record_17_1_1779328494.wav,normal,正常,0.336088,0.300197,0.076667,0.053704,0.500000,0.053704,0,normal,0,0,0,0,,,
record_15_1_1779327976.wav,normal,正常,0.026899,0.008741,0.010000,0.000000,0.500000,0.000000,0,normal,0,0,0,0,,,
record_17_1_1779325177.wav,normal,正常,0.045786,0.005145,0.036667,0.000013,0.500001,0.000013,0,normal,0,0,0,0,,,
record_17_1_1779324823.wav,normal,正常,0.014969,0.003604,0.000000,0.000000,0.500000,0.000000,0,normal,0,0,0,0,,,
record_17_1_1779324354.wav,normal,正常,0.021182,0.023403,0.006667,0.000000,0.500000,0.000000,0,normal,0,0,0,0,,,
record_15_1_1779322926.wav,normal,正常,0.019088,0.000374,0.000000,0.000000,0.500000,0.000000,0,normal,0,0,0,0,,,
record_17_1_1779265813.wav,normal,正常,0.022575,0.002667,0.006667,0.000000,0.500000,0.000000,0,normal,0,0,0,0,,,
record_15_1_1779263692.wav,normal,正常,0.034994,0.014736,0.030000,0.000000,0.500001,0.000000,0,normal,0,0,0,0,,,
record_15_1_1779262543.wav,abnormal/others,摩擦,,,,,,0.487017,0,normal,0,0,0,0,,,
record_15_1_1779262394.wav,normal,正常,0.021007,0.000498,0.000000,0.000000,0.500000,0.000000,0,normal,0,0,0,0,,,
record_15_1_1779259732.wav,normal,正常,0.031482,0.002112,0.000000,0.000000,0.500000,0.000000,0,normal,0,0,0,0,,,
record_15_1_1779259331.wav,normal,正常,0.055450,0.008321,0.000000,0.000000,0.500000,0.000000,0,normal,0,0,0,0,,,
record_15_1_1779258045.wav,normal,正常,0.067880,0.017749,0.036667,0.000084,0.500000,0.000084,0,normal,0,0,0,0,,,
record_17_1_1779164321.wav,normal,17,0.508071,0.561132,0.170000,0.002004,0.500148,0.002004,0,normal,0,0,0,0,,,
record_15_1_1779164142.wav,abnormal/bearing,轴承,0.739858,0.998162,0.990000,1.000000,0.500028,1.000000,1,normal,0,0,0,0,,,
record_17_1_1779158989.wav,normal,正常,0.027505,0.001563,0.003333,0.000000,0.500000,0.000000,0,normal,0,0,0,0,,,
record_17_1_1779158916.wav,normal,正常,0.050097,0.001725,0.000000,0.000000,0.500000,0.000000,0,normal,0,0,0,0,,,
record_15_1_1779155142.wav,normal,正常,0.028194,0.000508,0.000000,0.000000,0.500000,0.000000,0,normal,0,0,0,0,,,
record_15_1_1779154589.wav,normal,正常,0.026971,0.000571,0.000000,0.000000,0.500000,0.000000,0,normal,0,0,0,0,,,
record_17_1_1779154528.wav,normal,正常,0.008125,0.001120,0.000000,0.000000,0.500000,0.000000,0,normal,0,0,0,0,,,
record_17_1_1779154233.wav,normal,正常,0.033913,0.000580,0.000000,0.000000,0.500000,0.000000,0,normal,0,0,0,0,,,
record_17_1_1779154192.wav,normal,正常,0.065726,0.029041,0.010000,0.000000,0.500000,0.000000,0,bearing_unlocalized,0,1,1,0,,,
record_15_1_1779153115.wav,abnormal/others,摩擦,,,,,,0.999997,1,normal,0,0,0,0,,,
record_17_1_1779151234.wav,normal,正常,0.027634,0.000422,0.000000,0.000000,0.500000,0.000000,0,normal,0,0,0,0,,,
record_17_1_1779151104.wav,normal,正常,0.060241,0.004551,0.003333,0.000000,0.500000,0.000000,0,normal,0,0,0,0,,,
record_17_1_1779149991.wav,normal,正常,0.026060,0.001052,0.000000,0.000000,0.500000,0.000000,0,normal,0,0,0,0,,,
record_15_1_1779149753.wav,normal,正常,0.019345,0.002502,0.000000,0.000000,0.500000,0.000000,0,normal,0,0,0,0,,,
record_15_1_1779105511.wav,normal,正常,0.099289,0.171823,0.106667,0.052725,0.500001,0.052725,0,normal,0,0,0,0,,,
record_15_1_1779105228.wav,normal,正常,0.015039,0.001199,0.000000,0.000000,0.500000,0.000000,0,normal,0,0,0,0,,,
record_17_1_1779105161.wav,normal,正常,0.047901,0.006221,0.000000,0.000000,0.500000,0.000000,0,normal,0,0,0,0,,,
record_17_1_1779104797.wav,normal,正常,0.034597,0.000650,0.006667,0.000002,0.500002,0.000002,0,normal,0,0,0,0,,,
record_17_1_1779104372.wav,normal,正常,0.016305,0.007337,0.000000,0.000000,0.500000,0.000000,0,normal,0,0,0,0,,,
record_17_1_1779102051.wav,normal,正常,0.051606,0.010643,0.020000,0.000000,0.500000,0.000000,0,normal,0,0,0,0,,,
record_17_1_1779101444.wav,normal,正常,0.034764,0.000916,0.006667,0.000002,0.500000,0.000002,0,normal,0,0,0,0,,,
record_17_1_1779100470.wav,normal,正常,0.016512,0.000190,0.000000,0.000000,0.500000,0.000000,0,normal,0,0,0,0,,,
record_17_1_1779100305.wav,normal,正常,0.028311,0.001147,0.000000,0.000000,0.500000,0.000000,0,normal,0,0,0,0,,,
record_15_1_1779099923.wav,normal,正常,0.016475,0.007046,0.016667,0.000000,0.500001,0.000000,0,normal,0,0,0,0,,,
record_15_1_1779099844.wav,normal,正常,0.012058,0.002190,0.003333,0.000000,0.500000,0.000000,0,normal,0,0,0,0,,,
record_17_1_1779099413.wav,normal,正常,0.026062,0.000192,0.000000,0.000000,0.500000,0.000000,0,normal,0,0,0,0,,,
record_17_1_1779098989.wav,normal,正常,0.116578,0.188058,0.220000,0.124149,0.500001,0.124149,0,normal,0,0,0,0,,,
record_17_1_1779098907.wav,normal,正常,0.026815,0.002084,0.000000,0.000000,0.500000,0.000000,0,normal,0,0,0,0,,,
record_15_1_1779098685.wav,normal,正常,0.022180,0.002399,0.000000,0.000000,0.500000,0.000000,0,normal,0,0,0,0,,,
record_15_1_1779098239.wav,normal,正常,0.021365,0.000638,0.000000,0.000000,0.500000,0.000000,0,normal,0,0,0,0,,,
record_17_1_1779094537.wav,normal,正常,0.019345,0.009418,0.026667,0.000000,0.500002,0.000000,0,normal,0,0,0,0,,,
record_17_1_1779093115.wav,normal,正常,0.083629,0.235927,0.700000,0.062907,0.500019,0.062907,0,normal,0,0,0,0,,,
record_17_1_1779091292.wav,normal,正常,0.011570,0.001256,0.000000,0.000000,0.500000,0.000000,0,normal,0,0,0,0,,,
record_15_1_1779091063.wav,normal,正常,0.064094,0.039660,0.000000,0.000005,0.500000,0.000005,0,normal,0,0,0,0,,,
record_17_1_1779089573.wav,normal,正常,0.027418,0.001230,0.000000,0.000000,0.500000,0.000000,0,normal,0,0,0,0,,,
record_15_1_1779089166.wav,normal,正常,0.018519,0.000267,0.000000,0.000000,0.500000,0.000000,0,normal,0,0,0,0,,,
record_15_1_1779087201.wav,normal,正常,0.013887,0.000213,0.000000,0.000000,0.500000,0.000000,0,normal,0,0,0,0,,,
record_17_1_1779087018.wav,normal,正常,0.067864,0.008355,0.040000,0.000001,0.500000,0.000001,0,normal,0,0,0,0,,,
record_15_1_1779084869.wav,normal,正常,0.022658,0.000349,0.000000,0.000000,0.500000,0.000000,0,normal,0,0,0,0,,,
record_17_1_1779084463.wav,normal,正常,0.042522,0.003543,0.000000,0.000000,0.500000,0.000000,0,normal,0,0,0,0,,,
record_15_1_1779084413.wav,normal,正常,0.089957,0.020638,0.036667,0.000017,0.500000,0.000017,0,normal,0,0,0,0,,,
record_17_1_1779075908.wav,normal,正常,0.037223,0.001111,0.000000,0.000000,0.500000,0.000000,0,normal,0,0,0,0,,,
record_17_1_1779074655.wav,normal,正常,0.019306,0.000900,0.003333,0.000000,0.500000,0.000000,0,normal,0,0,0,0,,,
record_17_1_1779070738.wav,normal,正常,0.032818,0.000718,0.000000,0.000000,0.500000,0.000000,0,normal,0,0,0,0,,,
record_15_1_1778985112.wav,normal,正常,0.026329,0.005804,0.000000,0.000000,0.500000,0.000000,0,normal,0,0,0,0,,,
record_17_1_1778984894.wav,normal,正常,0.030583,0.000683,0.000000,0.000002,0.500000,0.000002,0,normal,0,0,0,0,,,
record_15_1_1778983252.wav,normal,正常,0.023169,0.000271,0.000000,0.000000,0.500000,0.000000,0,normal,0,0,0,0,,,
record_17_1_1778982915.wav,normal,17,0.026406,0.000721,0.000000,0.000000,0.500000,0.000000,0,normal,0,0,0,0,,,
record_17_1_1778977685.wav,normal,正常,0.053438,0.001543,0.000000,0.000000,0.500000,0.000000,0,normal,0,0,0,0,,,
record_15_1_1778977222.wav,abnormal/bearing,轴承,0.999998,0.887550,0.970000,1.000000,0.500550,1.000000,1,normal,0,0,0,0,,,
record_17_1_1778928333.wav,normal,正常,0.055207,0.084088,0.010000,0.000000,0.500000,0.000000,0,BSF,1,1,1,0,,,
record_15_1_1778925192.wav,abnormal/others,摩擦,,,,,,0.016373,0,normal,0,0,0,0,,,
record_15_1_1778921354.wav,normal,正常,0.158195,0.356682,0.010000,0.000045,0.500000,0.000045,0,normal,0,0,0,0,,,
record_15_1_1778920953.wav,abnormal/others,摩擦,,,,,,0.999662,0,normal,0,0,0,0,,,
record_17_1_1778918851.wav,normal,正常,0.025427,0.000769,0.003333,0.000000,0.500000,0.000000,0,normal,0,0,0,0,,,
record_15_1_1778918763.wav,normal,正常,0.036439,0.047379,0.020000,0.000002,0.500000,0.000002,0,normal,0,0,0,0,,,
record_17_1_1778916938.wav,abnormal/others,摩擦,,,,,,0.000160,0,normal,0,0,0,0,,,
record_17_1_1778916000.wav,normal,正常,0.084588,0.009191,0.010000,0.000016,0.500000,0.000016,0,normal,0,0,0,0,,,
record_15_1_1778913456.wav,normal,正常,0.047834,0.006043,0.000000,0.000000,0.500000,0.000000,0,normal,0,0,0,0,,,
record_15_1_1778912969.wav,normal,正常,0.030572,0.000704,0.000000,0.000000,0.500000,0.000000,0,normal,0,0,0,0,,,
record_17_1_1778912527.wav,normal,正常,0.035475,0.001578,0.000000,0.000000,0.500000,0.000000,0,normal,0,0,0,0,,,
record_17_1_1778910216.wav,normal,正常,0.037631,0.001637,0.000000,0.000000,0.500000,0.000000,0,normal,0,0,0,0,,,
record_17_1_1778910067.wav,normal,正常,0.030249,0.003690,0.000000,0.000000,0.500000,0.000000,0,normal,0,0,0,0,,,
record_15_1_1778908998.wav,normal,正常,0.053197,0.006909,0.000000,0.000000,0.500000,0.000000,0,normal,0,0,0,0,,,
record_15_1_1778805328.wav,abnormal/others,摩擦,,,,,,0.002166,0,normal,0,0,0,0,,,
record_17_1_1778747350.wav,abnormal/others,摩擦,,,,,,0.509363,0,normal,0,0,0,0,,,
record_17_1_1778728640.wav,abnormal/bearing,轴承,0.923474,0.999930,1.000000,1.000000,0.500097,1.000000,1,normal,0,0,0,0,,,
record_15_1_1778723579.wav,abnormal/others,摩擦,,,,,,0.285269,0,normal,0,0,0,0,,,
record_17_1_1779322263.wav,abnormal/others,摩擦,,,,,,0.917450,0,normal,0,0,0,0,,,
record_17_1_1779267290.wav,normal,17,0.048441,0.004443,0.003333,0.000000,0.500000,0.000000,0,normal,0,0,0,0,,,
record_17_1_1779155020.wav,abnormal/others,摩擦,,,,,,0.000015,0,normal,0,0,0,0,,,
record_17_1_1779072028.wav,abnormal/others,摩擦,,,,,,0.999997,1,normal,0,0,0,0,,,
record_17_1_1778918147.wav,abnormal/others,摩擦,,,,,,0.999998,1,bearing_unlocalized,0,1,1,0,,,
record_15_1_1778844185.wav,abnormal/others,摩擦,,,,,,1.000000,1,normal,0,0,0,0,,,
record_17_1_1779163008.wav,abnormal/bearing,轴承,0.853997,0.976599,0.933333,0.999990,0.500011,0.999990,1,normal,0,0,0,0,,,
record_17_1_1779097736.wav,abnormal/others,摩擦,,,,,,0.000086,0,normal,0,0,0,0,,,
record_17_1_1779086027.wav,abnormal/others,摩擦,,,,,,0.999870,0,normal,0,0,0,0,,,
record_15_1_1779073057.wav,abnormal/others,摩擦,,,,,,0.007643,0,normal,0,0,0,0,,,
record_17_1_1778915712.wav,abnormal/others,摩擦,,,,,,0.000002,0,normal,0,0,0,0,,,
record_17_1_1778903062.wav,abnormal/others,摩擦,,,,,,0.998193,0,normal,0,0,0,0,,,
record_15_1_1778831324.wav,abnormal/others,摩擦,,,,,,0.999998,1,BSF,1,1,2,0,,,
record_15_1_1778748679.wav,abnormal/others,摩擦,,,,,,0.253765,0,normal,0,0,0,0,,,
record_17_1_1778498490.wav,abnormal/bearing,轴承,0.806294,0.956635,0.686667,0.999996,0.500006,0.999996,1,normal,0,0,0,0,,,
record_15_1_1779351686.wav,abnormal/bearing,轴承,0.933252,0.992921,0.806667,0.999718,0.500298,0.999718,0,bearing_unlocalized,0,1,1,0,,,
record_17_1_1779153238.wav,abnormal/bearing,轴承,0.998915,0.978897,1.000000,1.000000,0.500318,1.000000,1,BPFI,1,1,2,0,,,
record_17_1_1778986342.wav,abnormal/others,摩擦,,,,,,0.397413,0,normal,0,0,0,0,,,
record_15_1_1778985899.wav,normal,15,0.099557,0.341231,0.176667,0.327147,0.500000,0.327147,0,BSF,1,1,1,0,,,
record_17_1_1778739000.wav,abnormal/bearing,轴承,0.739231,0.738949,0.820000,0.996825,0.500203,0.996825,0,normal,0,0,0,0,,,
record_15_1_1778730376.wav,abnormal/bearing,轴承,0.163379,0.192612,0.350000,0.891632,0.999717,0.891632,0,normal,0,0,0,0,,,
record_15_1_1779151103.wav,abnormal/others,摩擦,,,,,,0.936974,0,normal,0,0,0,0,,,
record_17_1_1779103538.wav,abnormal/others,摩擦,,,,,,0.975223,0,normal,0,0,0,0,,,
record_17_1_1778902826.wav,abnormal/others,摩擦,,,,,,0.992714,0,normal,0,0,0,0,,,
record_17_1_1778901858.wav,abnormal/bearing,轴承,0.836267,0.798585,0.956667,1.000000,0.500004,1.000000,1,normal,0,0,0,0,,,
record_17_1_1778830782.wav,abnormal/bearing,轴承,0.930121,0.995883,1.000000,1.000000,0.500053,1.000000,1,normal,0,0,0,0,,,
record_15_1_1778721778.wav,abnormal/others,摩擦,,,,,,0.000513,0,normal,0,0,0,0,,,
record_17_1_1779106448.wav,abnormal/others,摩擦,,,,,,0.073807,0,normal,0,0,0,0,,,
record_15_1_1779088785.wav,abnormal/others,摩擦,,,,,,0.000330,0,normal,0,0,0,0,,,
record_15_1_1779087540.wav,abnormal/others,摩擦,,,,,,0.999572,0,normal,0,0,0,0,,,
record_15_1_1778986853.wav,normal,15,0.023057,0.000194,0.000000,0.000000,0.500000,0.000000,0,normal,0,0,0,0,,,
record_15_1_1778924757.wav,abnormal/others,摩擦,,,,,,0.072783,0,normal,0,0,0,0,,,
record_15_1_1778833185.wav,abnormal/others,摩擦,,,,,,0.312785,0,normal,0,0,0,0,,,
record_15_1_1778826471.wav,abnormal/others,摩擦,,,,,,0.009644,0,normal,0,0,0,0,,,
record_17_1_1778742930.wav,abnormal/others,摩擦,,,,,,0.999663,0,normal,0,0,0,0,,,
record_15_1_1778723551.wav,abnormal/others,摩擦,,,,,,0.998924,0,BSF,1,1,1,0,,,
record_15_1_1779151920.wav,abnormal/others,15摩擦,,,,,,0.934772,0,BSF,1,1,1,0,,,
record_17_1_1778918378.wav,abnormal/others,摩擦,,,,,,0.030844,0,normal,0,0,0,0,,,
record_17_1_1778815317.wav,abnormal/others,摩擦,,,,,,0.999972,1,normal,0,0,0,0,,,
record_17_1_1778729386.wav,abnormal/others,摩擦,,,,,,0.133340,0,normal,0,0,0,0,,,
record_17_1_1778719105.wav,abnormal/bearing,轴承,0.994921,0.967945,1.000000,1.000000,0.500024,1.000000,1,BPFI,1,1,1,0,,,
record_15_1_1779151745.wav,normal,15,0.009744,0.000900,0.000000,0.000000,0.500000,0.000000,0,normal,0,0,0,0,,,
record_17_1_1778984967.wav,abnormal/bearing,轴承,0.968827,0.969512,1.000000,1.000000,0.500038,1.000000,1,BSF,1,1,1,0,,,
record_15_1_1778815670.wav,abnormal/bearing,轴承,0.998683,0.998803,1.000000,1.000000,0.500378,1.000000,1,bearing_unlocalized,0,1,1,0,,,
record_17_1_1778741079.wav,abnormal/others,故障,,,,,,0.999941,1,normal,0,0,0,0,,,
record_17_1_1779164028.wav,abnormal/bearing,轴承,1.000000,0.892783,0.996667,0.999999,0.502175,0.999999,1,bearing_unlocalized,0,1,1,0,,,
record_17_1_1779104433.wav,abnormal/bearing,轴承,0.772012,0.855194,0.920000,0.999965,0.500016,0.999965,1,BSF,1,1,1,0,,,
record_17_1_1779091187.wav,abnormal/others,摩擦,,,,,,0.999649,0,normal,0,0,0,0,,,
record_15_1_1779067537.wav,abnormal/bearing,轴承,0.986219,0.981842,0.986667,0.999998,0.500548,0.999998,1,BSF,1,1,1,0,,,
record_17_1_1778984470.wav,abnormal/others,摩擦,,,,,,0.845130,0,bearing_unlocalized,0,1,1,0,,,
record_17_1_1778896001.wav,abnormal/others,摩擦,,,,,,0.000782,0,normal,0,0,0,0,,,
record_15_1_1778890997.wav,abnormal/bearing,轴承,0.989512,0.886227,0.970000,0.999998,0.500067,0.999998,1,normal,0,0,0,0,,,
record_17_1_1778847896.wav,abnormal/bearing,轴承,0.998691,0.999165,0.990000,0.999999,0.500317,0.999999,1,bearing_unlocalized,0,1,1,0,,,
record_15_1_1778753723.wav,abnormal/others,故障,,,,,,0.999998,1,BSF,1,1,2,0,,,
record_15_1_1778729385.wav,abnormal/others,摩擦,,,,,,0.021522,0,normal,0,0,0,0,,,
record_17_1_1778726195.wav,abnormal/bearing,轴承,0.988433,0.999785,1.000000,1.000000,0.500128,1.000000,1,BSF,1,1,1,0,,,
record_17_1_1778670270.wav,abnormal/others,17摩擦,,,,,,0.032134,0,normal,0,0,0,0,,,
record_17_1_1779326261.wav,abnormal/others,摩擦,,,,,,0.000004,0,normal,0,0,0,0,,,
record_17_1_1779105591.wav,abnormal/others,摩擦,,,,,,0.049889,0,normal,0,0,0,0,,,
record_15_1_1779092622.wav,abnormal/others,摩擦,,,,,,0.998163,0,normal,0,0,0,0,,,
record_15_1_1778985956.wav,normal,15,0.008624,0.000029,0.000000,0.000000,0.500000,0.000000,0,normal,0,0,0,0,,,
record_17_1_1778927161.wav,abnormal/others,摩擦,,,,,,0.000168,0,normal,0,0,0,0,,,
record_17_1_1778908268.wav,abnormal/others,摩擦,,,,,,0.992272,0,normal,0,0,0,0,,,
record_15_1_1778899216.wav,abnormal/others,摩擦,,,,,,0.247881,0,normal,0,0,0,0,,,
record_17_1_1778891843.wav,abnormal/others,摩擦,,,,,,1.000000,1,bearing_unlocalized,0,1,1,0,,,
record_17_1_1778844771.wav,abnormal/others,摩擦,,,,,,0.987957,0,normal,0,0,0,0,,,
record_15_1_1778839979.wav,abnormal/others,摩擦,,,,,,0.999972,1,normal,0,0,0,0,,,
record_17_1_1779266128.wav,normal,17,0.139090,0.391599,0.013333,0.000000,0.500000,0.000000,0,normal,0,0,0,0,,,
record_15_1_1779164321.wav,abnormal/bearing,轴承,0.846947,0.999940,0.983333,1.000000,0.500013,1.000000,1,normal,0,0,0,0,,,
record_17_1_1779092774.wav,abnormal/others,摩擦,,,,,,0.999941,1,BSF,1,1,2,0,,,
record_15_1_1779083031.wav,abnormal/others,摩擦,,,,,,1.000000,1,bearing_unlocalized,0,1,1,0,,,
record_15_1_1779073608.wav,abnormal/others,故障,,,,,,0.999999,1,BSF,1,1,2,0,,,
record_15_1_1778986043.wav,normal,15,0.020454,0.005965,0.000000,0.000000,0.500000,0.000000,0,normal,0,0,0,0,,,
record_17_1_1778900544.wav,abnormal/others,摩擦,,,,,,0.875800,0,normal,0,0,0,0,,,
record_15_1_1778895359.wav,abnormal/others,摩擦,,,,,,0.003430,0,normal,0,0,0,0,,,
record_15_1_1778825382.wav,abnormal/others,摩擦,,,,,,0.000572,0,normal,0,0,0,0,,,
record_15_1_1778759819.wav,abnormal/others,摩擦,,,,,,0.872526,0,normal,0,0,0,0,,,
record_17_1_1778757525.wav,abnormal/bearing,轴承,0.982584,0.996173,0.990000,0.999999,0.500269,0.999999,1,normal,0,0,0,0,,,
record_15_1_1779151812.wav,abnormal/others,,,,,,,0.997969,0,normal,0,0,0,0,,,
record_17_1_1779083289.wav,abnormal/others,摩擦,,,,,,0.999994,1,normal,0,0,0,0,,,
record_17_1_1778931375.wav,abnormal/others,摩擦,,,,,,0.974540,0,normal,0,0,0,0,,,
record_17_1_1778921443.wav,abnormal/others,摩擦,,,,,,0.421369,0,normal,0,0,0,0,,,
record_17_1_1778843985.wav,abnormal/others,摩擦,,,,,,0.737039,0,normal,0,0,0,0,,,
record_17_1_1778839350.wav,abnormal/others,摩擦,,,,,,0.010974,0,normal,0,0,0,0,,,
record_15_1_1778838592.wav,abnormal/others,摩擦,,,,,,0.006225,0,normal,0,0,0,0,,,
record_17_1_1778498237.wav,abnormal/bearing,轴承,1.000000,0.815357,1.000000,1.000000,0.501199,1.000000,1,BPFO,1,1,3,0,,,
record_15_1_1779152234.wav,abnormal/others,摩擦,,,,,,1.000000,1,BPFI,1,1,1,0,,,
record_17_1_1779097586.wav,abnormal/others,摩擦,,,,,,0.028192,0,normal,0,0,0,0,,,
record_17_1_1779092507.wav,abnormal/others,故障,,,,,,1.000000,1,BPFI,1,1,1,0,,,
record_15_1_1778986717.wav,normal,15,0.159630,0.168725,0.146667,0.000183,1.000000,0.000183,0,normal,0,0,0,0,,,
record_15_1_1778901424.wav,abnormal/others,故障,,,,,,0.340422,0,normal,0,0,0,0,,,
record_15_1_1778822246.wav,abnormal/others,摩擦,,,,,,0.002498,0,normal,0,0,0,0,,,
record_17_1_1778811359.wav,abnormal/others,摩擦,,,,,,0.806573,0,normal,0,0,0,0,,,
record_17_1_1778754124.wav,abnormal/others,摩擦,,,,,,0.999993,1,normal,0,0,0,0,,,
record_15_1_1778743109.wav,abnormal/others,,,,,,,0.999960,1,normal,0,0,0,0,,,
record_15_1_1778654764.wav,abnormal/others,摩擦,,,,,,0.999926,1,normal,0,0,0,0,,,
record_15_1_1778643913.wav,abnormal/bearing,轴承,0.878311,0.946334,0.993333,1.000000,0.500010,1.000000,1,BPFO,1,1,2,0,,,
record_17_1_1779324616.wav,abnormal/others,摩擦,,,,,,0.030243,0,normal,0,0,0,0,,,
record_15_1_1778986548.wav,normal,15,0.015123,0.394189,0.083333,0.000280,1.000000,0.000280,0,normal,0,0,0,0,,,
record_15_1_1778986509.wav,normal,15,0.027835,0.004770,0.100000,0.000000,0.500001,0.000000,0,normal,0,0,0,0,,,
record_15_1_1778986129.wav,normal,15,0.044969,0.024013,0.000000,0.000000,0.500000,0.000000,0,normal,0,0,0,0,,,
record_15_1_1778984753.wav,abnormal/others,摩擦,,,,,,0.999670,0,bearing_unlocalized,0,1,1,0,,,
record_17_1_1778757697.wav,abnormal/bearing,轴承,0.274156,0.042403,0.686667,0.132724,0.500025,0.132724,0,normal,0,0,0,0,,,
record_15_1_1778739637.wav,abnormal/others,摩擦,,,,,,0.488746,0,normal,0,0,0,0,,,
record_17_1_1778719132.wav,abnormal/others,摩擦,,,,,,0.018209,0,normal,0,0,0,0,,,
record_17_1_1778644670.wav,abnormal/bearing,轴承,0.973161,0.932386,1.000000,1.000000,0.500035,1.000000,1,BPFI,1,1,1,0,,,
record_15_1_1778556545.wav,abnormal/others,摩擦,,,,,,0.999591,0,normal,0,0,0,0,,,
record_15_1_1779164216.wav,abnormal/bearing,轴承,0.998973,0.965079,1.000000,1.000000,0.500139,1.000000,1,BSF,1,1,1,0,,,
record_17_1_1779090092.wav,abnormal/others,摩擦,,,,,,0.007201,0,BSF,1,1,1,1,,,
record_17_1_1779073037.wav,abnormal/others,摩擦,,,,,,0.999996,1,normal,0,0,0,0,,,
record_17_1_1778908967.wav,abnormal/others,摩擦,,,,,,0.998926,0,normal,0,0,0,0,,,
record_17_1_1778806590.wav,abnormal/others,摩擦,,,,,,0.063736,0,normal,0,0,0,0,,,
record_17_1_1778740700.wav,abnormal/others,故障,,,,,,0.013275,0,bearing_unlocalized,0,1,1,0,,,
record_15_1_1778737589.wav,abnormal/others,摩擦,,,,,,0.989238,0,normal,0,0,0,0,,,
record_17_1_1779093734.wav,abnormal/others,,,,,,,0.990844,0,normal,0,0,0,0,,,
record_17_1_1779086279.wav,abnormal/others,摩擦,,,,,,0.999993,1,BSF,1,1,2,1,,,
record_17_1_1779076181.wav,abnormal/others,摩擦,,,,,,0.989384,0,normal,0,0,0,0,,,
record_15_1_1778981145.wav,abnormal/others,故障,,,,,,0.671062,0,normal,0,0,0,0,,,
record_17_1_1778826892.wav,abnormal/others,摩擦,,,,,,0.000004,0,normal,0,0,0,0,,,
record_15_1_1778556525.wav,abnormal/others,15摩擦,,,,,,0.295692,0,BSF,1,1,1,0,,,
record_17_1_1779262682.wav,abnormal/others,摩擦,,,,,,0.999995,1,normal,0,0,0,0,,,
record_15_1_1779105646.wav,abnormal/bearing,轴承,1.000000,0.763729,0.986667,0.999999,0.505690,0.999999,1,BSF,1,1,1,0,,,
record_17_1_1779089896.wav,abnormal/others,摩擦,,,,,,0.999975,1,normal,0,0,0,0,,,
record_15_1_1779083510.wav,abnormal/others,摩擦,,,,,,0.013891,0,normal,0,0,0,0,,,
record_17_1_1778907331.wav,abnormal/bearing,轴承,0.976008,0.999787,1.000000,1.000000,0.500009,1.000000,1,normal,0,0,0,0,,,
record_17_1_1778843062.wav,abnormal/others,摩擦,,,,,,0.469397,0,normal,0,0,0,0,,,
record_15_1_1778823266.wav,abnormal/others,故障,,,,,,0.999971,1,bearing_unlocalized,0,1,1,0,,,
record_15_1_1778753339.wav,abnormal/bearing,轴承,0.827917,0.897065,0.880000,0.999876,0.500040,0.999876,0,bearing_unlocalized,0,1,1,0,,,
record_15_1_1779329545.wav,abnormal/others,15,,,,,,1.000000,1,normal,0,0,0,0,,,
record_17_1_1779266448.wav,normal,17,0.042063,0.000487,0.000000,0.000000,0.500000,0.000000,0,normal,0,0,0,0,,,
record_17_1_1779259140.wav,abnormal/others,摩擦,,,,,,0.646425,0,normal,0,0,0,0,,,
record_15_1_1779094586.wav,abnormal/others,摩擦,,,,,,0.999999,1,bearing_unlocalized,0,1,1,0,,,
record_15_1_1779072134.wav,abnormal/others,摩擦,,,,,,0.999995,1,normal,0,0,0,0,,,
record_17_1_1778984567.wav,normal,17,0.012522,0.000579,0.000000,0.000000,0.500000,0.000000,0,normal,0,0,0,0,,,
record_17_1_1778908917.wav,abnormal/others,摩擦,,,,,,0.999924,0,normal,0,0,0,0,,,
record_17_1_1778898976.wav,abnormal/others,摩擦,,,,,,0.643050,0,normal,0,0,0,0,,,
record_17_1_1778841709.wav,abnormal/others,摩擦,,,,,,0.228839,0,normal,0,0,0,0,,,
record_17_1_1778815173.wav,abnormal/others,故障,,,,,,0.054720,0,normal,0,0,0,0,,,
record_15_1_1778736785.wav,abnormal/bearing,轴承,0.812915,0.998945,0.973333,0.999998,0.500065,0.999998,1,bearing_unlocalized,0,1,1,0,,,
record_15_1_1778718774.wav,abnormal/bearing,轴承,0.999982,0.956433,1.000000,1.000000,0.500341,1.000000,1,BSF,1,1,1,0,,,
record_17_1_1779322876.wav,abnormal/others,摩擦,,,,,,0.326106,0,normal,0,0,0,0,,,
record_17_1_1778984006.wav,normal,17,0.018975,0.001228,0.000000,0.000000,0.500000,0.000000,0,normal,0,0,0,0,,,
record_17_1_1778911730.wav,abnormal/others,摩擦,,,,,,0.949716,0,normal,0,0,0,0,,,
record_15_1_1778828171.wav,abnormal/others,摩擦,,,,,,0.808357,0,normal,0,0,0,0,,,
record_15_1_1778655077.wav,abnormal/bearing,轴承,0.997303,0.996173,1.000000,1.000000,0.500054,1.000000,1,bearing_unlocalized,0,1,1,0,,,
record_17_1_1779258158.wav,normal,17,0.423324,0.507768,0.153333,0.000068,0.500000,0.000068,0,normal,0,0,0,0,,,
record_17_1_1779074591.wav,abnormal/others,摩擦,,,,,,0.964992,0,normal,0,0,0,0,,,
record_17_1_1778982966.wav,normal,17,0.036111,0.000503,0.000000,0.000000,0.500000,0.000000,0,normal,0,0,0,0,,,
record_17_1_1778919182.wav,abnormal/others,摩擦,,,,,,0.994504,0,normal,0,0,0,0,,,
record_17_1_1778899243.wav,abnormal/others,故障,,,,,,0.015417,0,normal,0,0,0,0,,,
record_15_1_1778846748.wav,abnormal/others,摩擦,,,,,,0.243319,0,normal,0,0,0,0,,,
record_15_1_1778720388.wav,abnormal/others,摩擦,,,,,,0.000585,0,normal,0,0,0,0,,,
record_17_1_1779354296.wav,abnormal/others,摩擦,,,,,,0.999996,1,normal,0,0,0,0,,,
record_17_1_1779164369.wav,abnormal/bearing,轴承,0.918812,0.995849,1.000000,1.000000,0.500015,1.000000,1,BSF,1,1,1,0,,,
record_15_1_1779163031.wav,abnormal/others,15,,,,,,0.999999,1,normal,0,0,0,0,,,
record_17_1_1779157023.wav,abnormal/others,摩擦,,,,,,0.000808,0,normal,0,0,0,0,,,
record_15_1_1778730096.wav,abnormal/others,,,,,,,0.445217,0,normal,0,0,0,0,,,
record_15_1_1779101960.wav,abnormal/others,摩擦,,,,,,0.998997,0,normal,0,0,0,0,,,
record_17_1_1779084800.wav,abnormal/others,摩擦,,,,,,0.834463,0,normal,0,0,0,0,,,
record_15_1_1779073628.wav,abnormal/others,摩擦,,,,,,0.829039,0,BSF,1,1,1,1,,,
record_15_1_1778986156.wav,normal,15,0.022835,0.001963,0.000000,0.000000,0.500000,0.000000,0,normal,0,0,0,0,,,
record_17_1_1778985019.wav,normal,17,0.023079,0.000309,0.000000,0.000000,0.500000,0.000000,0,normal,0,0,0,0,,,
record_17_1_1778984348.wav,normal,17,0.032917,0.000164,0.000000,0.000000,0.500000,0.000000,0,normal,0,0,0,0,,,
record_17_1_1778899061.wav,abnormal/others,摩擦,,,,,,0.000378,0,normal,0,0,0,0,,,
record_15_1_1778895576.wav,abnormal/others,摩擦,,,,,,0.695818,0,normal,0,0,0,0,,,
record_17_1_1778894621.wav,abnormal/others,摩擦,,,,,,0.985842,0,BSF,1,1,1,0,,,
record_17_1_1778844092.wav,abnormal/others,摩擦,,,,,,0.007202,0,normal,0,0,0,0,,,
record_15_1_1778814977.wav,abnormal/others,,,,,,,1.000000,1,bearing_unlocalized,0,1,1,0,,,
record_17_1_1778719918.wav,abnormal/others,17,,,,,,0.999996,1,bearing_unlocalized,0,1,1,0,,,
record_17_1_1779327281.wav,abnormal/others,摩擦,,,,,,0.000102,0,normal,0,0,0,0,,,
record_17_1_1779094495.wav,abnormal/others,摩擦,,,,,,1.000000,1,BSF,1,1,1,0,,,
record_15_1_1779093733.wav,abnormal/others,摩擦,,,,,,0.998471,0,BSF,1,1,1,0,,,
record_17_1_1779089806.wav,abnormal/bearing,轴承,0.871092,0.997360,0.990000,1.000000,0.500016,1.000000,1,BSF,1,1,1,0,,,
record_15_1_1779084923.wav,abnormal/others,摩擦,,,,,,0.146409,0,bearing_unlocalized,0,1,1,0,,,
record_15_1_1778986769.wav,normal,15,0.020942,0.000485,0.010000,0.000000,0.500000,0.000000,0,normal,0,0,0,0,,,
record_15_1_1778986342.wav,normal,15,0.048403,0.004396,0.000000,0.000000,0.500000,0.000000,0,normal,0,0,0,0,,,
record_15_1_1778907950.wav,abnormal/others,摩擦,,,,,,0.999992,1,normal,0,0,0,0,,,
record_17_1_1778896286.wav,abnormal/others,摩擦,,,,,,0.000435,0,normal,0,0,0,0,,,
record_15_1_1778829369.wav,abnormal/others,摩擦,,,,,,0.997388,0,normal,0,0,0,0,,,
record_17_1_1778823298.wav,abnormal/others,摩擦,,,,,,0.000222,0,normal,0,0,0,0,,,
record_15_1_1778805053.wav,abnormal/others,摩擦,,,,,,0.051064,0,normal,0,0,0,0,,,
record_15_1_1778740346.wav,abnormal/others,,,,,,,0.999982,1,BSF,1,1,1,0,,,
record_15_1_1779330873.wav,normal,15,0.011343,0.000997,0.000000,0.000000,0.500000,0.000000,0,normal,0,0,0,0,,,
record_17_1_1779327354.wav,abnormal/others,摩擦,,,,,,0.999873,0,normal,0,0,0,0,,,
record_15_1_1779263561.wav,abnormal/bearing,轴承,0.103462,0.006237,0.226667,0.011002,0.500000,0.011002,0,normal,0,0,0,0,,,
record_17_1_1779258281.wav,normal,17,0.038995,0.001717,0.000000,0.000000,0.500000,0.000000,0,normal,0,0,0,0,,,
record_17_1_1779159197.wav,normal,17,0.022096,0.000905,0.000000,0.000000,0.500000,0.000000,0,normal,0,0,0,0,,,
record_17_1_1779156952.wav,abnormal/bearing,轴承,0.268765,0.225701,0.763333,0.999831,0.500009,0.999831,0,normal,0,0,0,0,,,
record_17_1_1779150214.wav,abnormal/bearing,轴承,0.913627,0.981553,0.916667,0.999997,0.500616,0.999997,1,normal,0,0,0,0,,,
record_15_1_1779095028.wav,abnormal/bearing,轴承,0.689981,0.997463,0.890000,0.985874,0.500026,0.985874,0,normal,0,0,0,0,,,
record_15_1_1779065440.wav,abnormal/others,摩擦,,,,,,0.038098,0,normal,0,0,0,0,,,
record_17_1_1779065249.wav,abnormal/others,故障,,,,,,0.000410,0,normal,0,0,0,0,,,
record_17_1_1778983007.wav,abnormal/bearing,轴承,0.692774,0.825202,0.693333,0.999102,0.500008,0.999102,0,BSF,1,1,1,0,,,
record_15_1_1778890135.wav,abnormal/others,摩擦,,,,,,0.001590,0,normal,0,0,0,0,,,
record_17_1_1778755908.wav,abnormal/others,摩擦,,,,,,0.948016,0,normal,0,0,0,0,,,
record_15_1_1778746989.wav,abnormal/others,摩擦,,,,,,0.010329,0,normal,0,0,0,0,,,
record_17_1_1779158774.wav,abnormal/others,摩擦,,,,,,0.580027,0,normal,0,0,0,0,,,
record_17_1_1779099118.wav,abnormal/others,故障,,,,,,0.999994,1,normal,0,0,0,0,,,
record_17_1_1779087348.wav,abnormal/others,摩擦,,,,,,0.724583,0,normal,0,0,0,0,,,
record_17_1_1779075162.wav,abnormal/others,,,,,,,0.967397,0,normal,0,0,0,0,,,
record_17_1_1779074943.wav,abnormal/others,,,,,,,0.999002,0,normal,0,0,0,0,,,
record_17_1_1778986436.wav,abnormal/others,摩擦,,,,,,0.000009,0,normal,0,0,0,0,,,
record_15_1_1778986194.wav,normal,15,0.065664,0.017650,0.000000,0.000000,0.500000,0.000000,0,normal,0,0,0,0,,,
record_17_1_1778984753.wav,abnormal/others,故障,,,,,,0.999993,1,normal,0,0,0,0,,,
record_17_1_1778982245.wav,abnormal/others,摩擦,,,,,,0.225597,0,normal,0,0,0,0,,,
record_17_1_1778913086.wav,abnormal/others,摩擦,,,,,,0.994393,0,normal,0,0,0,0,,,
record_17_1_1778893357.wav,abnormal/others,摩擦,,,,,,0.000880,0,normal,0,0,0,0,,,
record_17_1_1778746482.wav,abnormal/others,摩擦,,,,,,0.926637,0,normal,0,0,0,0,,,
record_15_1_1778723530.wav,abnormal/others,摩擦,,,,,,0.995892,0,BPFO,1,1,1,0,,,
record_15_1_1778720344.wav,abnormal/others,摩擦,,,,,,0.027963,0,normal,0,0,0,0,,,
record_17_1_1779327748.wav,abnormal/others,摩擦,,,,,,0.000065,0,normal,0,0,0,0,,,
record_17_1_1779322067.wav,abnormal/others,17摩擦,,,,,,0.999994,1,normal,0,0,0,0,,,
record_17_1_1779152234.wav,abnormal/bearing,轴承,0.957704,0.941106,0.993333,1.000000,0.500075,1.000000,1,BSF,1,1,3,0,,,
record_17_1_1779084243.wav,abnormal/others,摩擦,,,,,,0.999931,1,bearing_unlocalized,0,1,1,0,,,
record_15_1_1779068429.wav,abnormal/others,摩擦,,,,,,0.003605,0,normal,0,0,0,0,,,
record_17_1_1778979043.wav,abnormal/others,摩擦,,,,,,0.940608,0,normal,0,0,0,0,,,
record_17_1_1778848196.wav,abnormal/others,摩擦,,,,,,0.000357,0,normal,0,0,0,0,,,
record_15_1_1778842551.wav,abnormal/others,摩擦,,,,,,0.000060,0,normal,0,0,0,0,,,
record_17_1_1778834657.wav,abnormal/others,摩擦,,,,,,0.999998,1,normal,0,0,0,0,,,
record_17_1_1778824920.wav,abnormal/others,摩擦,,,,,,0.000231,0,normal,0,0,0,0,,,
record_17_1_1778744802.wav,abnormal/others,摩擦,,,,,,1.000000,1,BSF,1,1,1,0,,,
record_17_1_1778737128.wav,abnormal/others,摩擦,,,,,,0.999998,1,bearing_unlocalized,0,1,1,0,,,
record_15_1_1778720676.wav,abnormal/others,摩擦,,,,,,0.967035,0,normal,0,0,0,0,,,
record_17_1_1779352983.wav,abnormal/others,摩擦,,,,,,0.000048,0,normal,0,0,0,0,,,
record_15_1_1779328353.wav,abnormal/others,15,,,,,,1.000000,1,normal,0,0,0,0,,,
record_15_1_1779154673.wav,abnormal/others,15,,,,,,0.999996,1,BSF,1,1,1,0,,,
record_17_1_1779085768.wav,abnormal/others,摩擦,,,,,,0.979686,0,normal,0,0,0,0,,,
record_17_1_1779075709.wav,abnormal/others,摩擦,,,,,,0.999740,0,normal,0,0,0,0,,,
record_15_1_1779074590.wav,abnormal/others,摩擦,,,,,,0.000788,0,normal,0,0,0,0,,,
record_15_1_1778986260.wav,normal,15,0.018839,0.002718,0.056667,0.000000,0.500000,0.000000,0,normal,0,0,0,0,,,
record_15_1_1778979093.wav,abnormal/others,摩擦,,,,,,0.545834,0,normal,0,0,0,0,,,
record_17_1_1778931434.wav,abnormal/others,摩擦,,,,,,0.769287,0,normal,0,0,0,0,,,
record_17_1_1778894593.wav,abnormal/others,摩擦,,,,,,0.000171,0,normal,0,0,0,0,,,
record_15_1_1778841756.wav,abnormal/others,摩擦,,,,,,0.037759,0,normal,0,0,0,0,,,
record_15_1_1778753693.wav,abnormal/others,摩擦,,,,,,0.999998,1,BSF,1,1,1,0,,,
record_15_1_1778752718.wav,abnormal/others,故障,,,,,,1.000000,1,normal,0,0,0,0,,,
record_17_1_1778727722.wav,abnormal/others,故障,,,,,,0.999937,1,normal,0,0,0,0,,,
record_15_1_1778725519.wav,abnormal/others,摩擦,,,,,,0.010414,0,normal,0,0,0,0,,,
record_17_1_1778717476.wav,abnormal/others,摩擦,,,,,,0.999991,1,normal,0,0,0,0,,,
record_17_1_1779353936.wav,abnormal/others,摩擦,,,,,,0.000058,0,normal,0,0,0,0,,,
record_17_1_1778924613.wav,abnormal/others,摩擦,,,,,,0.335126,0,normal,0,0,0,0,,,
record_15_1_1778912027.wav,abnormal/others,摩擦,,,,,,0.051416,0,normal,0,0,0,0,,,
record_17_1_1778892564.wav,abnormal/others,摩擦,,,,,,0.880021,0,normal,0,0,0,0,,,
record_17_1_1778891055.wav,abnormal/others,故障,,,,,,1.000000,1,BSF,1,1,1,0,,,
record_15_1_1778740082.wav,abnormal/others,摩擦,,,,,,0.000975,0,normal,0,0,0,0,,,
record_15_1_1779106389.wav,abnormal/others,故障,,,,,,0.994819,0,normal,0,0,0,0,,,
record_17_1_1779102557.wav,abnormal/others,摩擦,,,,,,0.999546,0,normal,0,0,0,0,,,
record_15_1_1778986175.wav,normal,15,0.015634,0.003686,0.000000,0.000000,0.500000,0.000000,0,normal,0,0,0,0,,,
record_15_1_1778978780.wav,abnormal/others,摩擦,,,,,,0.880887,0,normal,0,0,0,0,,,
record_17_1_1778918236.wav,abnormal/bearing,轴承,0.995000,0.999738,0.953333,0.999999,0.500737,0.999999,1,normal,0,0,0,0,,,
record_15_1_1778900999.wav,abnormal/bearing,轴承,1.000000,0.848947,0.993333,1.000000,0.505416,1.000000,1,BPFO,1,1,1,0,,,
record_17_1_1778900452.wav,abnormal/bearing,轴承,0.860321,0.999585,1.000000,1.000000,0.500026,1.000000,1,normal,0,0,0,0,,,
record_17_1_1778899216.wav,abnormal/others,摩擦,,,,,,0.998495,0,normal,0,0,0,0,,,
record_15_1_1778760221.wav,abnormal/others,摩擦,,,,,,0.920605,0,normal,0,0,0,0,,,
record_17_1_1778740720.wav,abnormal/bearing,轴承,0.999999,0.947354,1.000000,1.000000,0.500227,1.000000,1,BPFI,1,1,2,0,,,
record_15_1_1778737472.wav,abnormal/bearing,轴承,0.968672,0.999142,0.986667,0.999994,0.500047,0.999994,1,normal,0,0,0,0,,,
record_15_1_1778656467.wav,abnormal/others,故障,,,,,,0.999055,0,normal,0,0,0,0,,,
record_17_1_1779354506.wav,abnormal/others,摩擦,,,,,,0.082822,0,normal,0,0,0,0,,,
record_15_1_1779263855.wav,abnormal/others,摩擦,,,,,,0.000025,0,normal,0,0,0,0,,,
record_17_1_1779262543.wav,abnormal/others,摩擦,,,,,,0.495347,0,normal,0,0,0,0,,,
record_15_1_1779153656.wav,abnormal/others,摩擦,,,,,,0.000007,0,normal,0,0,0,0,,,
record_17_1_1779093530.wav,abnormal/others,摩擦,,,,,,0.007812,0,normal,0,0,0,0,,,
record_15_1_1779071374.wav,abnormal/others,摩擦,,,,,,0.224375,0,normal,0,0,0,0,,,
record_17_1_1778982546.wav,abnormal/others,摩擦,,,,,,0.164357,0,normal,0,0,0,0,,,
record_15_1_1778913740.wav,abnormal/others,摩擦,,,,,,0.502941,0,normal,0,0,0,0,,,
record_15_1_1778903314.wav,abnormal/others,摩擦,,,,,,0.989531,0,normal,0,0,0,0,,,
record_17_1_1778738111.wav,abnormal/others,摩擦,,,,,,0.998587,0,normal,0,0,0,0,,,
record_17_1_1778721878.wav,abnormal/others,摩擦,,,,,,0.999642,0,normal,0,0,0,0,,,
record_15_1_1779327019.wav,normal,15,0.021662,0.000478,0.000000,0.000000,0.500000,0.000000,0,normal,0,0,0,0,,,
record_15_1_1779257734.wav,abnormal/others,摩擦,,,,,,0.100781,0,normal,0,0,0,0,,,
record_15_1_1779150937.wav,abnormal/others,摩擦,,,,,,0.999971,1,BSF,1,1,1,0,,,
record_15_1_1778900289.wav,abnormal/others,摩擦,,,,,,0.948593,0,normal,0,0,0,0,,,
record_17_1_1778759590.wav,abnormal/others,摩擦,,,,,,0.924436,0,normal,0,0,0,0,,,
record_17_1_1779353007.wav,abnormal/bearing,轴承,0.024679,0.000993,0.040000,0.000101,0.500000,0.000101,0,normal,0,0,0,0,,,
record_15_1_1779164010.wav,abnormal/others,故障,,,,,,0.000303,0,normal,0,0,0,0,,,
record_15_1_1779158180.wav,abnormal/others,摩擦,,,,,,0.000008,0,normal,0,0,0,0,,,
record_17_1_1778892148.wav,abnormal/bearing,轴承,0.896826,0.986043,1.000000,1.000000,0.500034,1.000000,1,bearing_unlocalized,0,1,2,0,,,
record_15_1_1778746596.wav,abnormal/others,摩擦,,,,,,0.998882,0,normal,0,0,0,0,,,
record_17_1_1778718231.wav,abnormal/others,摩擦,,,,,,0.999998,1,BSF,1,1,1,1,,,
record_17_1_1779327459.wav,abnormal/others,摩擦,,,,,,0.070450,0,normal,0,0,0,0,,,
record_15_1_1779322876.wav,abnormal/others,故障,,,,,,0.999986,1,normal,0,0,0,0,,,
record_17_1_1779270272.wav,abnormal/others,17,,,,,,0.208077,0,BSF,1,1,1,0,,,
record_17_1_1779157767.wav,abnormal/others,摩擦,,,,,,0.997163,0,normal,0,0,0,0,,,
record_17_1_1779155039.wav,abnormal/others,摩擦,,,,,,0.019817,0,normal,0,0,0,0,,,
record_17_1_1779099943.wav,abnormal/others,摩擦,,,,,,0.005301,0,normal,0,0,0,0,,,
record_17_1_1779088626.wav,abnormal/others,摩擦,,,,,,0.000831,0,normal,0,0,0,0,,,
record_17_1_1779071111.wav,abnormal/others,摩擦,,,,,,0.999999,1,normal,0,0,0,0,,,
record_15_1_1778986568.wav,normal,15,0.026178,0.004280,0.000000,0.000000,0.500000,0.000000,0,normal,0,0,0,0,,,
record_15_1_1778911730.wav,abnormal/others,摩擦,,,,,,0.999699,0,normal,0,0,0,0,,,
record_17_1_1778893177.wav,abnormal/others,摩擦,,,,,,0.000073,0,normal,0,0,0,0,,,
record_17_1_1778741867.wav,abnormal/others,摩擦,,,,,,0.959039,0,normal,0,0,0,0,,,
record_17_1_1778737626.wav,abnormal/others,摩擦,,,,,,0.154158,0,normal,0,0,0,0,,,
record_17_1_1778736721.wav,abnormal/others,摩擦,,,,,,0.960616,0,normal,0,0,0,0,,,
record_17_1_1779263376.wav,abnormal/others,摩擦,,,,,,0.999788,0,normal,0,0,0,0,,,
record_15_1_1779164530.wav,abnormal/bearing,轴承,0.999978,0.942412,0.993333,0.999999,0.501634,0.999999,1,normal,0,0,0,0,,,
record_15_1_1779093031.wav,abnormal/others,摩擦,,,,,,0.999093,0,normal,0,0,0,0,,,
record_17_1_1778982946.wav,normal,17,0.082756,0.016600,0.000000,0.000000,0.500000,0.000000,0,normal,0,0,0,0,,,
record_17_1_1778902893.wav,abnormal/others,摩擦,,,,,,0.017737,0,normal,0,0,0,0,,,
record_15_1_1778754585.wav,abnormal/others,摩擦,,,,,,0.014840,0,normal,0,0,0,0,,,
record_15_1_1778745171.wav,abnormal/others,故障,,,,,,0.999995,1,BSF,1,1,2,0,,,
record_17_1_1778740739.wav,abnormal/others,故障,,,,,,0.062756,0,normal,0,0,0,0,,,
record_15_1_1778556710.wav,abnormal/others,15,,,,,,0.999998,1,normal,0,0,0,0,,,
record_17_1_1779353837.wav,abnormal/bearing,轴承,0.999888,0.998152,1.000000,1.000000,0.500212,1.000000,1,normal,0,0,0,0,,,
record_17_1_1779326856.wav,abnormal/others,摩擦,,,,,,0.725869,0,normal,0,0,0,0,,,
record_17_1_1779266963.wav,normal,17,0.046019,0.002041,0.000000,0.000000,0.500000,0.000000,0,normal,0,0,0,0,,,
record_17_1_1779094586.wav,abnormal/others,故障,,,,,,0.000535,0,BPFI,1,1,1,1,,,
record_17_1_1778983039.wav,normal,17,0.043876,0.000759,0.000000,0.000000,0.500000,0.000000,0,normal,0,0,0,0,,,
record_17_1_1778924733.wav,abnormal/others,摩擦,,,,,,0.999984,1,normal,0,0,0,0,,,
record_15_1_1778902640.wav,abnormal/others,摩擦,,,,,,0.994607,0,bearing_unlocalized,0,1,1,0,,,
record_17_1_1778891237.wav,abnormal/others,摩擦,,,,,,0.999970,1,normal,0,0,0,0,,,
record_15_1_1778815095.wav,abnormal/others,摩擦,,,,,,0.881211,0,normal,0,0,0,0,,,
record_17_1_1778756087.wav,abnormal/bearing,轴承,0.999999,0.766581,0.996667,1.000000,0.500583,1.000000,1,bearing_unlocalized,0,1,1,0,,,
record_17_1_1778747640.wav,abnormal/others,摩擦,,,,,,0.988139,0,normal,0,0,0,0,,,
record_15_1_1778743050.wav,abnormal/others,摩擦,,,,,,0.936465,0,normal,0,0,0,0,,,
record_17_1_1778717559.wav,abnormal/others,摩擦,,,,,,0.999998,1,normal,0,0,0,0,,,
record_15_1_1778498313.wav,abnormal/bearing,轴承,0.601748,0.872386,0.693333,0.999832,0.500029,0.999832,0,normal,0,0,0,0,,,
record_17_1_1779324849.wav,abnormal/others,摩擦,,,,,,0.000246,0,normal,0,0,0,0,,,
record_15_1_1779099209.wav,abnormal/others,故障,,,,,,0.999994,1,BSF,1,1,2,0,,,
record_17_1_1779071220.wav,abnormal/others,,,,,,,0.999050,0,normal,0,0,0,0,,,
record_17_1_1778980182.wav,abnormal/others,摩擦,,,,,,0.000681,0,normal,0,0,0,0,,,
record_17_1_1778932656.wav,abnormal/others,摩擦,,,,,,0.392788,0,normal,0,0,0,0,,,
record_17_1_1778831446.wav,abnormal/others,摩擦,,,,,,0.319786,0,normal,0,0,0,0,,,
record_15_1_1778811474.wav,abnormal/others,故障,,,,,,0.999977,1,BSF,1,1,1,0,,,
record_17_1_1778727748.wav,abnormal/bearing,轴承,0.844017,0.992647,0.966667,1.000000,0.500418,1.000000,1,normal,0,0,0,0,,,
record_17_1_1779322897.wav,abnormal/others,摩擦,,,,,,0.000321,0,normal,0,0,0,0,,,
record_15_1_1779262373.wav,abnormal/others,摩擦,,,,,,0.182253,0,normal,0,0,0,0,,,
record_15_1_1779083152.wav,abnormal/others,摩擦,,,,,,0.000138,0,normal,0,0,0,0,,,
record_15_1_1778932491.wav,abnormal/others,摩擦,,,,,,0.998877,0,BSF,1,1,1,0,,,
record_17_1_1778892618.wav,abnormal/others,摩擦,,,,,,0.032055,0,normal,0,0,0,0,,,
record_15_1_1778847202.wav,abnormal/others,摩擦,,,,,,0.001457,0,normal,0,0,0,0,,,
record_17_1_1778831175.wav,abnormal/others,摩擦,,,,,,0.807667,0,normal,0,0,0,0,,,
record_17_1_1778813609.wav,abnormal/others,摩擦,,,,,,0.568542,0,normal,0,0,0,0,,,
record_17_1_1778724996.wav,abnormal/others,摩擦,,,,,,1.000000,1,bearing_unlocalized,0,1,1,0,,,
record_17_1_1779154299.wav,normal,17,0.030685,0.000623,0.000000,0.000000,0.500000,0.000000,0,normal,0,0,0,0,,,
record_15_1_1779094456.wav,abnormal/others,摩擦,,,,,,0.000325,0,normal,0,0,0,0,,,
record_15_1_1779089289.wav,abnormal/others,摩擦,,,,,,0.999991,1,bearing_unlocalized,0,1,1,0,,,
record_15_1_1778979758.wav,abnormal/others,摩擦,,,,,,0.999948,1,normal,0,0,0,0,,,
record_15_1_1778724950.wav,abnormal/others,摩擦,,,,,,0.042840,0,normal,0,0,0,0,,,
record_15_1_1778719917.wav,abnormal/others,摩擦,,,,,,0.666776,0,normal,0,0,0,0,,,
record_15_1_1778556568.wav,abnormal/others,15,,,,,,0.995017,0,bearing_unlocalized,0,1,1,0,,,
record_15_1_1779258403.wav,normal,15,0.027119,0.001244,0.000000,0.000000,0.500000,0.000000,0,normal,0,0,0,0,,,
record_17_1_1779150310.wav,abnormal/others,摩擦,,,,,,0.695574,0,normal,0,0,0,0,,,
record_17_1_1779097668.wav,abnormal/others,摩擦,,,,,,1.000000,1,bearing_unlocalized,0,1,1,0,,,
record_15_1_1779087134.wav,abnormal/bearing,轴承,0.892948,0.998145,0.966667,0.999994,0.500101,0.999994,1,bearing_unlocalized,0,1,1,0,,,
record_15_1_1778985936.wav,normal,15,0.006178,0.000078,0.000000,0.000000,0.500000,0.000000,0,normal,0,0,0,0,,,
record_17_1_1778984376.wav,abnormal/others,摩擦,,,,,,0.972209,0,normal,0,0,0,0,,,
record_17_1_1778925058.wav,abnormal/others,摩擦,,,,,,0.834247,0,normal,0,0,0,0,,,
record_17_1_1778889927.wav,abnormal/others,摩擦,,,,,,0.999983,1,normal,0,0,0,0,,,
record_15_1_1778816476.wav,abnormal/bearing,轴承,0.984669,0.999998,1.000000,1.000000,0.500083,1.000000,1,normal,0,0,0,0,,,
record_17_1_1778656533.wav,abnormal/bearing,轴承,0.995888,0.972419,1.000000,1.000000,0.500033,1.000000,1,BPFI,1,1,2,0,,,
record_17_1_1778655136.wav,abnormal/others,故障,,,,,,0.999987,1,normal,0,0,0,0,,,
record_17_1_1779352255.wav,abnormal/others,摩擦,,,,,,0.013687,0,normal,0,0,0,0,,,
record_17_1_1779329521.wav,abnormal/others,摩擦,,,,,,0.999875,0,BSF,1,1,1,0,,,
record_17_1_1779326503.wav,abnormal/others,摩擦,,,,,,0.006570,0,normal,0,0,0,0,,,
record_17_1_1778899827.wav,abnormal/others,摩擦,,,,,,0.174709,0,normal,0,0,0,0,,,
record_15_1_1778815192.wav,abnormal/others,摩擦,,,,,,0.902450,0,normal,0,0,0,0,,,
record_15_1_1778738924.wav,abnormal/others,故障,,,,,,0.004276,0,normal,0,0,0,0,,,
record_17_1_1778498453.wav,abnormal/others,17,,,,,,0.008301,0,normal,0,0,0,0,,,
record_15_1_1779164550.wav,abnormal/bearing,轴承,0.395372,0.873716,0.953333,0.999999,0.500021,0.999999,1,normal,0,0,0,0,,,
record_15_1_1779106578.wav,abnormal/bearing,轴承,0.698916,0.971691,0.883333,0.983431,0.500019,0.983431,0,BSF,1,1,1,0,,,
record_15_1_1778986676.wav,normal,15,0.018832,0.000225,0.000000,0.000000,0.500000,0.000000,0,normal,0,0,0,0,,,
record_17_1_1778983058.wav,normal,17,0.028355,0.001281,0.003333,0.000002,0.500000,0.000002,0,normal,0,0,0,0,,,
record_17_1_1778822951.wav,abnormal/others,摩擦,,,,,,0.997603,0,normal,0,0,0,0,,,
record_15_1_1778656030.wav,abnormal/bearing,轴承,0.986137,0.998901,0.996667,0.999999,0.500352,0.999999,1,bearing_unlocalized,0,1,1,0,,,
record_15_1_1779327418.wav,abnormal/bearing,轴承,1.000000,0.896912,0.953333,1.000000,0.501262,1.000000,1,normal,0,0,0,0,,,
record_17_1_1779267473.wav,normal,17,0.054221,0.001122,0.000000,0.000000,0.500000,0.000000,0,normal,0,0,0,0,,,
record_17_1_1779159549.wav,abnormal/others,摩擦,,,,,,0.999988,1,normal,0,0,0,0,,,
record_17_1_1779159325.wav,normal,17,0.034154,0.000530,0.000000,0.000000,0.500000,0.000000,0,normal,0,0,0,0,,,
record_17_1_1779094635.wav,abnormal/bearing,轴承,0.993775,0.903044,1.000000,1.000000,0.500181,1.000000,1,BPFI,1,1,1,0,,,
record_17_1_1778984328.wav,normal,17,0.028737,0.001689,0.000000,0.000000,0.500000,0.000000,0,normal,0,0,0,0,,,
record_17_1_1778928705.wav,abnormal/others,故障,,,,,,0.988563,0,normal,0,0,0,0,,,
record_15_1_1778843274.wav,abnormal/others,摩擦,,,,,,0.000376,0,normal,0,0,0,0,,,
record_17_1_1778749013.wav,abnormal/others,摩擦,,,,,,0.000002,0,normal,0,0,0,0,,,
record_17_1_1778745364.wav,abnormal/others,摩擦,,,,,,0.000668,0,normal,0,0,0,0,,,
record_15_1_1778745095.wav,abnormal/others,摩擦,,,,,,0.046303,0,normal,0,0,0,0,,,
record_17_1_1778741028.wav,abnormal/others,摩擦,,,,,,0.970266,0,normal,0,0,0,0,,,
record_17_1_1778727868.wav,abnormal/others,,,,,,,0.995695,0,normal,0,0,0,0,,,
record_15_1_1778719157.wav,abnormal/others,摩擦,,,,,,0.992075,0,normal,0,0,0,0,,,
record_17_1_1778654687.wav,abnormal/others,故障,,,,,,0.999996,1,normal,0,0,0,0,,,
record_15_1_1779092843.wav,abnormal/others,摩擦,,,,,,0.013940,0,normal,0,0,0,0,,,
record_15_1_1779076181.wav,abnormal/others,摩擦,,,,,,0.026803,0,normal,0,0,0,0,,,
record_17_1_1778984039.wav,normal,17,0.087581,0.003528,0.000000,0.000000,0.500000,0.000000,0,normal,0,0,0,0,,,
record_17_1_1778913515.wav,abnormal/others,摩擦,,,,,,0.000161,0,normal,0,0,0,0,,,
record_17_1_1778902731.wav,abnormal/others,摩擦,,,,,,0.194696,0,normal,0,0,0,0,,,
record_17_1_1778826674.wav,abnormal/others,摩擦,,,,,,0.999894,0,bearing_unlocalized,0,1,2,0,,,
record_17_1_1778815568.wav,abnormal/others,摩擦,,,,,,0.978383,0,normal,0,0,0,0,,,
record_17_1_1778743350.wav,abnormal/others,,,,,,,0.999352,0,normal,0,0,0,0,,,
record_15_1_1778720421.wav,abnormal/others,摩擦,,,,,,0.514195,0,normal,0,0,0,0,,,
record_15_1_1778667414.wav,abnormal/others,摩擦,,,,,,0.847322,0,bearing_unlocalized,0,1,1,0,,,
record_17_1_1778656588.wav,abnormal/others,,,,,,,1.000000,1,BPFI,1,1,2,0,,,
record_17_1_1779267649.wav,abnormal/others,摩擦,,,,,,0.027260,0,normal,0,0,0,0,,,
record_15_1_1779164511.wav,abnormal/bearing,轴承,1.000000,0.973759,1.000000,1.000000,0.502584,1.000000,1,normal,0,0,0,0,,,
record_17_1_1779158211.wav,abnormal/others,摩擦,,,,,,0.119703,0,BSF,1,1,1,1,,,
record_17_1_1778979875.wav,abnormal/bearing,轴承,0.983544,0.998980,0.993333,0.999995,0.500341,0.999995,1,bearing_unlocalized,0,1,1,0,,,
record_17_1_1778928086.wav,abnormal/others,摩擦,,,,,,1.000000,1,bearing_unlocalized,0,1,1,0,,,
record_15_1_1778824104.wav,abnormal/others,摩擦,,,,,,0.189398,0,normal,0,0,0,0,,,
record_17_1_1778655306.wav,abnormal/bearing,轴承,0.949645,0.924748,0.996667,1.000000,0.500013,1.000000,1,BPFI,1,1,1,0,,,
record_17_1_1779149267.wav,abnormal/others,摩擦,,,,,,1.000000,1,BSF,1,1,1,0,,,
record_17_1_1779065507.wav,abnormal/bearing,轴承,0.999910,0.991282,1.000000,0.999999,0.500636,0.999999,1,BSF,1,1,1,0,,,
record_17_1_1778979093.wav,abnormal/others,摩擦,,,,,,0.978059,0,normal,0,0,0,0,,,
record_17_1_1778838974.wav,abnormal/others,摩擦,,,,,,0.048104,0,normal,0,0,0,0,,,
record_17_1_1778825414.wav,abnormal/others,摩擦,,,,,,0.999803,0,normal,0,0,0,0,,,
record_15_1_1778756256.wav,abnormal/others,摩擦,,,,,,0.342439,0,normal,0,0,0,0,,,
record_17_1_1778727642.wav,abnormal/others,摩擦,,,,,,0.987755,0,normal,0,0,0,0,,,
record_17_1_1778719001.wav,abnormal/others,17,,,,,,0.953696,0,normal,0,0,0,0,,,
record_15_1_1779164028.wav,abnormal/bearing,轴承,1.000000,0.952443,0.993333,0.999999,0.500774,0.999999,1,normal,0,0,0,0,,,
record_15_1_1778978267.wav,abnormal/others,摩擦,,,,,,0.057539,0,BPFI,1,1,1,0,,,
record_17_1_1778907515.wav,abnormal/others,摩擦,,,,,,0.930027,0,normal,0,0,0,0,,,
record_15_1_1778907304.wav,abnormal/bearing,轴承,0.995902,0.997972,0.940000,0.999942,0.500436,0.999942,1,normal,0,0,0,0,,,
record_15_1_1778900210.wav,abnormal/others,摩擦,,,,,,0.999961,1,normal,0,0,0,0,,,
record_17_1_1778827248.wav,abnormal/others,摩擦,,,,,,0.967130,0,normal,0,0,0,0,,,
record_17_1_1778809092.wav,abnormal/others,摩擦,,,,,,0.839268,0,normal,0,0,0,0,,,
record_15_1_1778738278.wav,abnormal/others,摩擦,,,,,,0.980587,0,normal,0,0,0,0,,,
record_17_1_1779265641.wav,normal,17,0.041873,0.000578,0.000000,0.000000,0.500000,0.000000,0,normal,0,0,0,0,,,
record_15_1_1778986108.wav,normal,15,0.032777,0.001713,0.000000,0.000000,0.500000,0.000000,0,normal,0,0,0,0,,,
record_15_1_1778986087.wav,abnormal/bearing,轴承,0.557355,0.974632,0.310000,0.461077,0.500004,0.461077,0,normal,0,0,0,0,,,
record_17_1_1778978471.wav,abnormal/others,摩擦,,,,,,0.521940,0,normal,0,0,0,0,,,
record_17_1_1778919461.wav,abnormal/others,故障,,,,,,1.000000,1,bearing_unlocalized,0,1,1,0,,,
record_17_1_1778911557.wav,abnormal/others,摩擦,,,,,,0.000052,0,normal,0,0,0,0,,,
record_15_1_1778652367.wav,abnormal/bearing,轴承,0.996644,0.999980,1.000000,1.000000,0.500108,1.000000,1,normal,0,0,0,0,,,
record_17_1_1779164551.wav,abnormal/bearing,轴承,0.998905,0.987658,0.996667,1.000000,0.500275,1.000000,1,BSF,1,1,1,0,,,
record_15_1_1779164301.wav,abnormal/others,15,,,,,,1.000000,1,normal,0,0,0,0,,,
record_15_1_1779159795.wav,abnormal/others,15,,,,,,0.000000,0,normal,0,0,0,0,,,
record_17_1_1779153915.wav,abnormal/others,摩擦,,,,,,0.012815,0,normal,0,0,0,0,,,
record_17_1_1778983252.wav,normal,17,0.060405,0.010529,0.003333,0.000000,0.500000,0.000000,0,bearing_unlocalized,0,1,1,0,,,
record_15_1_1778981868.wav,abnormal/others,摩擦,,,,,,0.933411,0,bearing_unlocalized,0,1,1,0,,,
record_17_1_1778909940.wav,abnormal/others,摩擦,,,,,,0.033816,0,normal,0,0,0,0,,,
record_15_1_1778840904.wav,abnormal/others,故障,,,,,,0.002474,0,normal,0,0,0,0,,,
record_17_1_1778829923.wav,abnormal/bearing,轴承,0.694759,0.896541,0.996667,1.000000,0.500009,1.000000,1,BPFO,1,1,1,0,,,
record_15_1_1778825814.wav,abnormal/others,摩擦,,,,,,0.994015,0,BSF,1,1,1,0,,,
record_17_1_1778816304.wav,abnormal/others,摩擦,,,,,,0.999971,1,normal,0,0,0,0,,,
record_17_1_1778742860.wav,abnormal/bearing,轴承,1.000000,0.780256,0.956667,0.999999,0.506876,0.999999,1,normal,0,0,0,0,,,
record_17_1_1778738506.wav,abnormal/others,故障,,,,,,0.999948,1,normal,0,0,0,0,,,
record_17_1_1778723271.wav,abnormal/others,摩擦,,,,,,0.997999,0,normal,0,0,0,0,,,
record_17_1_1778721976.wav,abnormal/others,摩擦,,,,,,0.999998,1,normal,0,0,0,0,,,
record_17_1_1778651540.wav,abnormal/others,故障,,,,,,0.990513,0,normal,0,0,0,0,,,
record_17_1_1779324159.wav,abnormal/others,摩擦,,,,,,0.001636,0,normal,0,0,0,0,,,
record_15_1_1779267649.wav,abnormal/others,摩擦,,,,,,0.133800,0,BSF,1,1,1,0,,,
record_17_1_1779158241.wav,normal,17,0.026699,0.000251,0.000000,0.000000,0.500000,0.000000,0,normal,0,0,0,0,,,
record_17_1_1778929464.wav,abnormal/others,摩擦,,,,,,0.000057,0,normal,0,0,0,0,,,
record_17_1_1778900084.wav,abnormal/others,摩擦,,,,,,0.999977,1,normal,0,0,0,0,,,
record_17_1_1778842215.wav,abnormal/others,摩擦,,,,,,0.000013,0,normal,0,0,0,0,,,
record_15_1_1778838434.wav,abnormal/others,摩擦,,,,,,0.349844,0,normal,0,0,0,0,,,
record_17_1_1778827272.wav,abnormal/others,摩擦,,,,,,0.999969,1,normal,0,0,0,0,,,
record_17_1_1778815690.wav,abnormal/others,摩擦,,,,,,0.964038,0,normal,0,0,0,0,,,
record_15_1_1778739947.wav,abnormal/others,摩擦,,,,,,0.022525,0,normal,0,0,0,0,,,
record_17_1_1778657355.wav,abnormal/others,17,,,,,,0.887384,0,normal,0,0,0,0,,,
record_17_1_1779330606.wav,abnormal/others,摩擦,,,,,,0.000004,0,normal,0,0,0,0,,,
record_15_1_1779149683.wav,abnormal/others,15弱轴音,,,,,,0.999023,0,normal,0,0,0,0,,,
record_17_1_1778985535.wav,abnormal/bearing,轴承,0.675690,0.995131,0.993333,1.000000,0.500016,1.000000,1,normal,0,0,0,0,,,
record_17_1_1778845116.wav,abnormal/others,摩擦,,,,,,0.077917,0,normal,0,0,0,0,,,
record_15_1_1778833842.wav,abnormal/bearing,轴承,0.761383,0.958409,0.956667,1.000000,0.500008,1.000000,1,normal,0,0,0,0,,,
record_15_1_1778831058.wav,abnormal/bearing,轴承,0.821760,0.937827,0.876667,0.999999,0.500030,0.999999,1,normal,0,0,0,0,,,
record_17_1_1778740623.wav,abnormal/others,,,,,,,0.999999,1,BSF,1,1,1,0,,,
record_17_1_1778740367.wav,abnormal/others,摩擦,,,,,,0.996346,0,normal,0,0,0,0,,,
record_17_1_1778666302.wav,abnormal/others,17,,,,,,1.000000,1,BPFI,1,1,1,0,,,
record_15_1_1778659373.wav,abnormal/others,15,,,,,,0.999996,1,normal,0,0,0,0,,,
record_17_1_1779351375.wav,abnormal/bearing,轴承,0.343184,0.402127,0.916667,0.999987,0.500006,0.999987,1,normal,0,0,0,0,,,
record_15_1_1779157785.wav,normal,15,0.028583,0.000840,0.000000,0.000000,0.500000,0.000000,0,normal,0,0,0,0,,,
record_15_1_1779155612.wav,abnormal/bearing,轴承,0.264577,0.516990,0.526667,0.996339,0.500003,0.996339,0,normal,0,0,0,0,,,
record_15_1_1778986322.wav,normal,15,0.025963,0.002812,0.003333,0.000000,0.500000,0.000000,0,normal,0,0,0,0,,,
record_17_1_1778985717.wav,abnormal/bearing,轴承,0.528480,0.449163,0.953333,0.999997,0.500021,0.999997,1,normal,0,0,0,0,,,
record_17_1_1778892381.wav,abnormal/others,摩擦,,,,,,0.999978,1,normal,0,0,0,0,,,
record_17_1_1778743947.wav,abnormal/others,摩擦,,,,,,0.956247,0,normal,0,0,0,0,,,
record_17_1_1778728006.wav,abnormal/others,摩擦,,,,,,0.177037,0,normal,0,0,0,0,,,
record_15_1_1778727793.wav,abnormal/bearing,轴承,0.814310,0.964125,0.786667,0.999989,0.500004,0.999989,1,bearing_unlocalized,0,1,1,0,,,
record_15_1_1778725077.wav,abnormal/bearing,轴承,0.805063,0.996251,0.996667,1.000000,0.500005,1.000000,1,bearing_unlocalized,0,1,1,0,,,
record_17_1_1779350272.wav,abnormal/others,摩擦,,,,,,0.002852,0,normal,0,0,0,0,,,
record_17_1_1779158792.wav,normal,17,0.023655,0.005894,0.000000,0.000000,0.500000,0.000000,0,normal,0,0,0,0,,,
record_17_1_1779158260.wav,normal,17,0.044652,0.000542,0.000000,0.000000,0.500000,0.000000,0,normal,0,0,0,0,,,
record_17_1_1778900670.wav,abnormal/others,摩擦,,,,,,0.999995,1,normal,0,0,0,0,,,
record_17_1_1778832441.wav,abnormal/others,摩擦,,,,,,0.296213,0,normal,0,0,0,0,,,
record_17_1_1778825692.wav,abnormal/others,摩擦,,,,,,0.144774,0,normal,0,0,0,0,,,
record_17_1_1778736067.wav,abnormal/bearing,轴承,0.551156,0.965684,0.970000,1.000000,0.500012,1.000000,1,BSF,1,1,1,0,,,
record_17_1_1778729505.wav,abnormal/others,摩擦,,,,,,0.999992,1,normal,0,0,0,0,,,
record_15_1_1778728640.wav,abnormal/bearing,轴承,0.909441,0.835375,0.740000,0.995151,0.500008,0.995151,0,BSF,1,1,1,0,,,
record_17_1_1779271483.wav,abnormal/others,摩擦,,,,,,0.272686,0,normal,0,0,0,0,,,
record_17_1_1779164474.wav,abnormal/others,17,,,,,,0.999999,1,normal,0,0,0,0,,,
record_15_1_1779159669.wav,normal,15,0.020955,0.000758,0.000000,0.000000,0.500000,0.000000,0,normal,0,0,0,0,,,
record_15_1_1779159643.wav,abnormal/others,15mc 轻微,,,,,,0.999830,0,normal,0,0,0,0,,,
record_17_1_1779090903.wav,abnormal/others,摩擦,,,,,,0.637085,0,normal,0,0,0,0,,,
record_15_1_1779086693.wav,abnormal/bearing,轴承,0.999912,0.951359,1.000000,1.000000,0.500542,1.000000,1,BPFO,1,1,2,0,,,
record_17_1_1778909668.wav,abnormal/others,摩擦,,,,,,0.992391,0,normal,0,0,0,0,,,
record_17_1_1778900471.wav,abnormal/others,摩擦,,,,,,0.000320,0,normal,0,0,0,0,,,
record_17_1_1778736432.wav,abnormal/bearing,轴承,0.997981,0.999996,1.000000,1.000000,0.500142,1.000000,1,normal,0,0,0,0,,,
record_17_1_1778652120.wav,abnormal/bearing,轴承,0.980925,0.948642,1.000000,1.000000,0.500016,1.000000,1,BPFI,1,1,2,0,,,
record_15_1_1779155739.wav,abnormal/others,故障,,,,,,0.999998,1,BPFO,1,1,1,0,,,
record_17_1_1779154092.wav,normal,17,0.019634,0.000704,0.000000,0.000000,0.500000,0.000000,0,normal,0,0,0,0,,,
record_15_1_1778985984.wav,normal,15,0.028392,0.003144,0.000000,0.000000,0.500000,0.000000,0,normal,0,0,0,0,,,
record_15_1_1778925058.wav,abnormal/others,摩擦,,,,,,0.999995,1,BSF,1,1,1,0,,,
record_17_1_1778806499.wav,abnormal/others,摩擦,,,,,,0.999988,1,normal,0,0,0,0,,,
record_17_1_1778755949.wav,abnormal/others,摩擦,,,,,,0.916518,0,normal,0,0,0,0,,,
record_17_1_1778744164.wav,abnormal/others,摩擦,,,,,,0.228914,0,normal,0,0,0,0,,,
record_17_1_1778740807.wav,abnormal/others,摩擦,,,,,,0.999998,1,normal,0,0,0,0,,,
record_17_1_1778725148.wav,abnormal/others,故障,,,,,,0.974132,0,normal,0,0,0,0,,,
record_17_1_1779323092.wav,abnormal/others,摩擦,,,,,,0.531840,0,normal,0,0,0,0,,,
record_17_1_1779263856.wav,abnormal/others,摩擦,,,,,,0.000766,0,normal,0,0,0,0,,,
record_17_1_1779163032.wav,abnormal/others,17,,,,,,0.999998,1,normal,0,0,0,0,,,
record_17_1_1779069215.wav,abnormal/others,摩擦,,,,,,0.000262,0,normal,0,0,0,0,,,
record_15_1_1778986587.wav,normal,15,0.010622,0.000458,0.000000,0.000000,0.500000,0.000000,0,normal,0,0,0,0,,,
record_15_1_1778895833.wav,abnormal/others,摩擦,,,,,,0.999892,0,BPFI,1,1,2,0,,,
record_15_1_1778891430.wav,abnormal/others,摩擦,,,,,,0.999042,0,normal,0,0,0,0,,,
record_15_1_1778839482.wav,abnormal/others,摩擦,,,,,,0.021538,0,normal,0,0,0,0,,,
record_15_1_1778806674.wav,abnormal/others,摩擦,,,,,,0.000014,0,normal,0,0,0,0,,,
record_15_1_1778744027.wav,abnormal/bearing,轴承,0.978473,0.964955,1.000000,1.000000,0.500020,1.000000,1,BPFI,1,1,1,0,,,
record_15_1_1778741110.wav,abnormal/others,摩擦,,,,,,0.999691,0,normal,0,0,0,0,,,
record_17_1_1778730120.wav,abnormal/others,故障,,,,,,0.998756,0,bearing_unlocalized,0,1,2,0,,,
record_17_1_1779270832.wav,normal,17,0.018122,0.000773,0.000000,0.000000,0.500000,0.000000,0,normal,0,0,0,0,,,
record_17_1_1779087410.wav,abnormal/bearing,轴承,0.974905,0.965161,0.996667,1.000000,0.500031,1.000000,1,BSF,1,1,1,0,,,
record_17_1_1779074882.wav,abnormal/others,摩擦,,,,,,0.995350,0,normal,0,0,0,0,,,
record_17_1_1779065394.wav,abnormal/others,摩擦,,,,,,0.000094,0,normal,0,0,0,0,,,
record_15_1_1778659959.wav,abnormal/others,15,,,,,,0.999945,1,bearing_unlocalized,0,1,1,0,,,
record_17_1_1779325615.wav,abnormal/others,摩擦,,,,,,0.999789,0,normal,0,0,0,0,,,
record_17_1_1779162960.wav,abnormal/bearing,轴承,0.999983,0.960681,0.996667,1.000000,0.500288,1.000000,1,bearing_unlocalized,0,1,1,0,,,
record_17_1_1778984516.wav,normal,17,0.022387,0.001645,0.000000,0.000000,0.500000,0.000000,0,normal,0,0,0,0,,,
record_17_1_1778841052.wav,abnormal/others,摩擦,,,,,,0.995837,0,normal,0,0,0,0,,,
record_17_1_1778831701.wav,abnormal/others,摩擦,,,,,,0.000778,0,normal,0,0,0,0,,,
record_17_1_1778723965.wav,abnormal/others,摩擦,,,,,,0.995375,0,normal,0,0,0,0,,,
record_17_1_1778718438.wav,abnormal/others,摩擦,,,,,,0.985329,0,normal,0,0,0,0,,,
record_15_1_1779352908.wav,abnormal/others,摩擦,,,,,,0.550253,0,normal,0,0,0,0,,,
record_17_1_1779265794.wav,normal,17,0.024791,0.002823,0.000000,0.000000,0.500000,0.000000,0,normal,0,0,0,0,,,
record_15_1_1779106675.wav,normal,15,0.025270,0.000688,0.003333,0.000000,0.500000,0.000000,0,normal,0,0,0,0,,,
record_17_1_1779090591.wav,abnormal/others,摩擦,,,,,,0.435938,0,normal,0,0,0,0,,,
record_17_1_1778977506.wav,abnormal/others,摩擦,,,,,,0.813729,0,normal,0,0,0,0,,,
record_15_1_1778929227.wav,abnormal/bearing,轴承,0.283033,0.083630,0.413333,0.408663,0.500007,0.408663,0,normal,0,0,0,0,,,
record_15_1_1778840813.wav,abnormal/others,摩擦,,,,,,0.414528,0,normal,0,0,0,0,,,
record_15_1_1778728437.wav,abnormal/others,摩擦,,,,,,0.999898,0,BSF,1,1,2,0,,,
record_17_1_1778726271.wav,abnormal/others,摩擦,,,,,,0.998646,0,normal,0,0,0,0,,,
record_17_1_1778656785.wav,abnormal/others,17,,,,,,1.000000,1,BPFI,1,1,1,0,,,
record_17_1_1778469813.wav,abnormal/others,17,,,,,,0.999999,1,normal,0,0,0,0,,,
record_17_1_1779330893.wav,normal,17,0.014954,0.000062,0.000000,0.000000,0.500000,0.000000,0,normal,0,0,0,0,,,
record_15_1_1779267473.wav,abnormal/others,摩擦,,,,,,0.999977,1,normal,0,0,0,0,,,
record_17_1_1778912183.wav,abnormal/others,摩擦,,,,,,1.000000,1,BSF,1,1,1,0,,,
record_17_1_1778901647.wav,abnormal/others,摩擦,,,,,,0.052423,0,normal,0,0,0,0,,,
record_17_1_1778891361.wav,abnormal/others,摩擦,,,,,,0.022421,0,normal,0,0,0,0,,,
record_17_1_1778840760.wav,abnormal/others,摩擦,,,,,,0.127401,0,normal,0,0,0,0,,,
record_15_1_1778813032.wav,abnormal/bearing,轴承,0.168454,0.332117,0.763333,0.997065,0.500011,0.997065,0,normal,0,0,0,0,,,
record_17_1_1778743410.wav,abnormal/others,摩擦,,,,,,0.017840,0,normal,0,0,0,0,,,
record_17_1_1778729660.wav,abnormal/bearing,轴承,0.165700,0.136224,0.193333,0.000111,0.500000,0.000111,0,normal,0,0,0,0,,,
record_15_1_1778470042.wav,abnormal/bearing,轴承,0.578800,0.987277,0.896667,0.999985,0.500024,0.999985,1,normal,0,0,0,0,,,
record_17_1_1778981194.wav,abnormal/others,摩擦,,,,,,0.999975,1,normal,0,0,0,0,,,
record_17_1_1778976691.wav,abnormal/others,摩擦,,,,,,0.999636,0,normal,0,0,0,0,,,
record_17_1_1778931034.wav,abnormal/others,摩擦,,,,,,0.960647,0,normal,0,0,0,0,,,
record_17_1_1778910241.wav,abnormal/others,摩擦,,,,,,0.000091,0,normal,0,0,0,0,,,
record_15_1_1778840737.wav,abnormal/others,摩擦,,,,,,0.929677,0,normal,0,0,0,0,,,
record_17_1_1778747853.wav,abnormal/others,摩擦,,,,,,0.991654,0,bearing_unlocalized,0,1,1,0,,,
record_17_1_1778723551.wav,abnormal/bearing,轴承,1.000000,0.791332,0.983333,1.000000,0.502171,1.000000,1,bearing_unlocalized,0,1,1,0,,,
record_17_1_1778657102.wav,abnormal/others,17,,,,,,0.864064,0,normal,0,0,0,0,,,
record_17_1_1779164282.wav,normal,17,0.108308,0.011512,0.036667,0.000003,0.500000,0.000003,0,normal,0,0,0,0,,,
record_15_1_1779098906.wav,abnormal/others,摩擦,,,,,,0.997290,0,bearing_unlocalized,0,1,1,0,,,
record_17_1_1778983300.wav,normal,17,0.115917,0.019300,0.003333,0.000001,0.500000,0.000001,0,normal,0,0,0,0,,,
record_17_1_1778981824.wav,abnormal/bearing,轴承,0.926749,0.985314,1.000000,1.000000,0.500026,1.000000,1,normal,0,0,0,0,,,
record_17_1_1778467288.wav,normal,,0.854355,0.389488,0.273333,0.000146,0.511080,0.000146,0,normal,0,0,0,0,,,
