id,storage_path,file_label_status,description,is_normal,is_abnormal,is_bearing,is_friction,is_detailed,subset,detailed_label,rpm_est,rpm_fallback,rpm_fr_hz,rpm_prom_ratio,maha_dist,trigger,conf_outer,conf_inner,conf_ball,max_conf,pred_normal_abnormal,pred_fault_type,low_conf,argmax_class,match_verdict,match_confidence,band_low,band_high,best_kurtosis,feat_kurtosis,feat_crest_factor,feat_clearance_factor,clip_ratio,duration_s,elapsed_s,note,comb_freqs,comb_confirmed,cepstrum_confirmed,suspected_interference,bearing_unlocalized,n_clean_combs,n_localized,comb_detail
9913,/home/dayin/git/audio-labeling/backend/storage/audio/product_1/record_17_1_1778467288.wav,1,,1,0,0,0,0,正常,,1150,1,19.1667,1.20012,6.33879,0,0,0,0,0,正常,正常,0,外圈,,,666.667,1333.33,732.468,32.6451,27.4052,42.4042,0,3.85,0.7831,,,0,0,0,0,0,0,[]
10012,/home/dayin/git/audio-labeling/backend/storage/audio/product_1/record_17_1_1778981824.wav,-1,轴承,0,1,1,0,0,轴承,,1150,1,19.1667,1.83901,0.830377,0,0,0,0,0,正常,正常,0,外圈,,,333.333,666.667,9.1411,9.1979,7.25328,12.9917,0,3.8,0.674,,,0,0,0,0,0,0,[]
10013,/home/dayin/git/audio-labeling/backend/storage/audio/product_1/record_17_1_1778983300.wav,1,17,1,0,0,0,0,正常,,1150,1,19.1667,2.71738,0.194608,0,0,0,0,0,正常,正常,0,外圈,,,666.667,2000,2.67287,3.35077,5.33277,7.97366,0,3.80844,0.9612,,,0,0,0,0,0,0,[]
10040,/home/dayin/git/audio-labeling/backend/storage/audio/product_1/record_15_1_1779098906.wav,-1,摩擦,0,1,0,1,0,摩擦,,1150,1,19.1667,0.54972,3.9991,0,0,0,0,0,异常,轴承-未定位,0,外圈,,,2666.67,5333.33,66.8892,53.0104,20.6368,38.1236,0,3.85,0.7212,,30.65,1,1,0,1,1,0,"[{""f0"": 30.649, ""score"": 0.4989, ""hits"": 5, ""cep_hits"": 2, ""interference"": false, ""guard"": """", ""band"": """", ""cls"": null, ""fr_hyp"": null}]"
10054,/home/dayin/git/audio-labeling/backend/storage/audio/product_1/record_17_1_1779164282.wav,1,17,1,0,0,0,0,正常,,1150,1,19.1667,4.04685,0.245857,0,0,0,0,0,正常,正常,0,外圈,,,1,500,4.76522,3.18224,5.05787,7.56521,0,3.85,0.7485,,,0,0,0,0,0,0,[]
10085,/home/dayin/git/audio-labeling/backend/storage/audio/product_1/record_17_1_1778657102.wav,-1,17,0,1,0,0,0,其他异常,,1137.66,0,18.961,12.129,2.87046,0,0,0,0,0,正常,正常,0,外圈,,,1333.33,2666.67,16.2432,10.2411,9.26417,20.3684,0,3.85,0.7103,,,0,0,0,0,0,0,[]
10098,/home/dayin/git/audio-labeling/backend/storage/audio/product_1/record_17_1_1778723551.wav,-1,轴承,0,1,1,0,0,轴承,,1150,1,19.1667,2.36942,5.46827,0,0,0,0,0,异常,轴承-未定位,0,外圈,,,4000,7984,14.0149,11.6629,5.58317,21.9394,0,3.87519,0.7191,,22.19,1,1,0,1,1,0,"[{""f0"": 22.192, ""score"": 0.9236, ""hits"": 5, ""cep_hits"": 2, ""interference"": false, ""guard"": """", ""band"": """", ""cls"": null, ""fr_hyp"": null}]"
10117,/home/dayin/git/audio-labeling/backend/storage/audio/product_1/record_17_1_1778747853.wav,-1,摩擦,0,1,0,1,0,摩擦,,1150,1,19.1667,1.36037,4.48068,0,0,0.0392627,0.0354225,0.0392627,异常,轴承-未定位,0,内圈,,,1000,2000,74.8856,67.9544,23.3032,43.2099,0,3.8,0.6895,,70.66,1,1,0,1,1,0,"[{""f0"": 70.658, ""score"": 0.1844, ""hits"": 4, ""cep_hits"": 3, ""interference"": false, ""guard"": """", ""band"": """", ""cls"": null, ""fr_hyp"": 20.0}]"
10145,/home/dayin/git/audio-labeling/backend/storage/audio/product_1/record_15_1_1778840737.wav,-1,摩擦,0,1,0,1,0,摩擦,,1150,1,19.1667,2.1677,3.47601,0,0,0,0,0,正常,正常,0,外圈,,,3333.33,4666.67,13.9673,12.5042,17.2848,27.9089,0,3.923,0.7205,,,2,0,0,0,0,0,[]
10165,/home/dayin/git/audio-labeling/backend/storage/audio/product_1/record_17_1_1778910241.wav,-1,摩擦,0,1,0,1,0,摩擦,,1150,1,19.1667,1.41618,10.1294,1,0,0,0,0,异常,摩擦,1,外圈,,,666.667,1333.33,923.481,212.377,49.739,83.3931,0,3.8,0.653,,,0,0,0,0,0,0,[]
10172,/home/dayin/git/audio-labeling/backend/storage/audio/product_1/record_17_1_1778931034.wav,-1,摩擦,0,1,0,1,0,摩擦,,1150,1,19.1667,2.10558,4.97032,0,0,0,0,0,正常,正常,0,外圈,,,2666.67,5333.33,72.5197,92.0744,24.5864,49.8018,0,3.8,0.6551,,,0,0,0,0,0,0,[]
10173,/home/dayin/git/audio-labeling/backend/storage/audio/product_1/record_17_1_1778976691.wav,-1,摩擦,0,1,0,1,0,摩擦,,1150,1,19.1667,1.29017,3.40687,0,0,0,0,0,正常,正常,0,外圈,,,2500,2833.33,16.4245,15.3311,17.5284,27.8712,0,3.8,0.6205,,,0,0,0,0,0,0,[]
10181,/home/dayin/git/audio-labeling/backend/storage/audio/product_1/record_17_1_1778981194.wav,-1,摩擦,0,1,0,1,0,摩擦,,1150,1,19.1667,1.0726,8.53612,0,0,0,0,0,正常,正常,0,外圈,,,666.667,2000,557.345,521.095,46.2673,109.051,0,3.8,0.6439,,,0,0,0,0,0,0,[]
10239,/home/dayin/git/audio-labeling/backend/storage/audio/product_1/record_15_1_1778470042.wav,-1,轴承,0,1,1,0,0,轴承,,1160.12,0,19.3353,11.9018,1.36147,0,0,0,0,0,正常,正常,0,外圈,,,3333.33,4666.67,7.19086,8.35446,9.97143,16.4689,0,3.82719,0.6671,,,1,0,0,0,0,0,[]
10257,/home/dayin/git/audio-labeling/backend/storage/audio/product_1/record_17_1_1778729660.wav,-1,轴承,0,1,1,0,0,轴承,,1150,1,19.1667,1.45272,0.148279,0,0,0,0,0,正常,正常,0,外圈,,,333.333,666.667,8.5069,3.59435,6.03592,9.14926,0,3.85,0.6654,,,0,0,0,0,0,0,[]
10261,/home/dayin/git/audio-labeling/backend/storage/audio/product_1/record_17_1_1778743410.wav,-1,摩擦,0,1,0,1,0,摩擦,,1150,1,19.1667,1.56029,4.20718,0,0,0,0,0,正常,正常,0,外圈,,,4666.67,6000,37.6636,18.8268,20.4164,32.4032,0,3.85,0.6765,,,0,0,0,0,0,0,[]
10273,/home/dayin/git/audio-labeling/backend/storage/audio/product_1/record_15_1_1778813032.wav,-1,轴承,0,1,1,0,0,轴承,,1150,1,19.1667,2.48982,0.632529,0,0,0,0,0,正常,正常,0,外圈,,,2500,3000,5.51696,6.62233,7.71359,12.4131,0,3.8,0.639,,,1,0,0,0,0,0,[]
10288,/home/dayin/git/audio-labeling/backend/storage/audio/product_1/record_17_1_1778840760.wav,-1,摩擦,0,1,0,1,0,摩擦,,1150,1,19.1667,1.2288,15.922,1,0,0,0,0,异常,摩擦,1,外圈,,,666.667,2000,1213.91,545.5,62.3889,114.334,0,3.85,0.664,,,0,0,0,0,0,0,[]
10300,/home/dayin/git/audio-labeling/backend/storage/audio/product_1/record_17_1_1778891361.wav,-1,摩擦,0,1,0,1,0,摩擦,,1150,1,19.1667,1.50776,6.8553,0,0,0,0,0,正常,正常,0,外圈,,,2666.67,3333.33,198.591,207.687,38.4596,78.6991,0,3.8,0.6266,,,0,0,0,0,0,0,[]
10311,/home/dayin/git/audio-labeling/backend/storage/audio/product_1/record_17_1_1778901647.wav,-1,摩擦,0,1,0,1,0,摩擦,,1150,1,19.1667,1.66129,4.52208,0,0,0,0,0,正常,正常,0,外圈,,,166.667,500,34.3553,20.521,21.1015,34.6706,0,3.8,0.644,,,0,0,0,0,0,0,[]
10317,/home/dayin/git/audio-labeling/backend/storage/audio/product_1/record_17_1_1778912183.wav,-1,摩擦,0,1,0,1,0,摩擦,,1150,1,19.1667,2.10175,4.09857,0,0,0.217198,0.654351,0.654351,异常,轴承,0,滚珠,,,1333.33,4000,20.2923,28.6133,16.6879,32.9609,0,3.8,0.6831,,35.53,1,1,0,0,1,1,"[{""f0"": 35.526, ""score"": 0.6502, ""hits"": 5, ""cep_hits"": 3, ""interference"": false, ""guard"": """", ""band"": """", ""cls"": ""ball"", ""fr_hyp"": 20.0}]"
10357,/home/dayin/git/audio-labeling/backend/storage/audio/product_1/record_15_1_1779267473.wav,-1,摩擦,0,1,0,1,0,摩擦,,1150,1,19.1667,3.39065,0.863215,0,0,0,0,0,正常,正常,0,外圈,,,666.667,2000,6.81451,8.15188,7.45995,13.1505,0,3.8,0.6647,,,1,0,0,0,0,0,[]
10364,/home/dayin/git/audio-labeling/backend/storage/audio/product_1/record_17_1_1779330893.wav,1,17,1,0,0,0,0,正常,,1150,1,19.1667,1.96264,0.412884,0,0,0,0,0,正常,正常,0,外圈,,,5100,5666.67,2.92326,3.04656,4.47141,6.62884,0,3.8,0.6425,,,0,0,0,0,0,0,[]
10366,/home/dayin/git/audio-labeling/backend/storage/audio/product_1/record_17_1_1778469813.wav,-1,17,0,1,0,0,0,其他异常,,1150,1,19.1667,1.25148,4.15704,0,0,0,0,0,正常,正常,0,外圈,,,3333.33,4666.67,19.0638,26.4395,16.5529,32.7382,0,3.8,0.6391,,,2,0,0,0,0,0,[]
10371,/home/dayin/git/audio-labeling/backend/storage/audio/product_1/record_17_1_1778656785.wav,-1,17,0,1,0,0,0,其他异常,,1215.79,0,20.2632,14.0738,1.15815,0,0,0.633487,0.107795,0.633487,异常,轴承,0,内圈,,,1333.33,4000,6.17692,8.67193,7.8123,14.3383,0,3.8,0.649,,88.95,1,1,0,0,1,1,"[{""f0"": 88.947, ""score"": 0.6377, ""hits"": 5, ""cep_hits"": 2, ""interference"": false, ""guard"": """", ""band"": """", ""cls"": ""inner"", ""fr_hyp"": 20.0}]"
10382,/home/dayin/git/audio-labeling/backend/storage/audio/product_1/record_17_1_1778726271.wav,-1,摩擦,0,1,0,1,0,摩擦,,1150,1,19.1667,2.13063,3.64332,0,0,0,0,0,正常,正常,0,外圈,,,3150,3500,40.0834,22.2525,18.6066,30.437,0,3.8,0.6278,,,0,0,0,0,0,0,[]
10383,/home/dayin/git/audio-labeling/backend/storage/audio/product_1/record_15_1_1778728437.wav,-1,摩擦,0,1,0,1,0,摩擦,,1150,1,19.1667,2.29282,1.55806,0,0.240794,0.114113,0.251521,0.251521,异常,轴承,0,滚珠,,,3333.33,4666.67,13.5179,10.9199,10.6487,17.9419,0,3.85,0.6528,,31.43;96.36,2,2,0,0,2,2,"[{""f0"": 31.429, ""score"": 0.6207, ""hits"": 5, ""cep_hits"": 3, ""interference"": false, ""guard"": """", ""band"": """", ""cls"": ""ball"", ""fr_hyp"": 18.333333333333332}, {""f0"": 96.364, ""score"": 0.3312, ""hits"": 3, ""cep_hits"": 1, ""interference"": false, ""guard"": """", ""band"": """", ""cls"": ""ball"", ""fr_hyp"": 18.333333333333332}]"
10430,/home/dayin/git/audio-labeling/backend/storage/audio/product_1/record_15_1_1778840813.wav,-1,摩擦,0,1,0,1,0,摩擦,,1150,1,19.1667,1.38791,8.83425,0,0,0,0,0,正常,正常,0,外圈,,,2000,3000,46.5827,419.844,43.1721,116.95,0,3.92775,0.6858,,,0,0,0,0,0,0,[]
10472,/home/dayin/git/audio-labeling/backend/storage/audio/product_1/record_15_1_1778929227.wav,-1,轴承,0,1,1,0,0,轴承,,1150,1,19.1667,1.77344,1.29544,0,0,0,0,0,正常,正常,0,外圈,,,3333.33,4666.67,5.97111,6.06696,9.91514,15.7113,0,3.8,0.5983,,,1,0,0,0,0,0,[]
10476,/home/dayin/git/audio-labeling/backend/storage/audio/product_1/record_17_1_1778977506.wav,-1,摩擦,0,1,0,1,0,摩擦,,1150,1,19.1667,1.21534,8.84946,0,0,0,0,0,正常,正常,0,外圈,,,1000,1666.67,796.033,96.0502,40.8753,65.0984,0,3.85,0.7148,,,0,0,0,0,0,0,[]
10498,/home/dayin/git/audio-labeling/backend/storage/audio/product_1/record_17_1_1779090591.wav,-1,摩擦,0,1,0,1,0,摩擦,,1150,1,19.1667,1.41472,3.6093,0,0,0,0,0,正常,正常,0,外圈,,,3333.33,4666.67,14.2833,11.0144,17.9862,27.9906,0,3.85,0.7227,,,0,0,0,0,0,0,[]
10508,/home/dayin/git/audio-labeling/backend/storage/audio/product_1/record_15_1_1779106675.wav,1,15,1,0,0,0,0,正常,,1150,1,19.1667,2.27823,0.492949,0,0,0,0,0,正常,正常,0,外圈,,,1,333.333,2.19031,3.05752,4.31305,6.40128,0,3.85,0.7041,,,0,0,0,0,0,0,[]
10515,/home/dayin/git/audio-labeling/backend/storage/audio/product_1/record_17_1_1779265794.wav,1,17,1,0,0,0,0,正常,,1150,1,19.1667,1.97482,0.428122,0,0,0,0,0,正常,正常,0,外圈,,,666.667,1333.33,2.42465,3.05143,4.395,6.53514,0,3.85,0.7353,,,0,0,0,0,0,0,[]
10527,/home/dayin/git/audio-labeling/backend/storage/audio/product_1/record_15_1_1779352908.wav,-1,摩擦,0,1,0,1,0,摩擦,,1150,1,19.1667,1.63048,4.32749,0,0,0,0,0,正常,正常,0,外圈,,,2500,3000,34.65,24.9595,21.2777,33.9807,0,3.8,0.68,,,0,0,0,0,0,0,[]
10535,/home/dayin/git/audio-labeling/backend/storage/audio/product_1/record_17_1_1778718438.wav,-1,摩擦,0,1,0,1,0,摩擦,,1150,1,19.1667,1.22005,11.8493,1,0,0,0,0,异常,摩擦,1,外圈,,,1000,1666.67,773.135,526.395,48.8617,101.896,0,3.8,0.721,,,0,0,0,0,0,0,[]
10541,/home/dayin/git/audio-labeling/backend/storage/audio/product_1/record_17_1_1778723965.wav,-1,摩擦,0,1,0,1,0,摩擦,,1150,1,19.1667,1.60883,10.5956,1,0,0,0,0,异常,摩擦,1,外圈,,,666.667,2000,900.171,524.668,52.9026,112.867,0,3.85,0.6602,,,0,0,0,0,0,0,[]
10579,/home/dayin/git/audio-labeling/backend/storage/audio/product_1/record_17_1_1778831701.wav,-1,摩擦,0,1,0,1,0,摩擦,,1150,1,19.1667,2.07358,8.38668,0,0,0,0,0,正常,正常,0,外圈,,,1000,1666.67,415.875,108.637,39.5525,68.7579,0,3.8,0.6003,,,0,0,0,0,0,0,[]
10585,/home/dayin/git/audio-labeling/backend/storage/audio/product_1/record_17_1_1778841052.wav,-1,摩擦,0,1,0,1,0,摩擦,,1150,1,19.1667,1.56858,13.6638,1,0,0,0,0,异常,摩擦,1,外圈,,,1000,2000,150.746,217.376,34.3652,99.1232,0,3.8,0.6151,,,0,0,0,0,0,0,[]
10632,/home/dayin/git/audio-labeling/backend/storage/audio/product_1/record_17_1_1778984516.wav,1,17,1,0,0,0,0,正常,,1150,1,19.1667,0.969537,0.300856,0,0,0,0,0,正常,正常,0,外圈,,,1,333.333,2.30047,3.07753,4.85599,7.22341,0,3.8,0.6242,,,0,0,0,0,0,0,[]
10662,/home/dayin/git/audio-labeling/backend/storage/audio/product_1/record_17_1_1779162960.wav,-1,轴承,0,1,1,0,0,轴承,,1150,1,19.1667,2.26186,2.94771,0,0,0,0,0,异常,轴承-未定位,0,外圈,,,4000,7984,25.4147,19.743,12.4627,24.9699,0,3.85,0.6643,,37.14,1,1,0,1,1,0,"[{""f0"": 37.143, ""score"": 0.7214, ""hits"": 5, ""cep_hits"": 3, ""interference"": false, ""guard"": """", ""band"": """", ""cls"": null, ""fr_hyp"": null}]"
10675,/home/dayin/git/audio-labeling/backend/storage/audio/product_1/record_17_1_1779325615.wav,-1,摩擦,0,1,0,1,0,摩擦,,1150,1,19.1667,2.96797,3.32441,0,0,0,0,0,正常,正常,0,外圈,,,1000,1666.67,192.306,13.8313,16.6649,27.4741,0,3.85,0.6684,,,0,0,0,0,0,0,[]
10690,/home/dayin/git/audio-labeling/backend/storage/audio/product_1/record_15_1_1778659959.wav,-1,15,0,1,0,0,0,其他异常,,1150,1,19.1667,1.37695,6.64876,0,0,0,0,0,异常,轴承-未定位,0,外圈,,,2000,2333.33,24.9527,40.1396,21.8405,46.2734,0,3.90994,0.839,,29.16,1,1,0,1,1,0,"[{""f0"": 29.156, ""score"": 0.2041, ""hits"": 4, ""cep_hits"": 1, ""interference"": false, ""guard"": """", ""band"": """", ""cls"": null, ""fr_hyp"": null}]"
10788,/home/dayin/git/audio-labeling/backend/storage/audio/product_1/record_17_1_1779065394.wav,-1,摩擦,0,1,0,1,0,摩擦,,1150,1,19.1667,1.39848,8.16407,0,0,0,0,0,正常,正常,0,外圈,,,666.667,1333.33,451.197,82.8447,37.761,61.6404,0,3.85,0.7038,,,0,0,0,0,0,0,[]
10797,/home/dayin/git/audio-labeling/backend/storage/audio/product_1/record_17_1_1779074882.wav,-1,摩擦,0,1,0,1,0,摩擦,,1150,1,19.1667,1.02031,14.1832,1,0,0,0,0,异常,摩擦,1,外圈,,,666.667,2000,811.359,837.77,46.7717,134.504,0,3.8,0.6803,,,0,0,0,0,0,0,[]
10801,/home/dayin/git/audio-labeling/backend/storage/audio/product_1/record_17_1_1779087410.wav,-1,轴承,0,1,1,0,0,轴承,,1150,1,19.1667,1.73133,1.05199,0,0.0301329,0.103936,0.328467,0.328467,异常,轴承,0,滚珠,,,666.667,2000,8.17775,8.82945,7.50351,13.7686,0,3.8,0.6585,,68.16,2,1,0,0,1,1,"[{""f0"": 68.158, ""score"": 0.9948, ""hits"": 5, ""cep_hits"": 3, ""interference"": false, ""guard"": """", ""band"": ""滚珠(2×BSF主峰带)"", ""cls"": ""ball"", ""fr_hyp"": 19.378397859906602}]"
10839,/home/dayin/git/audio-labeling/backend/storage/audio/product_1/record_17_1_1779270832.wav,1,17,1,0,0,0,0,正常,,1150,1,19.1667,1.42687,0.43025,0,0,0,0,0,正常,正常,0,外圈,,,5100,5666.67,2.84924,3.04244,4.41136,6.53053,0,3.85,0.778,,,0,0,0,0,0,0,[]
10873,/home/dayin/git/audio-labeling/backend/storage/audio/product_1/record_17_1_1778730120.wav,-1,故障,0,1,0,0,0,其他异常,,1150,1,19.1667,3.49808,0.213976,0,0,0.0565497,0.0499569,0.0565497,异常,轴承-未定位,0,内圈,,,1333.33,4000,2.50317,3.6222,5.21242,7.97021,0,3.85,0.7366,,110.13;64.81,2,2,0,1,2,0,"[{""f0"": 110.13, ""score"": 0.1939, ""hits"": 2, ""cep_hits"": 1, ""interference"": false, ""guard"": """", ""band"": """", ""cls"": null, ""fr_hyp"": null}, {""f0"": 64.805, ""score"": 0.1661, ""hits"": 3, ""cep_hits"": 1, ""interference"": false, ""guard"": """", ""band"": ""滚珠(2×BSF主峰带)"", ""cls"": null, ""fr_hyp"": 18.425170747608135}]"
10878,/home/dayin/git/audio-labeling/backend/storage/audio/product_1/record_15_1_1778741110.wav,-1,摩擦,0,1,0,1,0,摩擦,,1150,1,19.1667,3.94228,3.2421,0,0,0,0,0,正常,正常,0,外圈,,,1333.33,2666.67,15.3225,11.3063,16.8709,26.139,0,3.8,0.6254,,,0,0,0,0,0,0,[]
10880,/home/dayin/git/audio-labeling/backend/storage/audio/product_1/record_15_1_1778744027.wav,-1,轴承,0,1,1,0,0,轴承,,1150,1,19.1667,2.08627,0.907834,0,0.0447944,0.599598,0.0732952,0.599598,异常,轴承,0,内圈,,,2666.67,4000,6.21918,7.91578,6.74061,12.4489,0,3.94475,0.6376,,79.35,1,1,0,0,1,1,"[{""f0"": 79.346, ""score"": 0.681, ""hits"": 5, ""cep_hits"": 1, ""interference"": false, ""guard"": """", ""band"": """", ""cls"": ""inner"", ""fr_hyp"": 18.333333333333332}]"
10890,/home/dayin/git/audio-labeling/backend/storage/audio/product_1/record_15_1_1778806674.wav,-1,摩擦,0,1,0,1,0,摩擦,,1150,1,19.1667,3.78074,17.5989,1,0,0,0,0,异常,摩擦,1,外圈,,,333.333,666.667,5.39965,677.304,53.5471,110.381,0,3.92131,0.6432,,,0,0,0,0,0,0,[]
10913,/home/dayin/git/audio-labeling/backend/storage/audio/product_1/record_15_1_1778839482.wav,-1,摩擦,0,1,0,1,0,摩擦,,1150,1,19.1667,1.38701,6.21597,0,0,0,0,0,正常,正常,0,外圈,,,5000,6000,297.315,90.4215,31.0043,55.3852,0,3.8,0.6355,,,0,0,0,0,0,0,[]
10922,/home/dayin/git/audio-labeling/backend/storage/audio/product_1/record_15_1_1778891430.wav,-1,摩擦,0,1,0,1,0,摩擦,,1150,1,19.1667,2.27465,17.5272,1,0,0,0,0,异常,摩擦,1,外圈,,,666.667,2000,125.575,396.68,32.4691,125.4,0,3.92325,0.743,,,0,0,0,0,0,0,[]
10928,/home/dayin/git/audio-labeling/backend/storage/audio/product_1/record_15_1_1778895833.wav,-1,摩擦,0,1,0,1,0,摩擦,,1150,1,19.1667,2.54739,4.74648,0,0.0402734,0.221417,0,0.221417,异常,轴承,0,内圈,,,1000,2000,53.9946,44.5784,19.9892,39.5729,0,3.8,0.6462,,60.79;90.00,2,2,0,0,2,1,"[{""f0"": 60.789, ""score"": 0.4719, ""hits"": 5, ""cep_hits"": 3, ""interference"": false, ""guard"": """", ""band"": """", ""cls"": null, ""fr_hyp"": null}, {""f0"": 90.0, ""score"": 0.3909, ""hits"": 3, ""cep_hits"": 1, ""interference"": false, ""guard"": """", ""band"": """", ""cls"": ""inner"", ""fr_hyp"": 20.0}]"
10955,/home/dayin/git/audio-labeling/backend/storage/audio/product_1/record_15_1_1778986587.wav,1,15,1,0,0,0,0,正常,,1150,1,19.1667,0.937901,0.471613,0,0,0,0,0,正常,正常,0,外圈,,,333.333,666.667,2.4914,3.04123,4.25943,6.31065,0,3.8,0.6597,,,0,0,0,0,0,0,[]
10959,/home/dayin/git/audio-labeling/backend/storage/audio/product_1/record_17_1_1779069215.wav,-1,摩擦,0,1,0,1,0,摩擦,,1150,1,19.1667,2.00897,6.27262,0,0,0,0,0,正常,正常,0,外圈,,,6000,7984,153.822,38.8367,28.5877,45.9055,0,3.8,0.6889,,,0,0,0,0,0,0,[]
10994,/home/dayin/git/audio-labeling/backend/storage/audio/product_1/record_17_1_1779163032.wav,-1,17,0,1,0,0,0,其他异常,,1137.66,0,18.961,10.0673,3.26268,0,0,0,0,0,正常,正常,0,外圈,,,666.667,1333.33,164.872,10.854,13.2046,25.269,0,3.85,0.6821,,,0,0,0,0,0,0,[]
10998,/home/dayin/git/audio-labeling/backend/storage/audio/product_1/record_17_1_1779263856.wav,-1,摩擦,0,1,0,1,0,摩擦,,1150,1,19.1667,1.32166,5.57424,0,0,0,0,0,正常,正常,0,外圈,,,666.667,1333.33,297.32,25.8362,25.6605,39.716,0,3.85,0.686,,,0,0,0,0,0,0,[]
11007,/home/dayin/git/audio-labeling/backend/storage/audio/product_1/record_17_1_1779323092.wav,-1,摩擦,0,1,0,1,0,摩擦,,1150,1,19.1667,1.83423,11.1708,1,0,0,0,0,异常,摩擦,1,外圈,,,666.667,1333.33,1153.54,309.904,53.6873,92.7368,0,3.8,0.6963,,,0,0,0,0,0,0,[]
11036,/home/dayin/git/audio-labeling/backend/storage/audio/product_1/record_17_1_1778725148.wav,-1,故障,0,1,0,0,0,其他异常,,1150,1,19.1667,2.9171,0.451389,0,0,0,0,0,正常,正常,0,外圈,,,6450,7166.67,6.63703,4.34426,7.02242,11.0187,0,3.85,0.6895,,,0,0,0,0,0,0,[]
11047,/home/dayin/git/audio-labeling/backend/storage/audio/product_1/record_17_1_1778740807.wav,-1,摩擦,0,1,0,1,0,摩擦,,1150,1,19.1667,0.947667,5.6405,0,0,0,0,0,正常,正常,0,外圈,,,666.667,1333.33,190.587,40.2294,25.2749,44.1523,0,3.8,0.6715,,,0,0,0,0,0,0,[]
11048,/home/dayin/git/audio-labeling/backend/storage/audio/product_1/record_17_1_1778744164.wav,-1,摩擦,0,1,0,1,0,摩擦,,1150,1,19.1667,2.92066,4.1593,0,0,0,0,0,正常,正常,0,外圈,,,2666.67,4000,48.1438,47.0024,21.9252,37.2856,0,3.8,0.6882,,,0,0,0,0,0,0,[]
11057,/home/dayin/git/audio-labeling/backend/storage/audio/product_1/record_17_1_1778755949.wav,-1,摩擦,0,1,0,1,0,摩擦,,1150,1,19.1667,1.58673,4.29682,0,0,0,0,0,正常,正常,0,外圈,,,3333.33,4666.67,31.0315,18.7093,20.8628,32.5591,0,3.8,0.6613,,,0,0,0,0,0,0,[]
11060,/home/dayin/git/audio-labeling/backend/storage/audio/product_1/record_17_1_1778806499.wav,-1,摩擦,0,1,0,1,0,摩擦,,1150,1,19.1667,1.55514,7.90896,0,0,0,0,0,正常,正常,0,外圈,,,2333.33,2666.67,75.5786,62.5608,27.0783,57.2297,0,3.85,0.6601,,,0,0,0,0,0,0,[]
11109,/home/dayin/git/audio-labeling/backend/storage/audio/product_1/record_15_1_1778925058.wav,-1,摩擦,0,1,0,1,0,摩擦,,1150,1,19.1667,2.12173,16.8669,1,0.177866,0.0317421,0,0.177866,异常,轴承-未定位,0,外圈,,,1000,2000,132.392,147.641,29.0927,93.0701,0,3.85,0.6697,,31.17,1,1,0,1,1,0,"[{""f0"": 31.169, ""score"": 0.4394, ""hits"": 5, ""cep_hits"": 3, ""interference"": false, ""guard"": """", ""band"": """", ""cls"": null, ""fr_hyp"": null}]"
11121,/home/dayin/git/audio-labeling/backend/storage/audio/product_1/record_15_1_1778985984.wav,1,15,1,0,0,0,0,正常,,1150,1,19.1667,1.13097,0.174542,0,0,0,0,0,正常,正常,0,外圈,,,333.333,666.667,5.20106,3.46155,5.86824,8.83792,0,3.8,0.6138,,,0,0,0,0,0,0,[]
11144,/home/dayin/git/audio-labeling/backend/storage/audio/product_1/record_17_1_1779154092.wav,1,17,1,0,0,0,0,正常,,1150,1,19.1667,1.52252,0.382453,0,0,0,0,0,正常,正常,0,外圈,,,4650,5166.67,4.20367,3.00417,4.57779,6.75713,0,3.8,0.6282,,,0,0,0,0,0,0,[]
11146,/home/dayin/git/audio-labeling/backend/storage/audio/product_1/record_15_1_1779155739.wav,-1,故障,0,1,0,0,0,其他异常,,1150,1,19.1667,2.44694,1.88283,0,0.318173,0,0.145985,0.318173,异常,轴承,0,外圈,,,666.667,2000,8.51576,12.0763,8.07842,16.8443,0,3.85,0.6823,,100.00,1,1,0,0,1,1,"[{""f0"": 100.0, ""score"": 0.7979, ""hits"": 5, ""cep_hits"": 2, ""interference"": false, ""guard"": """", ""band"": """", ""cls"": ""outer"", ""fr_hyp"": 19.39247261782866}]"
11167,/home/dayin/git/audio-labeling/backend/storage/audio/product_1/record_17_1_1778652120.wav,-1,轴承,0,1,1,0,0,轴承,,1150,1,19.1667,2.18931,0.595202,0,0.424426,0.800417,0.128585,0.800417,异常,轴承,0,内圈,,,666.667,2000,6.07925,7.17089,6.81077,11.6729,0,3.8,0.6613,,48.16;81.05,2,2,0,0,2,2,"[{""f0"": 48.158, ""score"": 0.4244, ""hits"": 5, ""cep_hits"": 2, ""interference"": false, ""guard"": """", ""band"": ""外圈(BPFO带)"", ""cls"": ""outer"", ""fr_hyp"": 18.67801310032971}, {""f0"": 81.053, ""score"": 0.8005, ""hits"": 5, ""cep_hits"": 2, ""interference"": false, ""guard"": """", ""band"": """", ""cls"": ""inner"", ""fr_hyp"": 18.333333333333332}]"
11176,/home/dayin/git/audio-labeling/backend/storage/audio/product_1/record_17_1_1778736432.wav,-1,轴承,0,1,1,0,0,轴承,,1150,1,19.1667,2.35466,2.44789,0,0,0,0,0,正常,正常,0,外圈,,,3333.33,4666.67,21.2867,16.3335,10.599,21.4501,0,3.8,0.6755,,,4,0,0,0,0,0,[]
11221,/home/dayin/git/audio-labeling/backend/storage/audio/product_1/record_17_1_1778900471.wav,-1,摩擦,0,1,0,1,0,摩擦,,1150,1,19.1667,3.4062,5.38445,0,0,0,0,0,正常,正常,0,外圈,,,166.667,500,40.7615,14.3649,23.9545,37.4333,0,3.9,0.6815,,,0,0,0,0,0,0,[]
11225,/home/dayin/git/audio-labeling/backend/storage/audio/product_1/record_17_1_1778909668.wav,-1,摩擦,0,1,0,1,0,摩擦,,1150,1,19.1667,1.952,6.22471,0,0,0,0,0,正常,正常,0,外圈,,,3333.33,4666.67,90.0693,51.8287,29.3696,47.5101,0,3.85,0.6974,,,0,0,0,0,0,0,[]
11244,/home/dayin/git/audio-labeling/backend/storage/audio/product_1/record_15_1_1779086693.wav,-1,轴承,0,1,1,0,0,轴承,,1057.89,0,17.6316,8.61143,4.35529,0,0.752311,0.0808138,0,0.752311,异常,轴承,0,外圈,,,2666.67,5333.33,15.6242,21.6294,9.37926,25.3855,0,3.8,0.6069,,28.42;46.05,2,2,0,0,2,1,"[{""f0"": 28.421, ""score"": 0.1818, ""hits"": 2, ""cep_hits"": 1, ""interference"": false, ""guard"": """", ""band"": """", ""cls"": null, ""fr_hyp"": null}, {""f0"": 46.053, ""score"": 0.8386, ""hits"": 5, ""cep_hits"": 1, ""interference"": false, ""guard"": """", ""band"": """", ""cls"": ""outer"", ""fr_hyp"": 18.333333333333332}]"
11247,/home/dayin/git/audio-labeling/backend/storage/audio/product_1/record_17_1_1779090903.wav,-1,摩擦,0,1,0,1,0,摩擦,,1150,1,19.1667,3.21665,9.66138,1,0,0,0,0,异常,摩擦,1,外圈,,,1000,1666.67,381.647,250.532,49.6818,87.3135,0,3.8,0.6704,,,0,0,0,0,0,0,[]
11271,/home/dayin/git/audio-labeling/backend/storage/audio/product_1/record_15_1_1779159643.wav,-1,15mc 轻微,0,1,0,0,0,其他异常,,1150,1,19.1667,1.6669,7.74457,0,0,0,0,0,正常,正常,0,外圈,,,1333.33,2666.67,123.801,139.731,38.5031,71.8775,0,3.85,0.6847,,,0,0,0,0,0,0,[]
11272,/home/dayin/git/audio-labeling/backend/storage/audio/product_1/record_15_1_1779159669.wav,1,15,1,0,0,0,0,正常,,1150,1,19.1667,2.17598,0.318399,0,0,0,0,0,正常,正常,0,外圈,,,166.667,500,5.13237,3.13478,4.78481,7.13824,0,3.85,0.646,,,0,0,0,0,0,0,[]
11273,/home/dayin/git/audio-labeling/backend/storage/audio/product_1/record_17_1_1779164474.wav,-1,17,0,1,0,0,0,其他异常,,1150,1,19.1667,2.76753,1.14284,0,0,0,0,0,正常,正常,0,外圈,,,3333.33,4666.67,4.58681,4.70784,9.41008,14.6593,0,3.93331,0.582,,,0,0,0,0,0,0,[]
11281,/home/dayin/git/audio-labeling/backend/storage/audio/product_1/record_17_1_1779271483.wav,-1,摩擦,0,1,0,1,0,摩擦,,1150,1,19.1667,1.95692,8.28922,0,0,0,0,0,正常,正常,0,外圈,,,666.667,1333.33,396.21,240.709,45.9417,88.6607,0,3.85,0.6944,,,0,0,0,0,0,0,[]
11307,/home/dayin/git/audio-labeling/backend/storage/audio/product_1/record_15_1_1778728640.wav,-1,轴承,0,1,1,0,0,轴承,,1150,1,19.1667,2.92081,0.371051,0,0.244295,0,0.218454,0.244295,异常,轴承,0,外圈,,,4000,5000,9.0789,5.62825,6.71557,10.7584,0,3.85,0.767,,31.43,1,1,0,0,1,1,"[{""f0"": 31.429, ""score"": 0.7372, ""hits"": 5, ""cep_hits"": 2, ""interference"": false, ""guard"": """", ""band"": """", ""cls"": ""ball"", ""fr_hyp"": 18.333333333333332}]"
11309,/home/dayin/git/audio-labeling/backend/storage/audio/product_1/record_17_1_1778729505.wav,-1,摩擦,0,1,0,1,0,摩擦,,1150,1,19.1667,1.65768,1.23497,0,0,0,0,0,正常,正常,0,外圈,,,1333.33,2000,6.25112,5.2276,9.87335,15.143,0,3.85,0.7418,,,0,0,0,0,0,0,[]
11313,/home/dayin/git/audio-labeling/backend/storage/audio/product_1/record_17_1_1778736067.wav,-1,轴承,0,1,1,0,0,轴承,,1150,1,19.1667,1.86967,0.629736,0,0,0.114268,0.700802,0.700802,异常,轴承,0,滚珠,,,1333.33,4000,4.6428,6.84194,7.43004,12.2787,0,3.85,0.7437,,35.32,1,1,0,0,1,1,"[{""f0"": 35.325, ""score"": 0.714, ""hits"": 5, ""cep_hits"": 2, ""interference"": false, ""guard"": """", ""band"": """", ""cls"": ""ball"", ""fr_hyp"": 20.0}]"
11339,/home/dayin/git/audio-labeling/backend/storage/audio/product_1/record_17_1_1778825692.wav,-1,摩擦,0,1,0,1,0,摩擦,,1150,1,19.1667,1.81319,7.99329,0,0,0,0,0,正常,正常,0,外圈,,,666.667,1333.33,248.925,102.991,37.945,65.7891,0,3.85,0.7235,,,0,0,0,0,0,0,[]
11347,/home/dayin/git/audio-labeling/backend/storage/audio/product_1/record_17_1_1778832441.wav,-1,摩擦,0,1,0,1,0,摩擦,,1150,1,19.1667,1.81672,4.77099,0,0,0,0,0,正常,正常,0,外圈,,,3500,4000,36.028,30.2221,23.0334,37.1539,0,3.85,0.7315,,,0,0,0,0,0,0,[]
11373,/home/dayin/git/audio-labeling/backend/storage/audio/product_1/record_17_1_1778900670.wav,-1,摩擦,0,1,0,1,0,摩擦,,1150,1,19.1667,2.89641,6.36882,0,0,0,0,0,正常,正常,0,外圈,,,3333.33,4666.67,251.466,239.297,37.9245,80.8964,0,3.85,0.6795,,,0,0,0,0,0,0,[]
11428,/home/dayin/git/audio-labeling/backend/storage/audio/product_1/record_17_1_1779158260.wav,1,17,1,0,0,0,0,正常,,1150,1,19.1667,2.09526,0.47391,0,0,0,0,0,正常,正常,0,外圈,,,5333.33,6000,2.50772,2.98908,4.25423,6.29024,0,3.85,0.6764,,,0,0,0,0,0,0,[]
11430,/home/dayin/git/audio-labeling/backend/storage/audio/product_1/record_17_1_1779158792.wav,1,17,1,0,0,0,0,正常,,1150,1,19.1667,3.71882,0.278549,0,0,0,0,0,正常,正常,0,外圈,,,5250,5833.33,3.04233,3.05669,4.97489,7.38495,0,3.85,0.664,,,0,0,0,0,0,0,[]
11445,/home/dayin/git/audio-labeling/backend/storage/audio/product_1/record_17_1_1779350272.wav,-1,摩擦,0,1,0,1,0,摩擦,,1150,1,19.1667,1.01351,5.22643,0,0,0,0,0,正常,正常,0,外圈,,,1333.33,2000,19.3438,22.6913,24.1712,37.8317,0,3.85,0.6604,,,0,0,0,0,0,0,[]
11459,/home/dayin/git/audio-labeling/backend/storage/audio/product_1/record_15_1_1778725077.wav,-1,轴承,0,1,1,0,0,轴承,,1150,1,19.1667,1.03726,0.492153,0,0,0,0,0,异常,轴承-未定位,0,外圈,,,1333.33,2000,8.47196,6.59962,6.86598,11.3791,0,3.85,0.6511,,20.52,1,1,0,1,1,0,"[{""f0"": 20.519, ""score"": 0.6504, ""hits"": 5, ""cep_hits"": 3, ""interference"": false, ""guard"": """", ""band"": """", ""cls"": null, ""fr_hyp"": null}]"
11462,/home/dayin/git/audio-labeling/backend/storage/audio/product_1/record_15_1_1778727793.wav,-1,轴承,0,1,1,0,0,轴承,,1150,1,19.1667,1.83426,0.393824,0,0,0,0,0,异常,轴承-未定位,0,外圈,,,4000,5333.33,11.0664,5.7034,6.72185,10.844,0,3.8,0.6835,,29.74,1,1,0,1,1,0,"[{""f0"": 29.737, ""score"": 0.9206, ""hits"": 5, ""cep_hits"": 2, ""interference"": false, ""guard"": """", ""band"": """", ""cls"": null, ""fr_hyp"": null}]"
11463,/home/dayin/git/audio-labeling/backend/storage/audio/product_1/record_17_1_1778728006.wav,-1,摩擦,0,1,0,1,0,摩擦,,1150,1,19.1667,1.35567,7.43554,0,0,0,0,0,正常,正常,0,外圈,,,666.667,1333.33,584.939,142.739,38.2019,64.5892,0,3.85,0.7076,,,0,0,0,0,0,0,[]
11474,/home/dayin/git/audio-labeling/backend/storage/audio/product_1/record_17_1_1778743947.wav,-1,摩擦,0,1,0,1,0,摩擦,,1150,1,19.1667,1.71372,6.24845,0,0,0,0,0,正常,正常,0,外圈,,,666.667,1333.33,100.412,39.1991,28.2466,46.3312,0,3.85,0.7179,,,0,0,0,0,0,0,[]
11517,/home/dayin/git/audio-labeling/backend/storage/audio/product_1/record_17_1_1778892381.wav,-1,摩擦,0,1,0,1,0,摩擦,,1150,1,19.1667,1.25926,11.0849,1,0,0,0,0,异常,摩擦,1,外圈,,,3333.33,4666.67,187.902,266.2,42.7263,106.125,0,3.86275,0.6004,,,0,0,0,0,0,0,[]
11546,/home/dayin/git/audio-labeling/backend/storage/audio/product_1/record_17_1_1778985717.wav,-1,轴承,0,1,1,0,0,轴承,,1150,1,19.1667,2.15049,0.933751,0,0,0,0,0,正常,正常,0,外圈,,,1,666.667,10.5382,8.13239,8.43481,14.1305,0,3.85,0.7205,,,1,0,0,0,0,0,[]
11547,/home/dayin/git/audio-labeling/backend/storage/audio/product_1/record_15_1_1778986322.wav,1,15,1,0,0,0,0,正常,,1150,1,19.1667,1.8723,0.286357,0,0,0,0,0,正常,正常,0,外圈,,,333.333,1000,4.31737,3.02229,4.89217,7.26628,0,3.82506,0.7803,,,0,0,0,0,0,0,[]
11580,/home/dayin/git/audio-labeling/backend/storage/audio/product_1/record_15_1_1779155612.wav,-1,轴承,0,1,1,0,0,轴承,,1150,1,19.1667,1.46248,0.382245,0,0,0,0,0,正常,正常,0,外圈,,,333.333,666.667,8.34504,4.83874,5.67865,9.48405,0,3.85,0.7164,,,0,0,0,0,0,0,[]
11582,/home/dayin/git/audio-labeling/backend/storage/audio/product_1/record_15_1_1779157785.wav,1,15,1,0,0,0,0,正常,,1150,1,19.1667,2.16077,0.40231,0,0,0,0,0,正常,正常,0,外圈,,,333.333,666.667,2.35644,3.08995,4.49386,6.68643,0,3.8,0.6328,,,0,0,0,0,0,0,[]
11597,/home/dayin/git/audio-labeling/backend/storage/audio/product_1/record_17_1_1779351375.wav,-1,轴承,0,1,1,0,0,轴承,,1150,1,19.1667,0.98087,0.685477,0,0,0,0,0,正常,正常,0,外圈,,,1,333.333,7.09214,6.59208,7.41502,12.4017,0,3.8,0.6379,,,0,0,0,0,0,0,[]
11602,/home/dayin/git/audio-labeling/backend/storage/audio/product_1/record_15_1_1778659373.wav,-1,15,0,1,0,0,0,其他异常,,1150,1,19.1667,4.50183,2.60984,0,0,0,0,0,正常,正常,0,外圈,,,666.667,2000,20.1511,21.2926,10.5557,22.4595,0,3.85,0.6593,,,0,0,0,0,0,0,[]
11603,/home/dayin/git/audio-labeling/backend/storage/audio/product_1/record_17_1_1778666302.wav,-1,17,0,1,0,0,0,其他异常,,1150,1,19.1667,1.32464,1.09541,0,0.397212,0.651989,0.11092,0.651989,异常,轴承,0,内圈,,,1000,2000,5.39757,6.94408,7.22785,13.3441,0,3.85,0.6552,,88.05,2,1,0,0,1,1,"[{""f0"": 88.052, ""score"": 0.652, ""hits"": 4, ""cep_hits"": 1, ""interference"": false, ""guard"": """", ""band"": ""内圈(BPFI带)"", ""cls"": ""inner"", ""fr_hyp"": 19.913686212468573}]"
11622,/home/dayin/git/audio-labeling/backend/storage/audio/product_1/record_17_1_1778740367.wav,-1,摩擦,0,1,0,1,0,摩擦,,1150,1,19.1667,1.14227,8.11379,0,0,0,0,0,正常,正常,0,外圈,,,1000,1666.67,657.137,271.712,43.7037,80.4343,0,3.85,0.6387,,,0,0,0,0,0,0,[]
11623,/home/dayin/git/audio-labeling/backend/storage/audio/product_1/record_17_1_1778740623.wav,-1,,0,1,0,0,0,其他异常,,1150,1,19.1667,1.72568,0.670077,0,0.0401563,0.11483,0.0262765,0.11483,异常,轴承-未定位,0,内圈,,,3333.33,4666.67,5.06564,5.93961,7.81486,12.4834,0,3.85,0.6835,,62.08,2,1,0,1,1,0,"[{""f0"": 62.078, ""score"": 0.3987, ""hits"": 4, ""cep_hits"": 1, ""interference"": false, ""guard"": """", ""band"": """", ""cls"": null, ""fr_hyp"": 18.333333333333332}]"
11654,/home/dayin/git/audio-labeling/backend/storage/audio/product_1/record_15_1_1778831058.wav,-1,轴承,0,1,1,0,0,轴承,,1150,1,19.1667,1.50746,1.22877,0,0,0,0,0,正常,正常,0,外圈,,,6000,7333.33,11.243,8.5625,8.39195,15.0639,0,3.85,0.7178,,,4,0,0,0,0,0,[]
11656,/home/dayin/git/audio-labeling/backend/storage/audio/product_1/record_15_1_1778833842.wav,-1,轴承,0,1,1,0,0,轴承,,1150,1,19.1667,2.13147,1.23245,0,0,0,0,0,正常,正常,0,外圈,,,2666.67,5333.33,8.03575,8.62733,8.90526,15.4974,0,3.88381,0.868,,17.12!,1,1,1,0,0,0,"[{""f0"": 17.122, ""score"": 0.7251, ""hits"": 5, ""cep_hits"": 1, ""interference"": true, ""guard"": ""低频梳(f0<20Hz,疑轴频族)"", ""band"": """", ""cls"": null, ""fr_hyp"": null}]"
11662,/home/dayin/git/audio-labeling/backend/storage/audio/product_1/record_17_1_1778845116.wav,-1,摩擦,0,1,0,1,0,摩擦,,1150,1,19.1667,1.71938,3.47854,0,0,0,0,0,正常,正常,0,外圈,,,666.667,1333.33,180.02,21.9061,18.3257,29.2115,0,3.8,0.6902,,,0,0,0,0,0,0,[]
11697,/home/dayin/git/audio-labeling/backend/storage/audio/product_1/record_17_1_1778985535.wav,-1,轴承,0,1,1,0,0,轴承,,1150,1,19.1667,1.65133,1.27149,0,0,0,0,0,正常,正常,0,外圈,,,333.333,666.667,8.6237,8.67165,9.33137,15.9059,0,3.8,0.6662,,,0,0,0,0,0,0,[]
11725,/home/dayin/git/audio-labeling/backend/storage/audio/product_1/record_15_1_1779149683.wav,-1,15弱轴音,0,1,0,0,0,其他异常,,1073.68,0,17.8947,8.77134,0.514574,0,0,0,0,0,正常,正常,0,外圈,,,166.667,500,4.91239,5.29044,7.39841,11.575,0,3.8,0.6822,,,0,0,0,0,0,0,[]
11748,/home/dayin/git/audio-labeling/backend/storage/audio/product_1/record_17_1_1779330606.wav,-1,摩擦,0,1,0,1,0,摩擦,,1150,1,19.1667,1.73874,7.31577,0,0,0,0,0,正常,正常,0,外圈,,,1000,1666.67,300.605,39.5156,32.3023,50.4827,0,3.8,0.6849,,,0,0,0,0,0,0,[]
11753,/home/dayin/git/audio-labeling/backend/storage/audio/product_1/record_17_1_1778657355.wav,-1,17,0,1,0,0,0,其他异常,,1150,1,19.1667,3.72726,1.17088,0,0,0,0,0,正常,正常,0,外圈,,,500,833.333,11.1254,6.61999,9.05169,15.0693,0,3.8,0.6577,,,0,0,0,0,0,0,[]
11775,/home/dayin/git/audio-labeling/backend/storage/audio/product_1/record_15_1_1778739947.wav,-1,摩擦,0,1,0,1,0,摩擦,,1150,1,19.1667,1.36551,5.38384,0,0,0,0,0,正常,正常,0,外圈,,,1333.33,2666.67,77.2858,50.4108,26.3899,43.4821,0,3.8,0.6225,,,0,0,0,0,0,0,[]
11792,/home/dayin/git/audio-labeling/backend/storage/audio/product_1/record_17_1_1778815690.wav,-1,摩擦,0,1,0,1,0,摩擦,,1150,1,19.1667,3.55566,3.85024,0,0,0,0,0,正常,正常,0,外圈,,,1333.33,2666.67,13.65,16.3743,19.0851,30.2046,0,3.85,0.6597,,,0,0,0,0,0,0,[]
11799,/home/dayin/git/audio-labeling/backend/storage/audio/product_1/record_17_1_1778827272.wav,-1,摩擦,0,1,0,1,0,摩擦,,1150,1,19.1667,2.03363,2.65791,0,0,0,0,0,正常,正常,0,外圈,,,3333.33,4666.67,19.4195,17.3431,14.4896,24.7745,0,3.85,0.6839,,,0,0,0,0,0,0,[]
11807,/home/dayin/git/audio-labeling/backend/storage/audio/product_1/record_15_1_1778838434.wav,-1,摩擦,0,1,0,1,0,摩擦,,1150,1,19.1667,1.84243,3.6583,0,0,0,0,0,正常,正常,0,外圈,,,1000,2000,27.2822,22.3583,18.6794,30.5157,0,3.85,0.6646,,,0,0,0,0,0,0,[]
11810,/home/dayin/git/audio-labeling/backend/storage/audio/product_1/record_17_1_1778842215.wav,-1,摩擦,0,1,0,1,0,摩擦,,1150,1,19.1667,1.26377,3.92773,0,0,0,0,0,正常,正常,0,外圈,,,2000,3333.33,24.4991,21.3154,19.779,31.2851,0,3.85,0.6996,,,0,0,0,0,0,0,[]
11821,/home/dayin/git/audio-labeling/backend/storage/audio/product_1/record_17_1_1778900084.wav,-1,摩擦,0,1,0,1,0,摩擦,,1150,1,19.1667,2.06224,6.73331,0,0,0,0,0,正常,正常,0,外圈,,,3333.33,4666.67,160.365,148.339,32.0158,68.406,0,3.8,0.6972,,,0,0,0,0,0,0,[]
11835,/home/dayin/git/audio-labeling/backend/storage/audio/product_1/record_17_1_1778929464.wav,-1,摩擦,0,1,0,1,0,摩擦,,1150,1,19.1667,2.81875,5.30952,0,0,0,0,0,正常,正常,0,外圈,,,2666.67,3333.33,70.1174,25.8284,24.7399,38.5596,0,3.86819,0.7488,,,0,0,0,0,0,0,[]
11873,/home/dayin/git/audio-labeling/backend/storage/audio/product_1/record_17_1_1779158241.wav,1,17,1,0,0,0,0,正常,,1150,1,19.1667,3.47164,0.360684,0,0,0,0,0,正常,正常,0,外圈,,,166.667,500,3.15999,3.11776,4.66053,6.92652,0,3.85,0.7225,,,0,0,0,0,0,0,[]
11882,/home/dayin/git/audio-labeling/backend/storage/audio/product_1/record_15_1_1779267649.wav,-1,摩擦,0,1,0,1,0,摩擦,,1150,1,19.1667,2.00631,3.80462,0,0.0611968,0,0.26698,0.26698,异常,轴承,0,滚珠,,,2666.67,5333.33,22.3744,15.5115,18.897,29.8011,0,3.85,0.7154,,34.29,1,1,0,0,1,1,"[{""f0"": 34.286, ""score"": 0.267, ""hits"": 4, ""cep_hits"": 1, ""interference"": false, ""guard"": """", ""band"": ""滚珠(BSF基频带)"", ""cls"": ""ball"", ""fr_hyp"": 19.495972253982153}]"
11891,/home/dayin/git/audio-labeling/backend/storage/audio/product_1/record_17_1_1779324159.wav,-1,摩擦,0,1,0,1,0,摩擦,,1150,1,19.1667,1.89951,4.04155,0,0,0,0,0,正常,正常,0,外圈,,,2666.67,4000,22.0782,16.5755,19.724,31.1851,0,3.85,0.7171,,,0,0,0,0,0,0,[]
11912,/home/dayin/git/audio-labeling/backend/storage/audio/product_1/record_17_1_1778651540.wav,-1,故障,0,1,0,0,0,其他异常,,1150,1,19.1667,1.5498,0.368858,0,0,0,0,0,正常,正常,0,外圈,,,5100,5666.67,3.54984,4.48077,6.75927,10.5976,0,3.85,0.6962,,,0,0,0,0,0,0,[]
11919,/home/dayin/git/audio-labeling/backend/storage/audio/product_1/record_17_1_1778721976.wav,-1,摩擦,0,1,0,1,0,摩擦,,1150,1,19.1667,1.62975,6.88905,0,0,0,0,0,正常,正常,0,外圈,,,1000,1666.67,577.399,445.328,43.6056,104.296,0,3.8,0.6317,,,0,0,0,0,0,0,[]
11921,/home/dayin/git/audio-labeling/backend/storage/audio/product_1/record_17_1_1778723271.wav,-1,摩擦,0,1,0,1,0,摩擦,,1150,1,19.1667,1.79308,3.64426,0,0,0,0,0,正常,正常,0,外圈,,,166.667,500,31.3575,14.466,18.3474,28.762,0,3.8,0.6358,,,0,0,0,0,0,0,[]
11932,/home/dayin/git/audio-labeling/backend/storage/audio/product_1/record_17_1_1778738506.wav,-1,故障,0,1,0,0,0,其他异常,,1150,1,19.1667,1.50282,0.349102,0,0,0,0,0,正常,正常,0,外圈,,,1333.33,4000,3.5878,4.90316,6.6987,10.561,0,3.8,0.6477,,,1,0,0,0,0,0,[]
11936,/home/dayin/git/audio-labeling/backend/storage/audio/product_1/record_17_1_1778742860.wav,-1,轴承,0,1,1,0,0,轴承,,1152.63,0,19.2105,72.9129,13.8811,1,0,0,0,0,异常,摩擦,1,外圈,,,4000,7984,43.2441,51.9839,11.9596,54.2994,0,3.8,0.6515,,19.34!,1,1,1,0,0,0,"[{""f0"": 19.342, ""score"": 1.0, ""hits"": 5, ""cep_hits"": 3, ""interference"": true, ""guard"": ""低频梳(f0<20Hz,疑轴频族)"", ""band"": """", ""cls"": null, ""fr_hyp"": null}]"
11960,/home/dayin/git/audio-labeling/backend/storage/audio/product_1/record_17_1_1778816304.wav,-1,摩擦,0,1,0,1,0,摩擦,,1150,1,19.1667,2.4905,0.465799,0,0,0,0,0,正常,正常,0,外圈,,,3333.33,4666.67,5.15211,4.37282,7.18907,11.1367,0,3.85,0.7047,,,1,0,0,0,0,0,[]
11965,/home/dayin/git/audio-labeling/backend/storage/audio/product_1/record_15_1_1778825814.wav,-1,摩擦,0,1,0,1,0,摩擦,,1150,1,19.1667,2.45569,1.73956,0,0.113398,0,0.200196,0.200196,异常,轴承,0,滚珠,,,1333.33,4000,8.76023,11.338,11.2929,18.9641,0,3.83913,0.6394,,31.91,1,1,0,0,1,1,"[{""f0"": 31.908, ""score"": 0.2006, ""hits"": 4, ""cep_hits"": 2, ""interference"": false, ""guard"": """", ""band"": """", ""cls"": ""ball"", ""fr_hyp"": 18.333333333333332}]"
11967,/home/dayin/git/audio-labeling/backend/storage/audio/product_1/record_17_1_1778829923.wav,-1,轴承,0,1,1,0,0,轴承,,1150,1,19.1667,3.54499,0.493072,0,0.758959,0.145985,0.145985,0.758959,异常,轴承,0,外圈,,,666.667,2000,6.64657,5.99473,6.91687,11.3409,0,3.85,0.7269,,52.47,1,1,0,0,1,1,"[{""f0"": 52.468, ""score"": 0.7819, ""hits"": 5, ""cep_hits"": 3, ""interference"": false, ""guard"": """", ""band"": """", ""cls"": ""outer"", ""fr_hyp"": 20.0}]"
11972,/home/dayin/git/audio-labeling/backend/storage/audio/product_1/record_15_1_1778840904.wav,-1,故障,0,1,0,0,0,其他异常,,1150,1,19.1667,1.42154,0.807835,0,0,0,0,0,正常,正常,0,外圈,,,333.333,1000,8.18418,6.40547,8.30366,13.2917,0,3.8,0.6881,,,0,0,0,0,0,0,[]
11992,/home/dayin/git/audio-labeling/backend/storage/audio/product_1/record_17_1_1778909940.wav,-1,摩擦,0,1,0,1,0,摩擦,,1150,1,19.1667,1.57292,10.6116,1,0,0,0,0,异常,摩擦,1,外圈,,,666.667,1333.33,1196.39,262.541,52.3889,89.681,0,3.8,0.697,,,0,0,0,0,0,0,[]
12016,/home/dayin/git/audio-labeling/backend/storage/audio/product_1/record_15_1_1778981868.wav,-1,摩擦,0,1,0,1,0,摩擦,,1150,1,19.1667,3.34248,1.85328,0,0.0289421,0,0.143635,0.143635,异常,轴承-未定位,0,滚珠,,,1333.33,4000,7.03171,10.1518,11.8418,19.3303,0,3.85,0.7553,,63.64,1,1,0,1,1,0,"[{""f0"": 63.636, ""score"": 0.3036, ""hits"": 4, ""cep_hits"": 1, ""interference"": false, ""guard"": """", ""band"": """", ""cls"": null, ""fr_hyp"": 18.333333333333332}]"
12017,/home/dayin/git/audio-labeling/backend/storage/audio/product_1/record_17_1_1778983252.wav,1,17,1,0,0,0,0,正常,,1150,1,19.1667,2.07877,0.362819,0,0,0,0,0,异常,轴承-未定位,0,外圈,,,1000,2000,2.35495,3.1405,4.64984,6.93046,0,3.8,0.6894,,75.79,1,1,0,1,1,0,"[{""f0"": 75.789, ""score"": 0.1782, ""hits"": 2, ""cep_hits"": 1, ""interference"": false, ""guard"": """", ""band"": """", ""cls"": null, ""fr_hyp"": null}]"
12041,/home/dayin/git/audio-labeling/backend/storage/audio/product_1/record_17_1_1779153915.wav,-1,摩擦,0,1,0,1,0,摩擦,,1150,1,19.1667,2.02149,2.98433,0,0,0,0,0,正常,正常,0,外圈,,,666.667,1333.33,249.618,18.3549,16.2687,26.4033,0,3.85,0.6668,,,0,0,0,0,0,0,[]
12046,/home/dayin/git/audio-labeling/backend/storage/audio/product_1/record_15_1_1779159795.wav,-1,15,0,1,0,0,0,其他异常,,1150,1,19.1667,1.42728,0.523046,0,0,0,0,0,正常,正常,0,外圈,,,333.333,666.667,5.30219,4.09515,7.43854,11.3681,0,3.85,0.6588,,,0,0,0,0,0,0,[]
12047,/home/dayin/git/audio-labeling/backend/storage/audio/product_1/record_15_1_1779164301.wav,-1,15,0,1,0,0,0,其他异常,,1150,1,19.1667,4.10399,0.658347,0,0,0,0,0,正常,正常,0,外圈,,,666.667,1333.33,12.2728,6.32251,6.92737,11.8451,0,3.85,0.6774,,50.13!,3,1,1,0,0,0,"[{""f0"": 50.13, ""score"": 0.9572, ""hits"": 5, ""cep_hits"": 3, ""interference"": true, ""guard"": ""工频50Hz"", ""band"": """", ""cls"": null, ""fr_hyp"": null}]"
12048,/home/dayin/git/audio-labeling/backend/storage/audio/product_1/record_17_1_1779164551.wav,-1,轴承,0,1,1,0,0,轴承,,1150,1,19.1667,1.93305,3.00156,0,0.147718,0.1326,0.816704,0.816704,异常,轴承,0,滚珠,,,4000,6666.67,28.0448,20.7844,11.7682,24.6217,0,3.8,0.6035,,35.26,2,1,0,0,1,1,"[{""f0"": 35.263, ""score"": 0.8117, ""hits"": 5, ""cep_hits"": 3, ""interference"": false, ""guard"": """", ""band"": """", ""cls"": ""ball"", ""fr_hyp"": 20.0}]"
12069,/home/dayin/git/audio-labeling/backend/storage/audio/product_1/record_15_1_1778652367.wav,-1,轴承,0,1,1,0,0,轴承,,1150,1,19.1667,4.10994,1.60713,0,0,0,0,0,正常,正常,0,外圈,,,2666.67,4000,8.58966,9.40081,7.36011,15.0282,0,3.85,0.6393,,,1,0,0,0,0,0,[]
12135,/home/dayin/git/audio-labeling/backend/storage/audio/product_1/record_17_1_1778911557.wav,-1,摩擦,0,1,0,1,0,摩擦,,1150,1,19.1667,2.19215,1.52272,0,0,0,0,0,正常,正常,0,外圈,,,666.667,1333.33,175.581,5.90398,10.8149,16.7398,0,3.8,0.6713,,,0,0,0,0,0,0,[]
12142,/home/dayin/git/audio-labeling/backend/storage/audio/product_1/record_17_1_1778919461.wav,-1,故障,0,1,0,0,0,其他异常,,1150,1,19.1667,1.5,1.99664,0,0,0,0,0,异常,轴承-未定位,0,外圈,,,2666.67,4000,12.2318,12.4811,11.1993,20.0882,0,3.8,0.649,,73.95,1,1,0,1,1,0,"[{""f0"": 73.947, ""score"": 0.5566, ""hits"": 5, ""cep_hits"": 2, ""interference"": false, ""guard"": """", ""band"": """", ""cls"": null, ""fr_hyp"": null}]"
12150,/home/dayin/git/audio-labeling/backend/storage/audio/product_1/record_17_1_1778978471.wav,-1,摩擦,0,1,0,1,0,摩擦,,1150,1,19.1667,1.06882,3.34837,0,0,0,0,0,正常,正常,0,外圈,,,3333.33,4666.67,37.8326,20.4121,17.6892,28.4747,0,3.85,0.7782,,,0,0,0,0,0,0,[]
12152,/home/dayin/git/audio-labeling/backend/storage/audio/product_1/record_15_1_1778986087.wav,-1,轴承,0,1,1,0,0,轴承,,1150,1,19.1667,1.56568,0.289116,0,0,0,0,0,正常,正常,0,外圈,,,166.667,500,6.62097,4.3378,6.45832,10.1026,0,3.82181,0.7381,,,0,0,0,0,0,0,[]
12153,/home/dayin/git/audio-labeling/backend/storage/audio/product_1/record_15_1_1778986108.wav,1,15,1,0,0,0,0,正常,,1150,1,19.1667,2.75795,0.18343,0,0,0,0,0,正常,正常,0,外圈,,,333.333,666.667,4.19113,3.19545,5.97833,8.93792,0,3.8,0.6955,,,0,0,0,0,0,0,[]
12182,/home/dayin/git/audio-labeling/backend/storage/audio/product_1/record_17_1_1779265641.wav,1,17,1,0,0,0,0,正常,,1150,1,19.1667,1.46459,0.39902,0,0,0,0,0,正常,正常,0,外圈,,,5250,5833.33,2.42916,2.9883,4.5253,6.67745,0,3.8,0.7251,,,0,0,0,0,0,0,[]
12223,/home/dayin/git/audio-labeling/backend/storage/audio/product_1/record_15_1_1778738278.wav,-1,摩擦,0,1,0,1,0,摩擦,,1150,1,19.1667,1.73885,9.2084,1,0,0,0,0,异常,摩擦,1,外圈,,,666.667,1333.33,16.6245,383.387,46.2781,90.6667,0,3.89787,0.7612,,,0,0,0,0,0,0,[]
12248,/home/dayin/git/audio-labeling/backend/storage/audio/product_1/record_17_1_1778809092.wav,-1,摩擦,0,1,0,1,0,摩擦,,1150,1,19.1667,2.23667,0.863274,0,0,0,0,0,正常,正常,0,外圈,,,5333.33,7984,11.7716,4.59478,8.65537,13.1284,0,3.8,0.6746,,,0,0,0,0,0,0,[]
12261,/home/dayin/git/audio-labeling/backend/storage/audio/product_1/record_17_1_1778827248.wav,-1,摩擦,0,1,0,1,0,摩擦,,1150,1,19.1667,1.6165,3.32,0,0,0,0,0,正常,正常,0,外圈,,,2666.67,3333.33,18.1457,12.7918,17.2251,26.7885,0,3.85,0.6836,,,0,0,0,0,0,0,[]
12291,/home/dayin/git/audio-labeling/backend/storage/audio/product_1/record_15_1_1778900210.wav,-1,摩擦,0,1,0,1,0,摩擦,,1150,1,19.1667,2.19407,0.474815,0,0,0,0,0,正常,正常,0,外圈,,,6000,7984,5.75051,5.49094,7.06968,11.32,0,3.8,0.6268,,,1,0,0,0,0,0,[]
12293,/home/dayin/git/audio-labeling/backend/storage/audio/product_1/record_15_1_1778907304.wav,-1,轴承,0,1,1,0,0,轴承,,1150,1,19.1667,2.32536,2.47523,0,0,0,0,0,正常,正常,0,外圈,,,1333.33,2666.67,22.1084,22.0442,12.5433,23.9458,0,3.85,0.6674,,17.53!,1,1,1,0,0,0,"[{""f0"": 17.532, ""score"": 0.3722, ""hits"": 3, ""cep_hits"": 1, ""interference"": true, ""guard"": ""低频梳(f0<20Hz,疑轴频族)"", ""band"": """", ""cls"": null, ""fr_hyp"": null}]"
12294,/home/dayin/git/audio-labeling/backend/storage/audio/product_1/record_17_1_1778907515.wav,-1,摩擦,0,1,0,1,0,摩擦,,1150,1,19.1667,2.60972,2.56029,0,0,0,0,0,正常,正常,0,外圈,,,2500,3000,10.3405,8.12766,14.5215,22.0385,0,3.85,0.6849,,,0,0,0,0,0,0,[]
12310,/home/dayin/git/audio-labeling/backend/storage/audio/product_1/record_15_1_1778978267.wav,-1,摩擦,0,1,0,1,0,摩擦,,1150,1,19.1667,4.73016,7.10025,0,0.0925062,0.147397,0.0703734,0.147397,异常,轴承-未定位,0,内圈,,,1000,2000,63.4366,75.2125,28.7656,57.3554,0,3.92694,0.6982,,78.94,1,1,0,1,1,0,"[{""f0"": 78.942, ""score"": 0.3253, ""hits"": 3, ""cep_hits"": 2, ""interference"": false, ""guard"": """", ""band"": """", ""cls"": null, ""fr_hyp"": 18.333333333333332}]"
12350,/home/dayin/git/audio-labeling/backend/storage/audio/product_1/record_15_1_1779164028.wav,-1,轴承,0,1,1,0,0,轴承,,1124.35,0,18.7392,154.536,3.84066,0,0,0,0,0,正常,正常,0,外圈,,,6600,7333.33,27.6251,14.4127,6.29819,19.4204,0,3.94894,0.6932,,18.87!,1,1,1,0,0,0,"[{""f0"": 18.866, ""score"": 0.8039, ""hits"": 5, ""cep_hits"": 2, ""interference"": true, ""guard"": ""低频梳(f0<20Hz,疑轴频族)"", ""band"": """", ""cls"": null, ""fr_hyp"": null}]"
12386,/home/dayin/git/audio-labeling/backend/storage/audio/product_1/record_17_1_1778719001.wav,-1,17,0,1,0,0,0,其他异常,,1150,1,19.1667,1.90914,8.02794,0,0,0,0,0,正常,正常,0,外圈,,,1000,1666.67,214.026,107.235,37.0044,68.2191,0,3.8,0.7397,,,0,0,0,0,0,0,[]
12393,/home/dayin/git/audio-labeling/backend/storage/audio/product_1/record_17_1_1778727642.wav,-1,摩擦,0,1,0,1,0,摩擦,,1150,1,19.1667,1.54658,7.25988,0,0,0,0,0,正常,正常,0,外圈,,,1000,2000,131.17,60.2109,32.6476,55.3393,0,3.8,0.6693,,,0,0,0,0,0,0,[]
12410,/home/dayin/git/audio-labeling/backend/storage/audio/product_1/record_15_1_1778756256.wav,-1,摩擦,0,1,0,1,0,摩擦,,1150,1,19.1667,2.11755,7.22697,0,0,0,0,0,正常,正常,0,外圈,,,166.667,500,6.06121,536.714,38.5002,109.829,0,3.927,0.5907,,,0,0,0,0,0,0,[]
12422,/home/dayin/git/audio-labeling/backend/storage/audio/product_1/record_17_1_1778825414.wav,-1,摩擦,0,1,0,1,0,摩擦,,1150,1,19.1667,1.63026,3.61969,0,0,0,0,0,正常,正常,0,外圈,,,3333.33,4666.67,22.1561,9.82322,18.0191,27.715,0,3.85,0.7335,,,0,0,0,0,0,0,[]
12431,/home/dayin/git/audio-labeling/backend/storage/audio/product_1/record_17_1_1778838974.wav,-1,摩擦,0,1,0,1,0,摩擦,,1150,1,19.1667,2.41868,1.96537,0,0,0,0,0,正常,正常,0,外圈,,,1,500,10.2675,5.97104,12.3822,18.804,0,3.8,0.6867,,,0,0,0,0,0,0,[]
12462,/home/dayin/git/audio-labeling/backend/storage/audio/product_1/record_17_1_1778979093.wav,-1,摩擦,0,1,0,1,0,摩擦,,1150,1,19.1667,1.02577,14.0837,1,0,0,0,0,异常,摩擦,1,外圈,,,666.667,2000,288.063,378.896,37.1326,120.965,0,3.8,0.6374,,,0,0,0,0,0,0,[]
12469,/home/dayin/git/audio-labeling/backend/storage/audio/product_1/record_17_1_1779065507.wav,-1,轴承,0,1,1,0,0,轴承,,1150,1,19.1667,3.88442,5.56448,0,0.23124,0.0829821,0,0.23124,异常,轴承-未定位,0,外圈,,,3333.33,4666.67,34.2737,36.4883,14.7254,36.1866,0,3.8,0.6554,,31.05,2,1,0,1,1,0,"[{""f0"": 31.053, ""score"": 0.9106, ""hits"": 5, ""cep_hits"": 1, ""interference"": false, ""guard"": """", ""band"": """", ""cls"": null, ""fr_hyp"": null}]"
12489,/home/dayin/git/audio-labeling/backend/storage/audio/product_1/record_17_1_1779149267.wav,-1,摩擦,0,1,0,1,0,摩擦,,1150,1,19.1667,1.41097,3.33957,0,0,0.158488,0.432095,0.432095,异常,轴承,0,滚珠,,,2333.33,3000,24.1377,29.3058,16.0381,30.0901,0,3.8,0.6379,,35.53,1,1,0,0,1,1,"[{""f0"": 35.526, ""score"": 0.4387, ""hits"": 5, ""cep_hits"": 3, ""interference"": false, ""guard"": """", ""band"": """", ""cls"": ""ball"", ""fr_hyp"": 20.0}]"
12527,/home/dayin/git/audio-labeling/backend/storage/audio/product_1/record_17_1_1778655306.wav,-1,轴承,0,1,1,0,0,轴承,,1150,1,19.1667,2.56005,0.582934,0,0.22519,0.841335,0.12437,0.841335,异常,轴承,0,内圈,,,1000,2000,6.1656,5.78416,6.43388,11.0507,0,3.85,0.6812,,86.75,2,1,0,0,1,1,"[{""f0"": 86.753, ""score"": 0.8413, ""hits"": 5, ""cep_hits"": 1, ""interference"": false, ""guard"": """", ""band"": ""内圈(BPFI带)"", ""cls"": ""inner"", ""fr_hyp"": 19.619974026443963}]"
12556,/home/dayin/git/audio-labeling/backend/storage/audio/product_1/record_15_1_1778824104.wav,-1,摩擦,0,1,0,1,0,摩擦,,1150,1,19.1667,1.47489,5.06275,0,0,0,0,0,正常,正常,0,外圈,,,5250,5833.33,128.749,26.995,23.6696,38.1894,0,3.8,0.6377,,,0,0,0,0,0,0,[]
12601,/home/dayin/git/audio-labeling/backend/storage/audio/product_1/record_17_1_1778928086.wav,-1,摩擦,0,1,0,1,0,摩擦,,1150,1,19.1667,1.19982,4.2587,0,0,0,0,0,异常,轴承-未定位,0,外圈,,,2500,3000,43.718,54.5782,18.2223,38.2228,0,3.85,0.7094,,22.21,3,1,0,1,1,0,"[{""f0"": 22.208, ""score"": 0.1621, ""hits"": 3, ""cep_hits"": 1, ""interference"": false, ""guard"": """", ""band"": """", ""cls"": null, ""fr_hyp"": null}]"
12606,/home/dayin/git/audio-labeling/backend/storage/audio/product_1/record_17_1_1778979875.wav,-1,轴承,0,1,1,0,0,轴承,,1215.58,0,20.2597,25.8178,2.15724,0,0,0,0,0,异常,轴承-未定位,0,外圈,,,2666.67,5333.33,16.9099,21.6884,10.7537,21.506,0,3.85,0.7867,,20.26,4,1,0,1,1,0,"[{""f0"": 20.26, ""score"": 0.4062, ""hits"": 2, ""cep_hits"": 2, ""interference"": false, ""guard"": """", ""band"": """", ""cls"": null, ""fr_hyp"": null}]"
12640,/home/dayin/git/audio-labeling/backend/storage/audio/product_1/record_17_1_1779158211.wav,-1,摩擦,0,1,0,1,0,摩擦,,1150,1,19.1667,2.06239,6.35808,0,0.101688,0.0698941,0.196899,0.196899,异常,轴承,1,滚珠,,,1333.33,4000,101.029,136.026,32.8148,64.6979,0,3.85,0.7462,,34.42,1,1,0,0,1,1,"[{""f0"": 34.416, ""score"": 0.1969, ""hits"": 4, ""cep_hits"": 3, ""interference"": false, ""guard"": """", ""band"": ""滚珠(BSF基频带)"", ""cls"": ""ball"", ""fr_hyp"": 19.569820633732085}]"
12645,/home/dayin/git/audio-labeling/backend/storage/audio/product_1/record_15_1_1779164511.wav,-1,轴承,0,1,1,0,0,轴承,,1153.25,0,19.2208,54.4115,5.98318,0,0,0,0,0,正常,正常,0,外圈,,,4000,6666.67,30.1108,17.4449,7.61911,26.4872,0,3.85,0.729,,19.35!,2,1,1,0,0,0,"[{""f0"": 19.351, ""score"": 0.9818, ""hits"": 5, ""cep_hits"": 3, ""interference"": true, ""guard"": ""低频梳(f0<20Hz,疑轴频族)"", ""band"": """", ""cls"": null, ""fr_hyp"": null}]"
12657,/home/dayin/git/audio-labeling/backend/storage/audio/product_1/record_17_1_1779267649.wav,-1,摩擦,0,1,0,1,0,摩擦,,1150,1,19.1667,1.56213,6.88732,0,0,0,0,0,正常,正常,0,外圈,,,666.667,1333.33,770.742,43.4649,31.1934,48.7612,0,3.8,0.7071,,,0,0,0,0,0,0,[]
12679,/home/dayin/git/audio-labeling/backend/storage/audio/product_1/record_17_1_1778656588.wav,-1,,0,1,0,0,0,其他异常,,1150,1,19.1667,3.72814,0.603992,0,0.0628383,0,0,0.0628383,异常,轴承-未定位,0,外圈,,,666.667,2000,6.24792,6.5387,7.01602,11.8164,0,3.85,0.7197,,45.97;78.70,2,2,0,1,2,0,"[{""f0"": 45.974, ""score"": 0.2113, ""hits"": 3, ""cep_hits"": 1, ""interference"": false, ""guard"": """", ""band"": """", ""cls"": null, ""fr_hyp"": 18.333333333333332}, {""f0"": 78.701, ""score"": 0.4669, ""hits"": 5, ""cep_hits"": 1, ""interference"": false, ""guard"": """", ""band"": """", ""cls"": null, ""fr_hyp"": null}]"
12680,/home/dayin/git/audio-labeling/backend/storage/audio/product_1/record_15_1_1778667414.wav,-1,摩擦,0,1,0,1,0,摩擦,,1150,1,19.1667,1.90906,14.5804,1,0,0,0,0,异常,轴承-未定位,0,外圈,,,1,4000,96.4024,695.781,52.8976,120.452,0,3.9415,0.6326,,29.68,1,1,0,1,1,0,"[{""f0"": 29.684, ""score"": 0.2692, ""hits"": 4, ""cep_hits"": 1, ""interference"": false, ""guard"": """", ""band"": """", ""cls"": null, ""fr_hyp"": null}]"
12689,/home/dayin/git/audio-labeling/backend/storage/audio/product_1/record_15_1_1778720421.wav,-1,摩擦,0,1,0,1,0,摩擦,,1150,1,19.1667,1.80779,22.2155,1,0,0,0,0,异常,摩擦,0,外圈,,,2666.67,4000,78.6444,511.551,33.1346,148.839,0,3.93288,0.6193,,,0,0,0,0,0,0,[]
12706,/home/dayin/git/audio-labeling/backend/storage/audio/product_1/record_17_1_1778743350.wav,-1,,0,1,0,0,0,其他异常,,1150,1,19.1667,1.49691,0.153985,0,0,0,0,0,正常,正常,0,外圈,,,4000,4666.67,4.80355,4.20261,5.80071,8.99562,0,3.85,0.6704,,,1,0,0,0,0,0,[]
12732,/home/dayin/git/audio-labeling/backend/storage/audio/product_1/record_17_1_1778815568.wav,-1,摩擦,0,1,0,1,0,摩擦,,1150,1,19.1667,1.21342,6.31219,0,0,0,0,0,正常,正常,0,外圈,,,666.667,1333.33,104.968,67.6655,30.2424,51.572,0,3.85,0.6542,,,0,0,0,0,0,0,[]
12745,/home/dayin/git/audio-labeling/backend/storage/audio/product_1/record_17_1_1778826674.wav,-1,摩擦,0,1,0,1,0,摩擦,,1150,1,19.1667,2.16877,5.3961,0,0,0,0,0,异常,轴承-未定位,0,外圈,,,2666.67,4000,45.0802,32.6622,24.3392,41.4452,0,3.8,0.6572,,37.11;22.37,3,2,0,1,2,0,"[{""f0"": 37.105, ""score"": 0.4787, ""hits"": 5, ""cep_hits"": 3, ""interference"": false, ""guard"": """", ""band"": """", ""cls"": null, ""fr_hyp"": null}, {""f0"": 22.368, ""score"": 0.1768, ""hits"": 4, ""cep_hits"": 1, ""interference"": false, ""guard"": """", ""band"": """", ""cls"": null, ""fr_hyp"": null}]"
12779,/home/dayin/git/audio-labeling/backend/storage/audio/product_1/record_17_1_1778902731.wav,-1,摩擦,0,1,0,1,0,摩擦,,1150,1,19.1667,2.85674,6.88777,0,0,0,0,0,正常,正常,0,外圈,,,666.667,1333.33,78.1629,46.1639,30.0639,51.372,0,3.8,0.654,,,0,0,0,0,0,0,[]
12785,/home/dayin/git/audio-labeling/backend/storage/audio/product_1/record_17_1_1778913515.wav,-1,摩擦,0,1,0,1,0,摩擦,,1150,1,19.1667,1.60816,5.93381,0,0,0,0,0,正常,正常,0,外圈,,,666.667,1333.33,260.514,40.7904,27.4969,44.7771,0,3.8,0.6712,,,0,0,0,0,0,0,[]
12800,/home/dayin/git/audio-labeling/backend/storage/audio/product_1/record_17_1_1778984039.wav,1,17,1,0,0,0,0,正常,,1150,1,19.1667,0.848754,0.225217,0,0,0,0,0,正常,正常,0,外圈,,,666.667,2000,2.53554,3.28967,5.18171,7.7744,0,3.8,0.6935,,,0,0,0,0,0,0,[]
12812,/home/dayin/git/audio-labeling/backend/storage/audio/product_1/record_15_1_1779076181.wav,-1,摩擦,0,1,0,1,0,摩擦,,1150,1,19.1667,2.23012,2.00419,0,0,0,0,0,正常,正常,0,外圈,,,2666.67,4000,8.27469,9.56965,12.5825,19.8556,0,3.8,0.6938,,,1,0,0,0,0,0,[]
12817,/home/dayin/git/audio-labeling/backend/storage/audio/product_1/record_15_1_1779092843.wav,-1,摩擦,0,1,0,1,0,摩擦,,1150,1,19.1667,1.46278,4.09622,0,0,0,0,0,正常,正常,0,外圈,,,1333.33,2666.67,47.0689,44.648,21.2977,36.8586,0,3.8,0.6554,,,0,0,0,0,0,0,[]
12860,/home/dayin/git/audio-labeling/backend/storage/audio/product_1/record_17_1_1778654687.wav,-1,故障,0,1,0,0,0,其他异常,,1150,1,19.1667,1.78529,1.08562,0,0,0,0,0,正常,正常,0,外圈,,,3333.33,4666.67,6.55883,5.62292,9.08105,14.5574,0,3.8,0.7037,,,0,0,0,0,0,0,[]
12866,/home/dayin/git/audio-labeling/backend/storage/audio/product_1/record_15_1_1778719157.wav,-1,摩擦,0,1,0,1,0,摩擦,,1150,1,19.1667,1.31834,2.40279,0,0,0,0,0,正常,正常,0,外圈,,,3000,4000,23.2272,9.0188,13.8945,21.6843,0,3.8,0.6977,,,0,0,0,0,0,0,[]
12874,/home/dayin/git/audio-labeling/backend/storage/audio/product_1/record_17_1_1778727868.wav,-1,,0,1,0,0,0,其他异常,,1150,1,19.1667,2.64601,0.30441,0,0,0,0,0,正常,正常,0,外圈,,,5100,5666.67,5.41664,4.91856,6.42633,10.2125,0,3.8,0.649,,,0,0,0,0,0,0,[]
12879,/home/dayin/git/audio-labeling/backend/storage/audio/product_1/record_17_1_1778741028.wav,-1,摩擦,0,1,0,1,0,摩擦,,1150,1,19.1667,1.40126,6.86011,0,0,0,0,0,正常,正常,0,外圈,,,666.667,1333.33,400.752,363.971,43.3198,100.912,0,3.85,0.6659,,,0,0,0,0,0,0,[]
12884,/home/dayin/git/audio-labeling/backend/storage/audio/product_1/record_15_1_1778745095.wav,-1,摩擦,0,1,0,1,0,摩擦,,1150,1,19.1667,1.28752,8.84954,0,0,0,0,0,正常,正常,0,外圈,,,2500,3000,36.7541,217.501,44.7398,76.3696,0,3.9265,0.6452,,,0,0,0,0,0,0,[]
12885,/home/dayin/git/audio-labeling/backend/storage/audio/product_1/record_17_1_1778745364.wav,-1,摩擦,0,1,0,1,0,摩擦,,1150,1,19.1667,1.52145,1.55732,0,0,0,0,0,正常,正常,0,外圈,,,1,333.333,6.85256,5.06475,10.9624,16.6561,0,3.85,0.6789,,,0,0,0,0,0,0,[]
12889,/home/dayin/git/audio-labeling/backend/storage/audio/product_1/record_17_1_1778749013.wav,-1,摩擦,0,1,0,1,0,摩擦,,1150,1,19.1667,1.12816,4.52222,0,0,0,0,0,正常,正常,0,外圈,,,3333.33,4000,11.6585,11.9177,21.2064,32.3643,0,3.85,0.6785,,,0,0,0,0,0,0,[]
12923,/home/dayin/git/audio-labeling/backend/storage/audio/product_1/record_15_1_1778843274.wav,-1,摩擦,0,1,0,1,0,摩擦,,1150,1,19.1667,1.48725,4.69117,0,0,0,0,0,正常,正常,0,外圈,,,2500,3000,24.4029,23.4425,22.2984,35.6194,0,3.85,0.7306,,,0,0,0,0,0,0,[]
12954,/home/dayin/git/audio-labeling/backend/storage/audio/product_1/record_17_1_1778928705.wav,-1,故障,0,1,0,0,0,其他异常,,1150,1,19.1667,1.66738,0.303191,0,0,0,0,0,正常,正常,0,外圈,,,1,333.333,9.65639,4.13338,6.54646,10.1766,0,3.8,0.663,,,0,0,0,0,0,0,[]
12960,/home/dayin/git/audio-labeling/backend/storage/audio/product_1/record_17_1_1778984328.wav,1,17,1,0,0,0,0,正常,,1150,1,19.1667,2.95395,0.341558,0,0,0,0,0,正常,正常,0,外圈,,,5000,5666.67,3.54312,3.16891,4.72429,7.04605,0,3.85,0.7206,,,0,0,0,0,0,0,[]
12975,/home/dayin/git/audio-labeling/backend/storage/audio/product_1/record_17_1_1779094635.wav,-1,轴承,0,1,1,0,0,轴承,,1150,1,19.1667,3.52191,2.55127,0,0.0485292,0.690576,0.0650712,0.690576,异常,轴承,0,内圈,,,3333.33,4666.67,24.1544,19.0953,11.4589,22.8893,0,3.8,0.7048,,19.08!;84.47;27.96,5,3,1,0,2,1,"[{""f0"": 19.079, ""score"": 0.341, ""hits"": 3, ""cep_hits"": 1, ""interference"": true, ""guard"": ""低频梳(f0<20Hz,疑轴频族)"", ""band"": """", ""cls"": null, ""fr_hyp"": null}, {""f0"": 84.474, ""score"": 0.6906, ""hits"": 5, ""cep_hits"": 1, ""interference"": false, ""guard"": """", ""band"": ""内圈(BPFI带)"", ""cls"": ""inner"", ""fr_hyp"": 19.10443184729024}, {""f0"": 27.961, ""score"": 0.2081, ""hits"": 3, ""cep_hits"": 1, ""interference"": false, ""guard"": """", ""band"": """", ""cls"": null, ""fr_hyp"": null}]"
12991,/home/dayin/git/audio-labeling/backend/storage/audio/product_1/record_17_1_1779159325.wav,1,17,1,0,0,0,0,正常,,1150,1,19.1667,1.8476,0.476458,0,0,0,0,0,正常,正常,0,外圈,,,3000,3333.33,2.17375,3.00334,4.24793,6.27448,0,3.8,0.6942,,,0,0,0,0,0,0,[]
12992,/home/dayin/git/audio-labeling/backend/storage/audio/product_1/record_17_1_1779159549.wav,-1,摩擦,0,1,0,1,0,摩擦,,1200,0,20,5.10472,20.1977,1,0,0,0,0,异常,摩擦,0,外圈,,,1000,1666.67,850.13,165.018,24.4281,97.3009,0,3.85,0.7013,,,0,0,0,0,0,0,[]
13004,/home/dayin/git/audio-labeling/backend/storage/audio/product_1/record_17_1_1779267473.wav,1,17,1,0,0,0,0,正常,,1150,1,19.1667,1.64462,0.431027,0,0,0,0,0,正常,正常,0,外圈,,,666.667,1333.33,2.49617,3.01976,4.48328,6.65234,0,3.87281,0.757,,,0,0,0,0,0,0,[]
13015,/home/dayin/git/audio-labeling/backend/storage/audio/product_1/record_15_1_1779327418.wav,-1,轴承,0,1,1,0,0,轴承,,1149.38,0,19.1564,81.2707,5.94875,0,0,0,0,0,正常,正常,0,外圈,,,6000,7333.33,36.0052,18.3365,11.1099,30.8758,0,3.86294,0.7544,,19.03!,1,1,1,0,0,0,"[{""f0"": 19.027, ""score"": 0.9568, ""hits"": 5, ""cep_hits"": 3, ""interference"": true, ""guard"": ""低频梳(f0<20Hz,疑轴频族)"", ""band"": """", ""cls"": null, ""fr_hyp"": null}]"
13027,/home/dayin/git/audio-labeling/backend/storage/audio/product_1/record_15_1_1778656030.wav,-1,轴承,0,1,1,0,0,轴承,,1150,1,19.1667,2.75994,4.67822,0,0,0,0,0,异常,轴承-未定位,0,外圈,,,1000,2000,6.37301,13.4547,17.1822,32.9547,0,3.93063,0.5457,,22.13,4,1,0,1,1,0,"[{""f0"": 22.134, ""score"": 0.1812, ""hits"": 4, ""cep_hits"": 1, ""interference"": false, ""guard"": """", ""band"": """", ""cls"": null, ""fr_hyp"": null}]"
13058,/home/dayin/git/audio-labeling/backend/storage/audio/product_1/record_17_1_1778822951.wav,-1,摩擦,0,1,0,1,0,摩擦,,1150,1,19.1667,2.3936,3.13144,0,0,0,0,0,正常,正常,0,外圈,,,833.333,1166.67,56.3633,15.5082,16.6525,26.5279,0,3.85,0.6862,,,0,0,0,0,0,0,[]
13102,/home/dayin/git/audio-labeling/backend/storage/audio/product_1/record_17_1_1778983058.wav,1,17,1,0,0,0,0,正常,,1150,1,19.1667,1.64687,0.391519,0,0,0,0,0,正常,正常,0,外圈,,,5250,5833.33,2.2202,3.06781,4.5478,6.74968,0,3.8,0.6382,,,0,0,0,0,0,0,[]
13106,/home/dayin/git/audio-labeling/backend/storage/audio/product_1/record_15_1_1778986676.wav,1,15,1,0,0,0,0,正常,,1150,1,19.1667,1.66141,0.518837,0,0,0,0,0,正常,正常,0,外圈,,,1,500,3.10131,3.00828,4.09405,6.06539,0,3.85,0.6994,,,0,0,0,0,0,0,[]
13132,/home/dayin/git/audio-labeling/backend/storage/audio/product_1/record_15_1_1779106578.wav,-1,轴承,0,1,1,0,0,轴承,,1150,1,19.1667,1.41908,1.47282,0,0.0404192,0,0.141077,0.141077,异常,轴承-未定位,0,滚珠,,,1000,1666.67,11.1584,9.84973,9.22336,16.6456,0,3.8,0.7003,,31.58,2,1,0,1,1,0,"[{""f0"": 31.579, ""score"": 0.373, ""hits"": 4, ""cep_hits"": 1, ""interference"": false, ""guard"": """", ""band"": """", ""cls"": null, ""fr_hyp"": 18.333333333333332}]"
13143,/home/dayin/git/audio-labeling/backend/storage/audio/product_1/record_15_1_1779164550.wav,-1,轴承,0,1,1,0,0,轴承,,1090.91,0,18.1818,5.89184,0.628894,0,0,0,0,0,正常,正常,0,外圈,,,333.333,666.667,10.9938,7.89271,6.97051,12.0176,0,3.85,0.7333,,,0,0,0,0,0,0,[]
13168,/home/dayin/git/audio-labeling/backend/storage/audio/product_1/record_17_1_1778498453.wav,-1,17,0,1,0,0,0,其他异常,,1150,1,19.1667,1.06339,0.590956,0,0,0,0,0,正常,正常,0,外圈,,,3450,3833.33,3.02801,3.02419,3.85816,5.77059,0,3.85,0.6792,,,3,0,0,0,0,0,[]
13178,/home/dayin/git/audio-labeling/backend/storage/audio/product_1/record_15_1_1778738924.wav,-1,故障,0,1,0,0,0,其他异常,,1150,1,19.1667,3.38129,0.299921,0,0,0,0,0,正常,正常,0,外圈,,,3333.33,4666.67,3.69539,4.58287,6.54471,10.239,0,3.85,0.7005,,,1,0,0,0,0,0,[]
13195,/home/dayin/git/audio-labeling/backend/storage/audio/product_1/record_15_1_1778815192.wav,-1,摩擦,0,1,0,1,0,摩擦,,1150,1,19.1667,1.7276,1.37974,0,0,0,0,0,正常,正常,0,外圈,,,2666.67,4000,4.8556,6.15161,10.1699,16.1578,0,3.85,0.7212,,,1,0,0,0,0,0,[]
13236,/home/dayin/git/audio-labeling/backend/storage/audio/product_1/record_17_1_1778899827.wav,-1,摩擦,0,1,0,1,0,摩擦,,1150,1,19.1667,3.02101,4.26431,0,0,0,0,0,正常,正常,0,外圈,,,3333.33,4666.67,59.8377,34.1642,21.6531,35.2814,0,3.85,0.7479,,,0,0,0,0,0,0,[]
13299,/home/dayin/git/audio-labeling/backend/storage/audio/product_1/record_17_1_1779326503.wav,-1,摩擦,0,1,0,1,0,摩擦,,1150,1,19.1667,1.87407,5.58691,0,0,0,0,0,正常,正常,0,外圈,,,1000,1666.67,136.606,32.2904,25.7173,41.732,0,3.8,0.6498,,,0,0,0,0,0,0,[]
13300,/home/dayin/git/audio-labeling/backend/storage/audio/product_1/record_17_1_1779329521.wav,-1,摩擦,0,1,0,1,0,摩擦,,1150,1,19.1667,2.02024,2.14887,0,0,0,0.293679,0.293679,异常,轴承,0,滚珠,,,3333.33,4666.67,17.2254,13.6697,12.9999,21.4881,0,3.82594,0.7326,,33.19,1,1,0,0,1,1,"[{""f0"": 33.194, ""score"": 0.2937, ""hits"": 4, ""cep_hits"": 1, ""interference"": false, ""guard"": """", ""band"": ""滚珠(BSF基频带)"", ""cls"": ""ball"", ""fr_hyp"": 18.875460081995303}]"
13304,/home/dayin/git/audio-labeling/backend/storage/audio/product_1/record_17_1_1779352255.wav,-1,摩擦,0,1,0,1,0,摩擦,,1150,1,19.1667,2.60126,1.74697,0,0,0,0,0,正常,正常,0,外圈,,,5100,5666.67,42.3352,4.81335,11.542,17.5784,0,3.85,0.6913,,,0,0,0,0,0,0,[]
13309,/home/dayin/git/audio-labeling/backend/storage/audio/product_1/record_17_1_1778655136.wav,-1,故障,0,1,0,0,0,其他异常,,1150,1,19.1667,1.71377,0.303799,0,0,0,0,0,正常,正常,0,外圈,,,2666.67,3333.33,3.38136,4.4893,6.45734,10.1726,0,3.85,0.6809,,,0,0,0,0,0,0,[]
13311,/home/dayin/git/audio-labeling/backend/storage/audio/product_1/record_17_1_1778656533.wav,-1,轴承,0,1,1,0,0,轴承,,1150,1,19.1667,4.38598,1.2698,0,0.122675,0.702143,0.202695,0.702143,异常,轴承,0,内圈,,,1333.33,2000,6.94425,8.64152,7.995,14.8076,0,3.85,0.6765,,52.99;90.13,3,2,0,0,2,1,"[{""f0"": 52.987, ""score"": 0.3783, ""hits"": 4, ""cep_hits"": 1, ""interference"": false, ""guard"": """", ""band"": """", ""cls"": null, ""fr_hyp"": 20.0}, {""f0"": 90.13, ""score"": 0.7238, ""hits"": 5, ""cep_hits"": 2, ""interference"": false, ""guard"": """", ""band"": """", ""cls"": ""inner"", ""fr_hyp"": 20.0}]"
13354,/home/dayin/git/audio-labeling/backend/storage/audio/product_1/record_15_1_1778816476.wav,-1,轴承,0,1,1,0,0,轴承,,1075.32,0,17.9221,8.18143,1.5989,0,0,0,0,0,正常,正常,0,外圈,,,1333.33,2000,12.8138,13.7425,6.96985,15.0224,0,3.85,0.6792,,,1,0,0,0,0,0,[]
13379,/home/dayin/git/audio-labeling/backend/storage/audio/product_1/record_17_1_1778889927.wav,-1,摩擦,0,1,0,1,0,摩擦,,1150,1,19.1667,1.22357,2.39872,0,0,0,0,0,正常,正常,0,外圈,,,1333.33,2666.67,11.2138,13.3527,13.7342,22.699,0,3.85,0.7457,,,0,0,0,0,0,0,[]
13402,/home/dayin/git/audio-labeling/backend/storage/audio/product_1/record_17_1_1778925058.wav,-1,摩擦,0,1,0,1,0,摩擦,,1150,1,19.1667,1.84554,2.04168,0,0,0,0,0,正常,正常,0,外圈,,,166.667,500,44.3881,11.6278,12.1305,20.5406,0,3.8,0.717,,,0,0,0,0,0,0,[]
13413,/home/dayin/git/audio-labeling/backend/storage/audio/product_1/record_17_1_1778984376.wav,-1,摩擦,0,1,0,1,0,摩擦,,1150,1,19.1667,3.68788,3.75899,0,0,0,0,0,正常,正常,0,外圈,,,2500,3000,54.4742,61.1227,19.7954,38.25,0,3.85,0.6952,,,0,0,0,0,0,0,[]
13416,/home/dayin/git/audio-labeling/backend/storage/audio/product_1/record_15_1_1778985936.wav,1,15,1,0,0,0,0,正常,,1150,1,19.1667,1.43302,0.22222,0,0,0,0,0,正常,正常,0,外圈,,,166.667,500,4.20501,3.17049,5.15064,7.69943,0,3.8,0.6723,,,0,0,0,0,0,0,[]
13427,/home/dayin/git/audio-labeling/backend/storage/audio/product_1/record_15_1_1779087134.wav,-1,轴承,0,1,1,0,0,轴承,,1150,1,19.1667,3.08603,2.24028,0,0,0,0,0,异常,轴承-未定位,0,外圈,,,2000,3000,13.351,15.0049,10.4443,20.5712,0,3.93637,0.6029,,30.23,1,1,0,1,1,0,"[{""f0"": 30.231, ""score"": 0.8709, ""hits"": 5, ""cep_hits"": 2, ""interference"": false, ""guard"": """", ""band"": """", ""cls"": null, ""fr_hyp"": null}]"
13432,/home/dayin/git/audio-labeling/backend/storage/audio/product_1/record_17_1_1779097668.wav,-1,摩擦,0,1,0,1,0,摩擦,,1150,1,19.1667,1.93159,9.0005,1,0,0,0,0,异常,轴承-未定位,0,外圈,,,4000,7984,98.6243,110.826,26.7905,66.4803,0,3.85,0.7,,37.40,1,1,0,1,1,0,"[{""f0"": 37.403, ""score"": 0.6914, ""hits"": 5, ""cep_hits"": 3, ""interference"": false, ""guard"": """", ""band"": """", ""cls"": null, ""fr_hyp"": null}]"
13442,/home/dayin/git/audio-labeling/backend/storage/audio/product_1/record_17_1_1779150310.wav,-1,摩擦,0,1,0,1,0,摩擦,,1150,1,19.1667,1.81394,5.5844,0,0,0,0,0,正常,正常,0,外圈,,,1000,1500,368.252,84.194,27.971,51.6329,0,3.8,0.6716,,,0,0,0,0,0,0,[]
13444,/home/dayin/git/audio-labeling/backend/storage/audio/product_1/record_15_1_1779258403.wav,1,15,1,0,0,0,0,正常,,1150,1,19.1667,1.9744,0.432001,0,0,0,0,0,正常,正常,0,外圈,,,333.333,666.667,2.84989,3.02567,4.40599,6.51455,0,3.85,0.6889,,,0,0,0,0,0,0,[]
13465,/home/dayin/git/audio-labeling/backend/storage/audio/product_1/record_15_1_1778556568.wav,-1,15,0,1,0,0,0,其他异常,,1150,1,19.1667,1.95677,2.18723,0,0,0,0,0,异常,轴承-未定位,0,外圈,,,666.667,2000,18.6846,16.6713,10.6225,20.8078,0,3.81144,0.7898,,55.62,2,1,0,1,1,0,"[{""f0"": 55.622, ""score"": 0.2035, ""hits"": 2, ""cep_hits"": 1, ""interference"": false, ""guard"": """", ""band"": """", ""cls"": null, ""fr_hyp"": null}]"
13467,/home/dayin/git/audio-labeling/backend/storage/audio/product_1/record_15_1_1778719917.wav,-1,摩擦,0,1,0,1,0,摩擦,,1150,1,19.1667,1.73922,6.3997,0,0,0,0,0,正常,正常,0,外圈,,,666.667,1333.33,15.7913,95.6394,32.5258,53.9208,0,3.91325,0.5095,,,0,0,0,0,0,0,[]
13471,/home/dayin/git/audio-labeling/backend/storage/audio/product_1/record_15_1_1778724950.wav,-1,摩擦,0,1,0,1,0,摩擦,,1150,1,19.1667,1.00667,4.33723,0,0,0,0,0,正常,正常,0,外圈,,,2666.67,3000,58.3096,32.7996,21.0073,36.1133,0,3.8,0.6014,,,0,0,0,0,0,0,[]
13564,/home/dayin/git/audio-labeling/backend/storage/audio/product_1/record_15_1_1778979758.wav,-1,摩擦,0,1,0,1,0,摩擦,,1150,1,19.1667,1.0831,1.8058,0,0,0,0,0,正常,正常,0,外圈,,,666.667,1333.33,17.8702,14.187,11.4936,19.7948,0,3.8,0.6137,,,0,0,0,0,0,0,[]
13576,/home/dayin/git/audio-labeling/backend/storage/audio/product_1/record_15_1_1779089289.wav,-1,摩擦,0,1,0,1,0,摩擦,,1150,1,19.1667,2.8775,3.53592,0,0,0,0,0,异常,轴承-未定位,0,外圈,,,3333.33,4666.67,62.9449,44.3416,17.7472,33.9583,0,3.89656,0.5665,,29.51,1,1,0,1,1,0,"[{""f0"": 29.513, ""score"": 0.7134, ""hits"": 5, ""cep_hits"": 3, ""interference"": false, ""guard"": """", ""band"": """", ""cls"": null, ""fr_hyp"": null}]"
13578,/home/dayin/git/audio-labeling/backend/storage/audio/product_1/record_15_1_1779094456.wav,-1,摩擦,0,1,0,1,0,摩擦,,1150,1,19.1667,1.91518,6.9054,0,0,0,0,0,正常,正常,0,外圈,,,2666.67,5333.33,35.6441,35.2269,30.4828,48.2941,0,3.8,0.6483,,,0,0,0,0,0,0,[]
13589,/home/dayin/git/audio-labeling/backend/storage/audio/product_1/record_17_1_1779154299.wav,1,17,1,0,0,0,0,正常,,1150,1,19.1667,2.38602,0.446565,0,0,0,0,0,正常,正常,0,外圈,,,1333.33,2000,2.13052,2.99814,4.44942,6.59002,0,3.8,0.6509,,,0,0,0,0,0,0,[]
13619,/home/dayin/git/audio-labeling/backend/storage/audio/product_1/record_17_1_1778724996.wav,-1,摩擦,0,1,0,1,0,摩擦,,1150,1,19.1667,1.49743,2.45015,0,0,0,0,0,异常,轴承-未定位,0,外圈,,,3333.33,4666.67,16.9255,8.87247,13.5357,22.1243,0,3.85,0.6827,,37.66,1,1,0,1,1,0,"[{""f0"": 37.662, ""score"": 0.4133, ""hits"": 5, ""cep_hits"": 1, ""interference"": false, ""guard"": """", ""band"": """", ""cls"": null, ""fr_hyp"": null}]"
13655,/home/dayin/git/audio-labeling/backend/storage/audio/product_1/record_17_1_1778813609.wav,-1,摩擦,0,1,0,1,0,摩擦,,1150,1,19.1667,1.43033,6.15981,0,0,0,0,0,正常,正常,0,外圈,,,666.667,1333.33,317.697,196.163,34.2741,73.5395,0,3.85,0.7318,,,0,0,0,0,0,0,[]
13669,/home/dayin/git/audio-labeling/backend/storage/audio/product_1/record_17_1_1778831175.wav,-1,摩擦,0,1,0,1,0,摩擦,,1150,1,19.1667,4.10425,4.68585,0,0,0,0,0,正常,正常,0,外圈,,,3333.33,4666.67,18.0402,14.4403,21.7381,33.9149,0,3.8,0.7019,,,0,0,0,0,0,0,[]
13684,/home/dayin/git/audio-labeling/backend/storage/audio/product_1/record_15_1_1778847202.wav,-1,摩擦,0,1,0,1,0,摩擦,,1150,1,19.1667,1.87603,4.12057,0,0,0,0,0,正常,正常,0,外圈,,,666.667,1333.33,40.6902,16.2642,19.9358,31.5516,0,3.89737,0.6056,,,0,0,0,0,0,0,[]
13688,/home/dayin/git/audio-labeling/backend/storage/audio/product_1/record_17_1_1778892618.wav,-1,摩擦,0,1,0,1,0,摩擦,,1150,1,19.1667,1.50303,4.54652,0,0,0,0,0,正常,正常,0,外圈,,,666.667,1333.33,306.426,33.451,22.3379,36.8549,0,3.85,0.6169,,,0,0,0,0,0,0,[]
13704,/home/dayin/git/audio-labeling/backend/storage/audio/product_1/record_15_1_1778932491.wav,-1,摩擦,0,1,0,1,0,摩擦,,1150,1,19.1667,3.35184,2.18091,0,0,0.0909634,0.394407,0.394407,异常,轴承,0,滚珠,,,2666.67,4000,14.4425,16.2469,12.9352,22.1366,0,3.86506,0.5768,,34.67,1,1,0,0,1,1,"[{""f0"": 34.67, ""score"": 0.3944, ""hits"": 5, ""cep_hits"": 1, ""interference"": false, ""guard"": """", ""band"": ""滚珠(BSF基频带)"", ""cls"": ""ball"", ""fr_hyp"": 19.714237021000372}]"
13715,/home/dayin/git/audio-labeling/backend/storage/audio/product_1/record_15_1_1779083152.wav,-1,摩擦,0,1,0,1,0,摩擦,,1150,1,19.1667,1.41708,5.55646,0,0,0,0,0,正常,正常,0,外圈,,,1666.67,2333.33,76.7485,37.7392,26.4488,41.1326,0,3.8,0.6838,,,0,0,0,0,0,0,[]
13743,/home/dayin/git/audio-labeling/backend/storage/audio/product_1/record_15_1_1779262373.wav,-1,摩擦,0,1,0,1,0,摩擦,,1150,1,19.1667,1.22108,5.05779,0,0,0,0,0,正常,正常,0,外圈,,,1333.33,2000,54.7941,56.3667,22.2613,43.6846,0,3.8,0.6024,,,0,0,0,0,0,0,[]
13749,/home/dayin/git/audio-labeling/backend/storage/audio/product_1/record_17_1_1779322897.wav,-1,摩擦,0,1,0,1,0,摩擦,,1150,1,19.1667,1.04162,2.13452,0,0,0,0,0,正常,正常,0,外圈,,,3333.33,4666.67,9.93339,6.40621,12.9941,19.6659,0,3.8,0.6617,,,0,0,0,0,0,0,[]
13777,/home/dayin/git/audio-labeling/backend/storage/audio/product_1/record_17_1_1778727748.wav,-1,轴承,0,1,1,0,0,轴承,,1168.42,0,19.4737,5.79262,3.10349,0,0,0,0,0,正常,正常,0,外圈,,,666.667,1333.33,208.395,23.1545,13.5904,26.8184,0,3.8,0.6727,,,0,0,0,0,0,0,[]
13803,/home/dayin/git/audio-labeling/backend/storage/audio/product_1/record_15_1_1778811474.wav,-1,故障,0,1,0,0,0,其他异常,,1150,1,19.1667,1.51185,1.9591,0,0.193654,0.0248801,0,0.193654,异常,轴承-未定位,0,外圈,,,2666.67,5333.33,10.4305,12.4952,12.0065,20.2978,0,3.91675,0.6962,,31.15,1,1,0,1,1,0,"[{""f0"": 31.148, ""score"": 0.6281, ""hits"": 5, ""cep_hits"": 1, ""interference"": false, ""guard"": """", ""band"": """", ""cls"": null, ""fr_hyp"": null}]"
13816,/home/dayin/git/audio-labeling/backend/storage/audio/product_1/record_17_1_1778831446.wav,-1,摩擦,0,1,0,1,0,摩擦,,1150,1,19.1667,1.30525,8.11697,0,0,0,0,0,正常,正常,0,外圈,,,666.667,1333.33,446.262,90.8271,38.0087,63.0649,0,3.85,0.7012,,,0,0,0,0,0,0,[]
13852,/home/dayin/git/audio-labeling/backend/storage/audio/product_1/record_17_1_1778932656.wav,-1,摩擦,0,1,0,1,0,摩擦,,1150,1,19.1667,0.834772,16.9064,1,0,0,0,0,异常,摩擦,1,外圈,,,4000,6000,1112.13,911.384,62.3984,155.206,0,3.89031,0.6017,,,0,0,0,0,0,0,[]
13857,/home/dayin/git/audio-labeling/backend/storage/audio/product_1/record_17_1_1778980182.wav,-1,摩擦,0,1,0,1,0,摩擦,,1150,1,19.1667,1.70089,5.56366,0,0,0,0,0,正常,正常,0,外圈,,,3333.33,4000,41.4696,22.0958,25.2385,39.3868,0,3.8,0.6484,,,0,0,0,0,0,0,[]
13871,/home/dayin/git/audio-labeling/backend/storage/audio/product_1/record_17_1_1779071220.wav,-1,,0,1,0,0,0,其他异常,,1150,1,19.1667,3.54435,0.627795,0,0,0,0,0,正常,正常,0,外圈,,,833.333,1166.67,15.923,6.53846,7.61681,12.3385,0,3.84163,0.6673,,,0,0,0,0,0,0,[]
13883,/home/dayin/git/audio-labeling/backend/storage/audio/product_1/record_15_1_1779099209.wav,-1,故障,0,1,0,0,0,其他异常,,1150,1,19.1667,3.77974,9.70365,1,0.14354,0.143305,0.427469,0.427469,异常,轴承,0,滚珠,,,2666.67,5333.33,73.427,115.947,24.6954,66.8024,0,3.8,0.6185,,25.53;32.11,3,2,0,0,2,1,"[{""f0"": 25.526, ""score"": 0.2205, ""hits"": 3, ""cep_hits"": 1, ""interference"": false, ""guard"": """", ""band"": """", ""cls"": null, ""fr_hyp"": null}, {""f0"": 32.105, ""score"": 0.4219, ""hits"": 5, ""cep_hits"": 3, ""interference"": false, ""guard"": """", ""band"": """", ""cls"": ""ball"", ""fr_hyp"": 18.333333333333332}]"
13904,/home/dayin/git/audio-labeling/backend/storage/audio/product_1/record_17_1_1779324849.wav,-1,摩擦,0,1,0,1,0,摩擦,,1150,1,19.1667,2.11143,0.190332,0,0,0,0,0,正常,正常,0,外圈,,,4000,5333.33,10.5943,4.35059,6.23218,9.59848,0,3.85,0.6226,,,0,0,0,0,0,0,[]
13925,/home/dayin/git/audio-labeling/backend/storage/audio/product_1/record_15_1_1778498313.wav,-1,轴承,0,1,1,0,0,轴承,,1209.8,0,20.1633,12.837,0.662697,0,0,0,0,0,正常,正常,0,外圈,,,1333.33,4000,5.45187,7.4293,7.92237,12.7464,0,3.81881,0.6939,,,2,0,0,0,0,0,[]
13929,/home/dayin/git/audio-labeling/backend/storage/audio/product_1/record_17_1_1778717559.wav,-1,摩擦,0,1,0,1,0,摩擦,,1150,1,19.1667,1.48967,4.82757,0,0,0,0,0,正常,正常,0,外圈,,,3333.33,4666.67,97.624,64.7143,24.6977,44.2042,0,3.8,0.5838,,,0,0,0,0,0,0,[]
13955,/home/dayin/git/audio-labeling/backend/storage/audio/product_1/record_15_1_1778743050.wav,-1,摩擦,0,1,0,1,0,摩擦,,1150,1,19.1667,1.98277,4.61117,0,0,0,0,0,正常,正常,0,外圈,,,2666.67,4000,67.8432,44.2868,23.1896,39.132,0,3.8,0.5824,,,0,0,0,0,0,0,[]
13960,/home/dayin/git/audio-labeling/backend/storage/audio/product_1/record_17_1_1778747640.wav,-1,摩擦,0,1,0,1,0,摩擦,,1150,1,19.1667,1.69957,6.89974,0,0,0,0,0,正常,正常,0,外圈,,,1333.33,2000,79.8756,55.3303,31.1918,52.6587,0,3.85,0.6237,,,0,0,0,0,0,0,[]
13962,/home/dayin/git/audio-labeling/backend/storage/audio/product_1/record_17_1_1778756087.wav,-1,轴承,0,1,1,0,0,轴承,,1150,1,19.1667,2.14085,3.08638,0,0,0,0,0,异常,轴承-未定位,0,外圈,,,4000,7984,10.7915,11.7289,7.15903,18.515,0,3.85,0.6623,,24.42,1,1,0,1,1,0,"[{""f0"": 24.416, ""score"": 1.0, ""hits"": 5, ""cep_hits"": 3, ""interference"": false, ""guard"": """", ""band"": """", ""cls"": null, ""fr_hyp"": null}]"
13975,/home/dayin/git/audio-labeling/backend/storage/audio/product_1/record_15_1_1778815095.wav,-1,摩擦,0,1,0,1,0,摩擦,,1150,1,19.1667,1.60853,2.84908,0,0,0,0,0,正常,正常,0,外圈,,,666.667,2000,24.2689,16.5425,13.6913,25.1122,0,3.85,0.6573,,,0,0,0,0,0,0,[]
13995,/home/dayin/git/audio-labeling/backend/storage/audio/product_1/record_17_1_1778891237.wav,-1,摩擦,0,1,0,1,0,摩擦,,1150,1,19.1667,1.99998,2.39223,0,0,0,0,0,正常,正常,0,外圈,,,3333.33,4000,9.54453,11.8455,12.9406,22.3001,0,3.85,0.6638,,,1,0,0,0,0,0,[]
14004,/home/dayin/git/audio-labeling/backend/storage/audio/product_1/record_15_1_1778902640.wav,-1,摩擦,0,1,0,1,0,摩擦,,1150,1,19.1667,2.71998,3.59693,0,0,0,0,0,异常,轴承-未定位,0,外圈,,,2666.67,5333.33,25.8847,25.7081,17.9403,31.1074,0,3.8,0.6421,,30.00,1,1,0,1,1,0,"[{""f0"": 30.0, ""score"": 0.5103, ""hits"": 5, ""cep_hits"": 1, ""interference"": false, ""guard"": """", ""band"": """", ""cls"": null, ""fr_hyp"": null}]"
14015,/home/dayin/git/audio-labeling/backend/storage/audio/product_1/record_17_1_1778924733.wav,-1,摩擦,0,1,0,1,0,摩擦,,1150,1,19.1667,1.45493,4.98715,0,0,0,0,0,正常,正常,0,外圈,,,2666.67,3333.33,116.771,88.8813,25.1061,49.5006,0,3.85,0.6752,,,0,0,0,0,0,0,[]
14022,/home/dayin/git/audio-labeling/backend/storage/audio/product_1/record_17_1_1778983039.wav,1,17,1,0,0,0,0,正常,,1150,1,19.1667,1.15678,0.163282,0,0,0,0,0,正常,正常,0,外圈,,,5700,6333.33,2.38942,3.00946,5.43266,8.02222,0,3.8,0.6343,,,0,0,0,0,0,0,[]
14037,/home/dayin/git/audio-labeling/backend/storage/audio/product_1/record_17_1_1779094586.wav,-1,故障,0,1,0,0,0,其他异常,,1184.21,0,19.7368,5.1083,0.33168,0,0.0232341,0,0,0.0232341,异常,轴承-未定位,0,外圈,,,1,500,4.99427,5.00544,6.67518,10.5023,0,3.8,0.6403,,78.42,1,1,0,1,1,0,"[{""f0"": 78.421, ""score"": 0.1594, ""hits"": 2, ""cep_hits"": 1, ""interference"": false, ""guard"": """", ""band"": """", ""cls"": null, ""fr_hyp"": null}]"
14052,/home/dayin/git/audio-labeling/backend/storage/audio/product_1/record_17_1_1779266963.wav,1,17,1,0,0,0,0,正常,,1150,1,19.1667,2.25262,0.399881,0,0,0,0,0,正常,正常,0,外圈,,,5400,6000,2.45332,3.09228,4.58652,6.84448,0,3.8,0.641,,,0,0,0,0,0,0,[]
14058,/home/dayin/git/audio-labeling/backend/storage/audio/product_1/record_17_1_1779326856.wav,-1,摩擦,0,1,0,1,0,摩擦,,1150,1,19.1667,1.71582,5.49268,0,0,0,0,0,正常,正常,0,外圈,,,666.667,2000,217.462,148.99,30.6431,62.2378,0,3.85,0.6444,,,0,0,0,0,0,0,[]
14066,/home/dayin/git/audio-labeling/backend/storage/audio/product_1/record_17_1_1779353837.wav,-1,轴承,0,1,1,0,0,轴承,,1089.47,0,18.1579,88.1131,4.97676,0,0,0,0,0,正常,正常,0,外圈,,,2666.67,5333.33,18.1489,23.3399,9.81253,27.5773,0,3.8,0.6231,,18.03!,1,1,1,0,0,0,"[{""f0"": 18.026, ""score"": 1.0, ""hits"": 5, ""cep_hits"": 2, ""interference"": true, ""guard"": ""低频梳(f0<20Hz,疑轴频族)"", ""band"": """", ""cls"": null, ""fr_hyp"": null}]"
14075,/home/dayin/git/audio-labeling/backend/storage/audio/product_1/record_15_1_1778556710.wav,-1,15,0,1,0,0,0,其他异常,,1150,1,19.1667,4.35306,2.88286,0,0,0,0,0,正常,正常,0,外圈,,,4500,5000,20.1109,18.773,9.17975,21.3176,0,3.86,0.6431,,,0,0,0,0,0,0,[]
14091,/home/dayin/git/audio-labeling/backend/storage/audio/product_1/record_17_1_1778740739.wav,-1,故障,0,1,0,0,0,其他异常,,1150,1,19.1667,1.98078,0.386772,0,0,0,0,0,正常,正常,0,外圈,,,4800,5333.33,2.5342,3.29255,4.56083,6.8656,0,3.8,0.6269,,,0,0,0,0,0,0,[]
14094,/home/dayin/git/audio-labeling/backend/storage/audio/product_1/record_15_1_1778745171.wav,-1,故障,0,1,0,0,0,其他异常,,1150,1,19.1667,1.70331,0.930776,0,0,0.0327942,0,0.0327942,异常,轴承-未定位,0,内圈,,,666.667,2000,6.47546,7.72365,8.32099,13.9895,0,3.85,0.6642,,42.60;72.47,2,2,0,1,2,0,"[{""f0"": 42.597, ""score"": 0.2066, ""hits"": 2, ""cep_hits"": 3, ""interference"": false, ""guard"": """", ""band"": """", ""cls"": null, ""fr_hyp"": null}, {""f0"": 72.468, ""score"": 0.6899, ""hits"": 5, ""cep_hits"": 1, ""interference"": false, ""guard"": """", ""band"": """", ""cls"": null, ""fr_hyp"": null}]"
14101,/home/dayin/git/audio-labeling/backend/storage/audio/product_1/record_15_1_1778754585.wav,-1,摩擦,0,1,0,1,0,摩擦,,1150,1,19.1667,1.58002,3.73774,0,0,0,0,0,正常,正常,0,外圈,,,3333.33,4666.67,23.9817,11.39,18.282,28.8549,0,3.87538,0.4929,,,0,0,0,0,0,0,[]
14135,/home/dayin/git/audio-labeling/backend/storage/audio/product_1/record_17_1_1778902893.wav,-1,摩擦,0,1,0,1,0,摩擦,,1150,1,19.1667,1.63103,6.78401,0,0,0,0,0,正常,正常,0,外圈,,,666.667,1333.33,142.512,26.8084,29.4351,46.431,0,3.8,0.6294,,,0,0,0,0,0,0,[]
14160,/home/dayin/git/audio-labeling/backend/storage/audio/product_1/record_17_1_1778982946.wav,1,17,1,0,0,0,0,正常,,1150,1,19.1667,2.6531,0.21359,0,0,0,0,0,正常,正常,0,外圈,,,1000,2000,2.73602,3.41367,5.2237,7.87253,0,3.85,0.6683,,,1,0,0,0,0,0,[]
14181,/home/dayin/git/audio-labeling/backend/storage/audio/product_1/record_15_1_1779093031.wav,-1,摩擦,0,1,0,1,0,摩擦,,1150,1,19.1667,1.48172,5.83701,0,0,0,0,0,正常,正常,0,外圈,,,1333.33,2666.67,81.7168,95.4491,29.1898,54.9808,0,3.94069,0.6926,,,0,0,0,0,0,0,[]
14203,/home/dayin/git/audio-labeling/backend/storage/audio/product_1/record_15_1_1779164530.wav,-1,轴承,0,1,1,0,0,轴承,,1158.59,0,19.3099,124.564,5.76334,0,0,0,0,0,正常,正常,0,外圈,,,6600,7333.33,24.8274,17.1649,6.87622,24.9616,0,3.93581,0.9579,,19.18!,1,1,1,0,0,0,"[{""f0"": 19.183, ""score"": 0.7397, ""hits"": 5, ""cep_hits"": 3, ""interference"": true, ""guard"": ""低频梳(f0<20Hz,疑轴频族)"", ""band"": """", ""cls"": null, ""fr_hyp"": null}]"
14209,/home/dayin/git/audio-labeling/backend/storage/audio/product_1/record_17_1_1779263376.wav,-1,摩擦,0,1,0,1,0,摩擦,,1150,1,19.1667,1.25691,15.5645,1,0,0,0,0,异常,摩擦,1,外圈,,,2333.33,3000,80.3582,87.421,25.0506,78.2884,0,3.8,0.6351,,,0,0,0,0,0,0,[]
14244,/home/dayin/git/audio-labeling/backend/storage/audio/product_1/record_17_1_1778736721.wav,-1,摩擦,0,1,0,1,0,摩擦,,1150,1,19.1667,2.16701,0.474209,0,0,0,0,0,正常,正常,0,外圈,,,1,333.333,8.60664,4.3195,7.29185,11.1635,0,3.85,0.6791,,,0,0,0,0,0,0,[]
14245,/home/dayin/git/audio-labeling/backend/storage/audio/product_1/record_17_1_1778737626.wav,-1,摩擦,0,1,0,1,0,摩擦,,1150,1,19.1667,1.16481,10.5226,1,0,0,0,0,异常,摩擦,1,外圈,,,1000,1666.67,1196.94,341.878,50.4498,90.5004,0,3.85,0.7367,,,0,0,0,0,0,0,[]
14247,/home/dayin/git/audio-labeling/backend/storage/audio/product_1/record_17_1_1778741867.wav,-1,摩擦,0,1,0,1,0,摩擦,,1150,1,19.1667,2.00922,4.71172,0,0,0,0,0,正常,正常,0,外圈,,,666.667,1333.33,191.122,16.9664,21.8987,34.6173,0,3.85,0.7381,,,0,0,0,0,0,0,[]
14279,/home/dayin/git/audio-labeling/backend/storage/audio/product_1/record_17_1_1778893177.wav,-1,摩擦,0,1,0,1,0,摩擦,,1150,1,19.1667,2.22659,5.05659,0,0,0,0,0,正常,正常,0,外圈,,,666.667,1333.33,195.977,68.5499,26.3021,45.1277,0,3.94125,0.6623,,,0,0,0,0,0,0,[]
14294,/home/dayin/git/audio-labeling/backend/storage/audio/product_1/record_15_1_1778911730.wav,-1,摩擦,0,1,0,1,0,摩擦,,1150,1,19.1667,3.27438,9.13092,1,0,0,0,0,异常,摩擦,1,外圈,,,666.667,2000,15.2123,376.935,52.6035,117.52,0,3.85,0.752,,,0,0,0,0,0,0,[]
14319,/home/dayin/git/audio-labeling/backend/storage/audio/product_1/record_15_1_1778986568.wav,1,15,1,0,0,0,0,正常,,1150,1,19.1667,2.31355,0.175558,0,0,0,0,0,正常,正常,0,外圈,,,333.333,666.667,9.08808,3.16435,5.23942,7.7971,0,3.8,0.6952,,,0,0,0,0,0,0,[]
14322,/home/dayin/git/audio-labeling/backend/storage/audio/product_1/record_17_1_1779071111.wav,-1,摩擦,0,1,0,1,0,摩擦,,1150,1,19.1667,4.32234,2.99663,0,0,0,0,0,正常,正常,0,外圈,,,3333.33,4666.67,21.4274,17.1792,15.0823,26.3942,0,3.85,0.713,,,1,0,0,0,0,0,[]
14332,/home/dayin/git/audio-labeling/backend/storage/audio/product_1/record_17_1_1779088626.wav,-1,摩擦,0,1,0,1,0,摩擦,,1150,1,19.1667,1.69892,7.86231,0,0,0,0,0,正常,正常,0,外圈,,,3333.33,4666.67,160.592,133.262,39.0691,64.11,0,3.8,0.7008,,,0,0,0,0,0,0,[]
14340,/home/dayin/git/audio-labeling/backend/storage/audio/product_1/record_17_1_1779099943.wav,-1,摩擦,0,1,0,1,0,摩擦,,1150,1,19.1667,2.98985,4.08658,0,0,0,0,0,正常,正常,0,外圈,,,1333.33,4000,10.8406,13.8548,19.7607,30.8233,0,3.85,0.7205,,,0,0,0,0,0,0,[]
14356,/home/dayin/git/audio-labeling/backend/storage/audio/product_1/record_17_1_1779155039.wav,-1,摩擦,0,1,0,1,0,摩擦,,1150,1,19.1667,2.31713,3.67289,0,0,0,0,0,正常,正常,0,外圈,,,3333.33,4666.67,55.9255,18.4178,18.6864,29.6315,0,3.8,0.6836,,,0,0,0,0,0,0,[]
14358,/home/dayin/git/audio-labeling/backend/storage/audio/product_1/record_17_1_1779157767.wav,-1,摩擦,0,1,0,1,0,摩擦,,1150,1,19.1667,1.98865,4.36954,0,0,0,0,0,正常,正常,0,外圈,,,4000,5333.33,39.0235,15.3717,20.7046,32.603,0,3.8,0.6708,,,0,0,0,0,0,0,[]
14368,/home/dayin/git/audio-labeling/backend/storage/audio/product_1/record_17_1_1779270272.wav,-1,17,0,1,0,0,0,其他异常,,1150,1,19.1667,2.11732,1.51773,0,0,0.0779004,0.358237,0.358237,异常,轴承,0,滚珠,,,3333.33,4666.67,9.96582,6.61849,10.7511,16.9101,0,3.85,0.7229,,32.21,1,1,0,0,1,1,"[{""f0"": 32.208, ""score"": 0.3575, ""hits"": 5, ""cep_hits"": 1, ""interference"": false, ""guard"": """", ""band"": """", ""cls"": ""ball"", ""fr_hyp"": 18.333333333333332}]"
14370,/home/dayin/git/audio-labeling/backend/storage/audio/product_1/record_15_1_1779322876.wav,-1,故障,0,1,0,0,0,其他异常,,1150,1,19.1667,1.29971,2.74215,0,0,0,0,0,正常,正常,0,外圈,,,1333.33,2666.67,13.9255,16.2072,13.8314,24.7472,0,3.8,0.6699,,,3,0,0,0,0,0,[]
14376,/home/dayin/git/audio-labeling/backend/storage/audio/product_1/record_17_1_1779327459.wav,-1,摩擦,0,1,0,1,0,摩擦,,1150,1,19.1667,1.11148,8.60745,0,0,0,0,0,正常,正常,0,外圈,,,1000,1666.67,1159.67,138.903,41.6644,67.1739,0,3.92225,0.611,,,0,0,0,0,0,0,[]
14399,/home/dayin/git/audio-labeling/backend/storage/audio/product_1/record_17_1_1778718231.wav,-1,摩擦,0,1,0,1,0,摩擦,,1150,1,19.1667,3.11154,13.3496,1,0.0939772,0,0.165977,0.165977,异常,轴承,1,滚珠,,,4000,6666.67,64.0264,77.1044,19.0232,64.6908,0,3.94775,0.7002,,34.45,1,1,0,0,1,1,"[{""f0"": 34.45, ""score"": 0.166, ""hits"": 3, ""cep_hits"": 1, ""interference"": false, ""guard"": """", ""band"": ""滚珠(BSF基频带)"", ""cls"": ""ball"", ""fr_hyp"": 19.589392254861426}]"
14418,/home/dayin/git/audio-labeling/backend/storage/audio/product_1/record_15_1_1778746596.wav,-1,摩擦,0,1,0,1,0,摩擦,,1150,1,19.1667,1.80224,5.48587,0,0,0,0,0,正常,正常,0,外圈,,,2500,3000,79.3309,79.5546,25.6376,50.3453,0,3.8,0.6745,,,0,0,0,0,0,0,[]
14448,/home/dayin/git/audio-labeling/backend/storage/audio/product_1/record_17_1_1778892148.wav,-1,轴承,0,1,1,0,0,轴承,,1150,1,19.1667,1.15265,1.48069,0,0,0,0,0,异常,轴承-未定位,0,外圈,,,2666.67,4000,9.59653,10.6383,9.60607,17.0733,0,3.8,0.6577,,21.58;37.11,3,2,0,1,2,0,"[{""f0"": 21.579, ""score"": 0.3349, ""hits"": 2, ""cep_hits"": 1, ""interference"": false, ""guard"": """", ""band"": """", ""cls"": null, ""fr_hyp"": null}, {""f0"": 37.105, ""score"": 0.7951, ""hits"": 5, ""cep_hits"": 2, ""interference"": false, ""guard"": """", ""band"": """", ""cls"": null, ""fr_hyp"": null}]"
14497,/home/dayin/git/audio-labeling/backend/storage/audio/product_1/record_15_1_1779158180.wav,-1,摩擦,0,1,0,1,0,摩擦,,1150,1,19.1667,1.78035,5.06372,0,0,0,0,0,正常,正常,0,外圈,,,333.333,666.667,21.6707,17.0479,23.2974,35.9812,0,3.8,0.6418,,,0,0,0,0,0,0,[]
14502,/home/dayin/git/audio-labeling/backend/storage/audio/product_1/record_15_1_1779164010.wav,-1,故障,0,1,0,0,0,其他异常,,1105.26,0,18.4211,5.37972,0.337478,0,0,0,0,0,正常,正常,0,外圈,,,333.333,666.667,7.66455,4.67652,6.66328,10.4611,0,3.8,0.6639,,,0,0,0,0,0,0,[]
14527,/home/dayin/git/audio-labeling/backend/storage/audio/product_1/record_17_1_1779353007.wav,-1,轴承,0,1,1,0,0,轴承,,1090.91,0,18.1818,8.27301,0.384038,0,0,0,0,0,正常,正常,0,外圈,,,1166.67,1500,10.852,4.78005,6.92004,10.7819,0,3.85,0.6837,,,0,0,0,0,0,0,[]
14558,/home/dayin/git/audio-labeling/backend/storage/audio/product_1/record_17_1_1778759590.wav,-1,摩擦,0,1,0,1,0,摩擦,,1150,1,19.1667,1.08363,6.03383,0,0,0,0,0,正常,正常,0,外圈,,,2666.67,3333.33,136.609,63.6041,27.6485,50.4385,0,3.85,0.6777,,,0,0,0,0,0,0,[]
14597,/home/dayin/git/audio-labeling/backend/storage/audio/product_1/record_15_1_1778900289.wav,-1,摩擦,0,1,0,1,0,摩擦,,1150,1,19.1667,1.98778,1.83705,0,0,0,0,0,正常,正常,0,外圈,,,2666.67,5333.33,7.14538,7.88344,11.9235,18.7125,0,3.85,0.5576,,,1,0,0,0,0,0,[]
14642,/home/dayin/git/audio-labeling/backend/storage/audio/product_1/record_15_1_1779150937.wav,-1,摩擦,0,1,0,1,0,摩擦,,1150,1,19.1667,1.7526,4.24685,0,0,0.0967521,0.429085,0.429085,异常,轴承,0,滚珠,,,2500,3000,39.7828,47.8293,19.3741,37.9455,0,3.85,0.5449,,32.99,1,1,0,0,1,1,"[{""f0"": 32.987, ""score"": 0.4291, ""hits"": 5, ""cep_hits"": 2, ""interference"": false, ""guard"": """", ""band"": ""滚珠(BSF基频带)"", ""cls"": ""ball"", ""fr_hyp"": 18.75748845648283}]"
14650,/home/dayin/git/audio-labeling/backend/storage/audio/product_1/record_15_1_1779257734.wav,-1,摩擦,0,1,0,1,0,摩擦,,1150,1,19.1667,1.76558,1.93716,0,0,0,0,0,正常,正常,0,外圈,,,333.333,666.667,8.71386,5.06876,12.1312,18.6226,0,3.8,0.5596,,,0,0,0,0,0,0,[]
14675,/home/dayin/git/audio-labeling/backend/storage/audio/product_1/record_15_1_1779327019.wav,1,15,1,0,0,0,0,正常,,1150,1,19.1667,2.26938,0.316065,0,0,0,0,0,正常,正常,0,外圈,,,1,333.333,2.31785,3.08763,4.80174,7.14174,0,3.8,0.5332,,,0,0,0,0,0,0,[]
14694,/home/dayin/git/audio-labeling/backend/storage/audio/product_1/record_17_1_1778721878.wav,-1,摩擦,0,1,0,1,0,摩擦,,1150,1,19.1667,1.80584,5.85136,0,0,0,0,0,正常,正常,0,外圈,,,1000,2000,65.8024,70.6369,28.592,50.2197,0,3.8,0.5779,,,0,0,0,0,0,0,[]
14706,/home/dayin/git/audio-labeling/backend/storage/audio/product_1/record_17_1_1778738111.wav,-1,摩擦,0,1,0,1,0,摩擦,,1150,1,19.1667,1.70799,6.74871,0,0,0,0,0,正常,正常,0,外圈,,,1000,2000,89.5136,108.732,34.0104,60.7909,0,3.85,0.7058,,,0,0,0,0,0,0,[]
14766,/home/dayin/git/audio-labeling/backend/storage/audio/product_1/record_15_1_1778903314.wav,-1,摩擦,0,1,0,1,0,摩擦,,1150,1,19.1667,1.3925,9.49114,1,0,0,0,0,异常,摩擦,1,外圈,,,666.667,2000,463.197,434.46,52.8583,108.348,0,3.85475,0.7405,,,0,0,0,0,0,0,[]
14775,/home/dayin/git/audio-labeling/backend/storage/audio/product_1/record_15_1_1778913740.wav,-1,摩擦,0,1,0,1,0,摩擦,,1150,1,19.1667,2.28238,3.5129,0,0,0,0,0,正常,正常,0,外圈,,,2666.67,4000,33.7898,31.9716,18.4546,31.7533,0,3.85,0.7659,,,1,0,0,0,0,0,[]
14786,/home/dayin/git/audio-labeling/backend/storage/audio/product_1/record_17_1_1778982546.wav,-1,摩擦,0,1,0,1,0,摩擦,,1150,1,19.1667,2.79826,1.88777,0,0,0,0,0,正常,正常,0,外圈,,,2666.67,3333.33,21.9036,7.97371,12.176,18.9075,0,3.81206,0.7456,,,0,0,0,0,0,0,[]
14792,/home/dayin/git/audio-labeling/backend/storage/audio/product_1/record_15_1_1779071374.wav,-1,摩擦,0,1,0,1,0,摩擦,,1150,1,19.1667,2.98864,4.03184,0,0,0,0,0,正常,正常,0,外圈,,,3000,4000,36.5806,23.0704,19.9455,32.4966,0,3.85,0.8105,,,0,0,0,0,0,0,[]
14805,/home/dayin/git/audio-labeling/backend/storage/audio/product_1/record_17_1_1779093530.wav,-1,摩擦,0,1,0,1,0,摩擦,,1150,1,19.1667,2.29929,6.33042,0,0,0,0,0,正常,正常,0,外圈,,,3450,3833.33,64.4303,25.9338,27.824,44.1514,0,3.85,0.8285,,,0,0,0,0,0,0,[]
14822,/home/dayin/git/audio-labeling/backend/storage/audio/product_1/record_15_1_1779153656.wav,-1,摩擦,0,1,0,1,0,摩擦,,1150,1,19.1667,1.40005,3.08331,0,0,0,0,0,正常,正常,0,外圈,,,666.667,1333.33,116.668,11.6382,16.4117,25.3522,0,3.85,0.7473,,,0,0,0,0,0,0,[]
14832,/home/dayin/git/audio-labeling/backend/storage/audio/product_1/record_17_1_1779262543.wav,-1,摩擦,0,1,0,1,0,摩擦,,1150,1,19.1667,2.28652,2.06565,0,0,0,0,0,正常,正常,0,外圈,,,6000,7000,8.26355,7.25029,12.7021,19.6608,0,3.8,0.7458,,,0,0,0,0,0,0,[]
14833,/home/dayin/git/audio-labeling/backend/storage/audio/product_1/record_15_1_1779263855.wav,-1,摩擦,0,1,0,1,0,摩擦,,1150,1,19.1667,1.76923,2.14913,0,0,0,0,0,正常,正常,0,外圈,,,333.333,666.667,30.616,6.98688,13.0069,19.9644,0,3.8,0.6972,,,0,0,0,0,0,0,[]
14849,/home/dayin/git/audio-labeling/backend/storage/audio/product_1/record_17_1_1779354506.wav,-1,摩擦,0,1,0,1,0,摩擦,,1150,1,19.1667,1.66137,9.58257,1,0,0,0,0,异常,摩擦,1,外圈,,,1333.33,4000,141.231,161.556,45.0925,85.5788,0,3.85,0.7131,,,0,0,0,0,0,0,[]
14853,/home/dayin/git/audio-labeling/backend/storage/audio/product_1/record_15_1_1778656467.wav,-1,故障,0,1,0,0,0,其他异常,,1150,1,19.1667,1.59507,18.8973,1,0,0,0,0,异常,摩擦,0,外圈,,,1000,1333.33,250.943,519.474,34.9947,143.933,0,3.89237,0.8245,,,0,0,0,0,0,0,[]
14871,/home/dayin/git/audio-labeling/backend/storage/audio/product_1/record_15_1_1778737472.wav,-1,轴承,0,1,1,0,0,轴承,,1150,1,19.1667,2.71415,1.20756,0,0,0,0,0,正常,正常,0,外圈,,,4000,6666.67,19.5545,10.1286,8.61936,15.4147,0,3.8,0.702,,,1,0,0,0,0,0,[]
14872,/home/dayin/git/audio-labeling/backend/storage/audio/product_1/record_17_1_1778740720.wav,-1,轴承,0,1,1,0,0,轴承,,1150,1,19.1667,1.95348,3.1671,0,0.0231334,0.341409,0.207566,0.341409,异常,轴承,0,内圈,,,4000,6666.67,34.1481,18.3339,11.9931,24.9615,0,3.88994,0.8275,,31.62;40.10,2,2,0,0,2,1,"[{""f0"": 31.62, ""score"": 0.2298, ""hits"": 2, ""cep_hits"": 1, ""interference"": false, ""guard"": """", ""band"": """", ""cls"": ""ball"", ""fr_hyp"": 18.333333333333332}, {""f0"": 40.103, ""score"": 0.3635, ""hits"": 4, ""cep_hits"": 2, ""interference"": false, ""guard"": """", ""band"": """", ""cls"": null, ""fr_hyp"": null}]"
14883,/home/dayin/git/audio-labeling/backend/storage/audio/product_1/record_15_1_1778760221.wav,-1,摩擦,0,1,0,1,0,摩擦,,1150,1,19.1667,1.12304,4.68508,0,0,0,0,0,正常,正常,0,外圈,,,2500,3000,47.2296,25.1167,22.2121,36.1023,0,3.85,0.744,,,0,0,0,0,0,0,[]
14924,/home/dayin/git/audio-labeling/backend/storage/audio/product_1/record_17_1_1778899216.wav,-1,摩擦,0,1,0,1,0,摩擦,,1150,1,19.1667,1.57059,7.55828,0,0,0,0,0,正常,正常,0,外圈,,,3333.33,4666.67,70.5705,66.5965,29.6749,58.178,0,3.86569,0.8205,,,0,0,0,0,0,0,[]
14926,/home/dayin/git/audio-labeling/backend/storage/audio/product_1/record_17_1_1778900452.wav,-1,轴承,0,1,1,0,0,轴承,,1150,1,19.1667,1.82658,0.624336,0,0,0,0,0,正常,正常,0,外圈,,,3333.33,4666.67,6.4955,7.9823,7.53713,12.5074,0,3.85,0.7518,,,1,0,0,0,0,0,[]
14929,/home/dayin/git/audio-labeling/backend/storage/audio/product_1/record_15_1_1778900999.wav,-1,轴承,0,1,1,0,0,轴承,,1150,1,19.1667,2.63539,8.22755,0,0.842164,0.145985,0.145985,0.842164,异常,轴承,0,外圈,,,2666.67,4000,26.7369,19.3553,9.53542,34.4078,0,3.8,0.7215,,51.84,1,1,0,0,1,1,"[{""f0"": 51.842, ""score"": 0.8422, ""hits"": 5, ""cep_hits"": 3, ""interference"": false, ""guard"": """", ""band"": """", ""cls"": ""outer"", ""fr_hyp"": 20.0}]"
14938,/home/dayin/git/audio-labeling/backend/storage/audio/product_1/record_17_1_1778918236.wav,-1,轴承,0,1,1,0,0,轴承,,1150,1,19.1667,3.26761,4.74743,0,0,0,0,0,正常,正常,0,外圈,,,2666.67,3333.33,45.4518,26.06,20.3162,36.8375,0,3.8,0.7052,,,0,0,0,0,0,0,[]
14942,/home/dayin/git/audio-labeling/backend/storage/audio/product_1/record_15_1_1778978780.wav,-1,摩擦,0,1,0,1,0,摩擦,,1150,1,19.1667,1.4368,7.98561,0,0,0,0,0,正常,正常,0,外圈,,,3333.33,4666.67,126.983,112.704,27.4879,64.5455,0,3.85,0.7149,,,0,0,0,0,0,0,[]
14947,/home/dayin/git/audio-labeling/backend/storage/audio/product_1/record_15_1_1778986175.wav,1,15,1,0,0,0,0,正常,,1150,1,19.1667,2.00071,0.40114,0,0,0,0,0,正常,正常,0,外圈,,,4800,5333.33,3.1794,3.12777,4.49777,6.70538,0,3.8,0.708,,,0,0,0,0,0,0,[]
14976,/home/dayin/git/audio-labeling/backend/storage/audio/product_1/record_17_1_1779102557.wav,-1,摩擦,0,1,0,1,0,摩擦,,1215.58,0,20.2597,6.7473,2.64064,0,0,0,0,0,正常,正常,0,外圈,,,3333.33,4666.67,9.50711,6.93417,14.2783,22.6547,0,3.85,0.7332,,,0,0,0,0,0,0,[]
14980,/home/dayin/git/audio-labeling/backend/storage/audio/product_1/record_15_1_1779106389.wav,-1,故障,0,1,0,0,0,其他异常,,1150,1,19.1667,1.97426,0.434603,0,0,0,0,0,正常,正常,0,外圈,,,500,833.333,2.86008,3.69232,7.13424,10.8234,0,3.8,0.7035,,,0,0,0,0,0,0,[]
15040,/home/dayin/git/audio-labeling/backend/storage/audio/product_1/record_15_1_1778740082.wav,-1,摩擦,0,1,0,1,0,摩擦,,1150,1,19.1667,1.4545,2.25667,0,0,0,0,0,正常,正常,0,外圈,,,500,1000,11.8804,8.40009,13.421,20.7967,0,3.85,0.7134,,,0,0,0,0,0,0,[]
15086,/home/dayin/git/audio-labeling/backend/storage/audio/product_1/record_17_1_1778891055.wav,-1,故障,0,1,0,0,0,其他异常,,1150,1,19.1667,1.87217,0.531022,0,0,0.141426,0.401396,0.401396,异常,轴承,0,滚珠,,,666.667,2000,4.0962,5.74033,7.12693,11.5827,0,3.85,0.7969,,34.29,1,1,0,0,1,1,"[{""f0"": 34.286, ""score"": 0.4014, ""hits"": 4, ""cep_hits"": 2, ""interference"": false, ""guard"": """", ""band"": ""滚珠(BSF基频带)"", ""cls"": ""ball"", ""fr_hyp"": 19.495972253982153}]"
15089,/home/dayin/git/audio-labeling/backend/storage/audio/product_1/record_17_1_1778892564.wav,-1,摩擦,0,1,0,1,0,摩擦,,1150,1,19.1667,2.43454,4.07078,0,0,0,0,0,正常,正常,0,外圈,,,1000,1666.67,160.873,21.609,20.2355,32.0979,0,3.85,0.7134,,,0,0,0,0,0,0,[]
15101,/home/dayin/git/audio-labeling/backend/storage/audio/product_1/record_15_1_1778912027.wav,-1,摩擦,0,1,0,1,0,摩擦,,1150,1,19.1667,1.86927,1.54354,0,0,0,0,0,正常,正常,0,外圈,,,666.667,1333.33,7.89461,8.22203,10.9072,17.3581,0,3.8,0.6543,,,0,0,0,0,0,0,[]
15110,/home/dayin/git/audio-labeling/backend/storage/audio/product_1/record_17_1_1778924613.wav,-1,摩擦,0,1,0,1,0,摩擦,,1150,1,19.1667,1.85448,2.86513,0,0,0,0,0,正常,正常,0,外圈,,,3333.33,4666.67,8.53701,7.74905,15.437,23.58,0,3.85,0.6854,,,0,0,0,0,0,0,[]
15162,/home/dayin/git/audio-labeling/backend/storage/audio/product_1/record_17_1_1779353936.wav,-1,摩擦,0,1,0,1,0,摩擦,,1150,1,19.1667,1.59812,5.73747,0,0,0,0,0,正常,正常,0,外圈,,,666.667,1333.33,339.1,24.3737,26.0393,40.4501,0,3.8,0.6491,,,0,0,0,0,0,0,[]
15172,/home/dayin/git/audio-labeling/backend/storage/audio/product_1/record_17_1_1778717476.wav,-1,摩擦,0,1,0,1,0,摩擦,,1150,1,19.1667,1.70591,4.05983,0,0,0,0,0,正常,正常,0,外圈,,,1333.33,4000,50.5397,27.1335,18.1777,33.4548,0,3.8,0.6544,,,0,0,0,0,0,0,[]
15179,/home/dayin/git/audio-labeling/backend/storage/audio/product_1/record_15_1_1778725519.wav,-1,摩擦,0,1,0,1,0,摩擦,,1150,1,19.1667,1.81226,7.3421,0,0,0,0,0,正常,正常,0,外圈,,,2666.67,4000,47.6989,35.0802,32.1177,49.833,0,3.80138,0.7234,,,0,0,0,0,0,0,[]
15181,/home/dayin/git/audio-labeling/backend/storage/audio/product_1/record_17_1_1778727722.wav,-1,故障,0,1,0,0,0,其他异常,,1150,1,19.1667,2.17401,0.863353,0,0,0,0,0,正常,正常,0,外圈,,,3333.33,4666.67,10.6187,4.92173,8.60741,13.2544,0,3.8,0.6688,,38.16!,2,1,1,0,0,0,"[{""f0"": 38.158, ""score"": 0.5452, ""hits"": 5, ""cep_hits"": 1, ""interference"": true, ""guard"": ""轴频谐波2×19.167Hz"", ""band"": """", ""cls"": null, ""fr_hyp"": null}]"
15197,/home/dayin/git/audio-labeling/backend/storage/audio/product_1/record_15_1_1778752718.wav,-1,故障,0,1,0,0,0,其他异常,,1150,1,19.1667,1.34036,0.757074,0,0,0,0,0,正常,正常,0,外圈,,,2666.67,5333.33,4.63633,6.81926,7.49342,12.7083,0,3.8,0.6408,,,1,0,0,0,0,0,[]
15198,/home/dayin/git/audio-labeling/backend/storage/audio/product_1/record_15_1_1778753693.wav,-1,摩擦,0,1,0,1,0,摩擦,,1150,1,19.1667,2.09093,6.77093,0,0.0998849,0,0,0.0998849,异常,轴承-未定位,0,外圈,,,2666.67,5333.33,110.986,413.237,34.9709,100.34,0,3.93019,0.5605,,31.04,1,1,0,1,1,0,"[{""f0"": 31.042, ""score"": 0.2479, ""hits"": 3, ""cep_hits"": 1, ""interference"": false, ""guard"": """", ""band"": """", ""cls"": null, ""fr_hyp"": null}]"
15223,/home/dayin/git/audio-labeling/backend/storage/audio/product_1/record_15_1_1778841756.wav,-1,摩擦,0,1,0,1,0,摩擦,,1150,1,19.1667,2.14121,5.88757,0,0,0,0,0,正常,正常,0,外圈,,,2666.67,4000,79.3346,73.239,29.0979,50.542,0,3.85,0.6662,,,0,0,0,0,0,0,[]
15233,/home/dayin/git/audio-labeling/backend/storage/audio/product_1/record_17_1_1778894593.wav,-1,摩擦,0,1,0,1,0,摩擦,,1150,1,19.1667,1.30782,6.52964,0,0,0,0,0,正常,正常,0,外圈,,,666.667,1333.33,394.901,42.707,29.827,47.4358,0,3.85,0.704,,,0,0,0,0,0,0,[]
15250,/home/dayin/git/audio-labeling/backend/storage/audio/product_1/record_17_1_1778931434.wav,-1,摩擦,0,1,0,1,0,摩擦,,1150,1,19.1667,2.6891,3.10324,0,0,0,0,0,正常,正常,0,外圈,,,666.667,1333.33,34.674,15.1773,15.6775,26.6329,0,3.8,0.6469,,,0,0,0,0,0,0,[]
15251,/home/dayin/git/audio-labeling/backend/storage/audio/product_1/record_15_1_1778979093.wav,-1,摩擦,0,1,0,1,0,摩擦,,1150,1,19.1667,1.65818,7.84775,0,0,0,0,0,正常,正常,0,外圈,,,2666.67,4000,920.435,471.766,49.0249,113.551,0,3.85,0.656,,,0,0,0,0,0,0,[]
15256,/home/dayin/git/audio-labeling/backend/storage/audio/product_1/record_15_1_1778986260.wav,1,15,1,0,0,0,0,正常,,1150,1,19.1667,2.11427,0.123236,0,0,0,0,0,正常,正常,0,外圈,,,4650,5166.67,28.0746,3.32573,5.6296,8.44372,0,3.8,0.6242,,,0,0,0,0,0,0,[]
15262,/home/dayin/git/audio-labeling/backend/storage/audio/product_1/record_15_1_1779074590.wav,-1,摩擦,0,1,0,1,0,摩擦,,1150,1,19.1667,2.46726,2.26263,0,0,0,0,0,正常,正常,0,外圈,,,5400,6000,6.6916,6.80456,13.2946,20.5751,0,3.8835,0.7266,,,0,0,0,0,0,0,[]
15263,/home/dayin/git/audio-labeling/backend/storage/audio/product_1/record_17_1_1779075709.wav,-1,摩擦,0,1,0,1,0,摩擦,,1150,1,19.1667,1.06604,1.76237,0,0,0,0,0,正常,正常,0,外圈,,,1333.33,4000,5.88406,8.0139,11.7845,18.2772,0,3.8,0.6789,,,0,0,0,0,0,0,[]
15269,/home/dayin/git/audio-labeling/backend/storage/audio/product_1/record_17_1_1779085768.wav,-1,摩擦,0,1,0,1,0,摩擦,,1150,1,19.1667,0.779041,7.09371,0,0,0,0,0,正常,正常,0,外圈,,,3333.33,4666.67,199.45,197.569,37.7726,78.8768,0,3.8,0.6729,,,0,0,0,0,0,0,[]
15288,/home/dayin/git/audio-labeling/backend/storage/audio/product_1/record_15_1_1779154673.wav,-1,15,0,1,0,0,0,其他异常,,1150,1,19.1667,2.51449,8.72509,0,0.122809,0.12994,0.341089,0.341089,异常,轴承,0,滚珠,,,2666.67,5333.33,191.03,145.891,33.7294,76.134,0,3.8,0.6645,,33.16,1,1,0,0,1,1,"[{""f0"": 33.158, ""score"": 0.3411, ""hits"": 5, ""cep_hits"": 3, ""interference"": false, ""guard"": """", ""band"": ""滚珠(BSF基频带)"", ""cls"": ""ball"", ""fr_hyp"": 18.854657377206426}]"
15305,/home/dayin/git/audio-labeling/backend/storage/audio/product_1/record_15_1_1779328353.wav,-1,15,0,1,0,0,0,其他异常,,1075.32,0,17.9221,28.7906,1.4523,0,0,0,0,0,正常,正常,0,外圈,,,6000,7333.33,10.0507,4.03273,3.28885,8.20101,0,3.85,0.7131,,17.79!,1,1,1,0,0,0,"[{""f0"": 17.792, ""score"": 0.6687, ""hits"": 5, ""cep_hits"": 3, ""interference"": true, ""guard"": ""低频梳(f0<20Hz,疑轴频族)"", ""band"": """", ""cls"": null, ""fr_hyp"": null}]"
15310,/home/dayin/git/audio-labeling/backend/storage/audio/product_1/record_17_1_1779352983.wav,-1,摩擦,0,1,0,1,0,摩擦,,1150,1,19.1667,1.24211,6.13092,0,0,0,0,0,正常,正常,0,外圈,,,666.667,1333.33,426.065,40.2785,28.4458,44.7361,0,3.8,0.6899,,,0,0,0,0,0,0,[]
15322,/home/dayin/git/audio-labeling/backend/storage/audio/product_1/record_15_1_1778720676.wav,-1,摩擦,0,1,0,1,0,摩擦,,1150,1,19.1667,2.56854,2.79293,0,0,0,0,0,正常,正常,0,外圈,,,2666.67,3333.33,13.8454,15.6319,14.806,25.1421,0,3.8,0.6925,,,1,0,0,0,0,0,[]
15335,/home/dayin/git/audio-labeling/backend/storage/audio/product_1/record_17_1_1778737128.wav,-1,摩擦,0,1,0,1,0,摩擦,,1150,1,19.1667,2.17944,6.85253,0,0,0,0,0,异常,轴承-未定位,0,外圈,,,3333.33,4666.67,47.2213,60.2415,18.0305,45.8279,0,3.88656,0.7287,,38.85,1,1,0,1,1,0,"[{""f0"": 38.852, ""score"": 0.3235, ""hits"": 5, ""cep_hits"": 2, ""interference"": false, ""guard"": """", ""band"": """", ""cls"": null, ""fr_hyp"": null}]"
15341,/home/dayin/git/audio-labeling/backend/storage/audio/product_1/record_17_1_1778744802.wav,-1,摩擦,0,1,0,1,0,摩擦,,1150,1,19.1667,4.10275,1.5178,0,0.0597517,0.110678,0.543497,0.543497,异常,轴承,0,滚珠,,,1000,2000,14.5396,11.3224,9.80565,17.4309,0,3.85,0.6987,,34.55,2,1,0,0,1,1,"[{""f0"": 34.545, ""score"": 0.5435, ""hits"": 5, ""cep_hits"": 2, ""interference"": false, ""guard"": """", ""band"": ""滚珠(BSF基频带)"", ""cls"": ""ball"", ""fr_hyp"": 19.643669013482015}]"
15357,/home/dayin/git/audio-labeling/backend/storage/audio/product_1/record_17_1_1778824920.wav,-1,摩擦,0,1,0,1,0,摩擦,,1150,1,19.1667,1.67403,3.93793,0,0,0,0,0,正常,正常,0,外圈,,,2666.67,5333.33,9.45389,9.6182,19.1524,29.052,0,3.92469,0.7195,,,0,0,0,0,0,0,[]
15362,/home/dayin/git/audio-labeling/backend/storage/audio/product_1/record_17_1_1778834657.wav,-1,摩擦,0,1,0,1,0,摩擦,,1150,1,19.1667,1.55413,1.66447,0,0,0,0,0,正常,正常,0,外圈,,,3333.33,4666.67,10.3541,10.7828,11.084,18.4853,0,3.8,0.6585,,,1,0,0,0,0,0,[]
15365,/home/dayin/git/audio-labeling/backend/storage/audio/product_1/record_15_1_1778842551.wav,-1,摩擦,0,1,0,1,0,摩擦,,1150,1,19.1667,2.2276,1.75381,0,0,0,0,0,正常,正常,0,外圈,,,3333.33,4000,19.5698,7.02518,11.7302,18.0006,0,3.8,0.647,,,0,0,0,0,0,0,[]
15372,/home/dayin/git/audio-labeling/backend/storage/audio/product_1/record_17_1_1778848196.wav,-1,摩擦,0,1,0,1,0,摩擦,,1150,1,19.1667,1.98981,4.24576,0,0,0,0,0,正常,正常,0,外圈,,,3000,3333.33,42.9021,10.5002,19.9576,31.1298,0,3.8,0.635,,,0,0,0,0,0,0,[]
15394,/home/dayin/git/audio-labeling/backend/storage/audio/product_1/record_17_1_1778979043.wav,-1,摩擦,0,1,0,1,0,摩擦,,1150,1,19.1667,1.8272,7.53019,0,0,0,0,0,正常,正常,0,外圈,,,666.667,1333.33,68.4716,39.4332,31.7108,53.3715,0,4,0.7587,,,0,0,0,0,0,0,[]
15398,/home/dayin/git/audio-labeling/backend/storage/audio/product_1/record_15_1_1779068429.wav,-1,摩擦,0,1,0,1,0,摩擦,,1150,1,19.1667,1.20506,6.39103,0,0,0,0,0,正常,正常,0,外圈,,,2666.67,4000,92.8737,85.6299,31.9364,53.5926,0,3.8,0.6665,,,0,0,0,0,0,0,[]
15402,/home/dayin/git/audio-labeling/backend/storage/audio/product_1/record_17_1_1779084243.wav,-1,摩擦,0,1,0,1,0,摩擦,,1150,1,19.1667,1.43708,3.89549,0,0,0,0,0,异常,轴承-未定位,0,外圈,,,3333.33,4666.67,34.6093,31.1781,19.6827,33.516,0,3.85,0.718,,37.40,1,1,0,1,1,0,"[{""f0"": 37.403, ""score"": 0.4583, ""hits"": 5, ""cep_hits"": 3, ""interference"": false, ""guard"": """", ""band"": """", ""cls"": null, ""fr_hyp"": null}]"
15418,/home/dayin/git/audio-labeling/backend/storage/audio/product_1/record_17_1_1779152234.wav,-1,轴承,0,1,1,0,0,轴承,,1150,1,19.1667,2.25094,1.36379,0,0.0254883,0,0,0.0254883,异常,轴承-未定位,0,外圈,,,1000,2000,13.6568,12.2273,8.35107,15.8685,0,3.8,0.7159,,35.53;21.97;36.84,4,3,0,1,3,0,"[{""f0"": 35.526, ""score"": 0.4667, ""hits"": 5, ""cep_hits"": 1, ""interference"": false, ""guard"": """", ""band"": """", ""cls"": null, ""fr_hyp"": null}, {""f0"": 21.974, ""score"": 0.179, ""hits"": 3, ""cep_hits"": 1, ""interference"": false, ""guard"": """", ""band"": """", ""cls"": null, ""fr_hyp"": null}, {""f0"": 36.842, ""score"": 0.8286, ""hits"": 5, ""cep_hits"": 2, ""interference"": false, ""guard"": """", ""band"": """", ""cls"": null, ""fr_hyp"": null}]"
15434,/home/dayin/git/audio-labeling/backend/storage/audio/product_1/record_17_1_1779322067.wav,-1,17摩擦,0,1,0,1,0,摩擦,,1150,1,19.1667,1.55729,6.05191,0,0,0,0,0,正常,正常,0,外圈,,,666.667,1333.33,272.808,32.9016,22.5143,43.8214,0,3.85,0.6872,,,0,0,0,0,0,0,[]
15443,/home/dayin/git/audio-labeling/backend/storage/audio/product_1/record_17_1_1779327748.wav,-1,摩擦,0,1,0,1,0,摩擦,,1150,1,19.1667,1.80306,6.25079,0,0,0,0,0,正常,正常,0,外圈,,,666.667,1333.33,347.703,148.489,34.3505,60.2894,0,3.85,0.699,,,0,0,0,0,0,0,[]
15459,/home/dayin/git/audio-labeling/backend/storage/audio/product_1/record_15_1_1778720344.wav,-1,摩擦,0,1,0,1,0,摩擦,,1150,1,19.1667,2.55338,7.32255,0,0,0,0,0,正常,正常,0,外圈,,,666.667,1333.33,121.354,184.661,39.7195,70.9275,0,3.93087,0.6957,,,0,0,0,0,0,0,[]
15461,/home/dayin/git/audio-labeling/backend/storage/audio/product_1/record_15_1_1778723530.wav,-1,摩擦,0,1,0,1,0,摩擦,,1150,1,19.1667,2.15746,0.192343,0,0.553411,0,0.098458,0.553411,异常,轴承,0,外圈,,,1000,2000,3.92248,4.59721,5.93762,9.34044,0,3.85,0.6821,,47.53,1,1,0,0,1,1,"[{""f0"": 47.532, ""score"": 0.5534, ""hits"": 5, ""cep_hits"": 1, ""interference"": false, ""guard"": """", ""band"": ""外圈(BPFO带)"", ""cls"": ""outer"", ""fr_hyp"": 18.43544150162413}]"
15476,/home/dayin/git/audio-labeling/backend/storage/audio/product_1/record_17_1_1778746482.wav,-1,摩擦,0,1,0,1,0,摩擦,,1150,1,19.1667,1.32259,3.96025,0,0,0,0,0,正常,正常,0,外圈,,,666.667,1333.33,247.778,9.30042,18.9421,29.5018,0,3.8,0.6752,,,0,0,0,0,0,0,[]
15520,/home/dayin/git/audio-labeling/backend/storage/audio/product_1/record_17_1_1778893357.wav,-1,摩擦,0,1,0,1,0,摩擦,,1150,1,19.1667,2.14837,0.130025,0,0,0,0,0,正常,正常,0,外圈,,,166.667,500,46.9437,3.32226,5.9373,8.92197,0,3.8,0.6708,,,0,0,0,0,0,0,[]
15530,/home/dayin/git/audio-labeling/backend/storage/audio/product_1/record_17_1_1778913086.wav,-1,摩擦,0,1,0,1,0,摩擦,,1150,1,19.1667,1.89045,7.59128,0,0,0,0,0,正常,正常,0,外圈,,,4666.67,6000,246.592,186.878,40.7397,78.2311,0,3.85,0.6888,,,0,0,0,0,0,0,[]
15541,/home/dayin/git/audio-labeling/backend/storage/audio/product_1/record_17_1_1778982245.wav,-1,摩擦,0,1,0,1,0,摩擦,,1150,1,19.1667,2.13418,2.00668,0,0,0,0,0,正常,正常,0,外圈,,,1000,2000,11.2679,10.171,12.5287,20.0467,0,3.85,0.6781,,,0,0,0,0,0,0,[]
15542,/home/dayin/git/audio-labeling/backend/storage/audio/product_1/record_17_1_1778984753.wav,-1,故障,0,1,0,0,0,其他异常,,1150,1,19.1667,1.42203,0.197369,0,0,0,0,0,正常,正常,0,外圈,,,4000,7984,3.62467,4.15319,6.14931,9.5239,0,3.8,0.6572,,,1,0,0,0,0,0,[]
15544,/home/dayin/git/audio-labeling/backend/storage/audio/product_1/record_15_1_1778986194.wav,1,15,1,0,0,0,0,正常,,1150,1,19.1667,2.6071,0.311274,0,0,0,0,0,正常,正常,0,外圈,,,333.333,666.667,3.10006,3.21479,4.88618,7.28333,0,3.82638,0.6512,,,0,0,0,0,0,0,[]
15545,/home/dayin/git/audio-labeling/backend/storage/audio/product_1/record_17_1_1778986436.wav,-1,摩擦,0,1,0,1,0,摩擦,,1150,1,19.1667,1.46752,3.5496,0,0,0,0,0,正常,正常,0,外圈,,,1000,1666.67,73.9762,14.7351,18.1062,28.2652,0,3.85,0.7161,,,0,0,0,0,0,0,[]
15556,/home/dayin/git/audio-labeling/backend/storage/audio/product_1/record_17_1_1779074943.wav,-1,,0,1,0,0,0,其他异常,,1150,1,19.1667,1.19492,0.815397,0,0,0,0,0,正常,正常,0,外圈,,,166.667,500,18.362,7.44409,8.22572,13.4796,0,3.8,0.6749,,,0,0,0,0,0,0,[]
15557,/home/dayin/git/audio-labeling/backend/storage/audio/product_1/record_17_1_1779075162.wav,-1,,0,1,0,0,0,其他异常,,1150,1,19.1667,1.64683,0.15023,0,0,0,0,0,正常,正常,0,外圈,,,3000,3333.33,2.95647,4.05876,5.77705,8.93045,0,3.8,0.662,,,1,0,0,0,0,0,[]
15560,/home/dayin/git/audio-labeling/backend/storage/audio/product_1/record_17_1_1779087348.wav,-1,摩擦,0,1,0,1,0,摩擦,,1150,1,19.1667,1.73354,7.63203,0,0,0,0,0,正常,正常,0,外圈,,,1000,2000,89.4263,88.0129,30.644,62.2098,0,3.8,0.7094,,,0,0,0,0,0,0,[]
15565,/home/dayin/git/audio-labeling/backend/storage/audio/product_1/record_17_1_1779099118.wav,-1,故障,0,1,0,0,0,其他异常,,1150,1,19.1667,4.49128,0.271763,0,0,0,0,0,正常,正常,0,外圈,,,666.667,2000,3.96375,4.90938,6.49186,10.1601,0,3.85,0.6847,,,0,0,0,0,0,0,[]
15578,/home/dayin/git/audio-labeling/backend/storage/audio/product_1/record_17_1_1779158774.wav,-1,摩擦,0,1,0,1,0,摩擦,,1150,1,19.1667,1.80565,4.6349,0,0,0,0,0,正常,正常,0,外圈,,,5333.33,6000,106.946,30.717,21.4972,37.3063,0,3.85,0.6903,,,0,0,0,0,0,0,[]
15630,/home/dayin/git/audio-labeling/backend/storage/audio/product_1/record_15_1_1778746989.wav,-1,摩擦,0,1,0,1,0,摩擦,,1150,1,19.1667,2.47454,10.2274,1,0,0,0,0,异常,摩擦,1,外圈,,,500,1000,5.24083,579.7,33.5994,122.208,0,3.8995,0.6135,,,0,0,0,0,0,0,[]
15638,/home/dayin/git/audio-labeling/backend/storage/audio/product_1/record_17_1_1778755908.wav,-1,摩擦,0,1,0,1,0,摩擦,,1150,1,19.1667,2.54874,2.97828,0,0,0,0,0,正常,正常,0,外圈,,,3333.33,4666.67,17.2549,7.55277,15.8046,24.0849,0,3.8,0.6597,,,0,0,0,0,0,0,[]
15668,/home/dayin/git/audio-labeling/backend/storage/audio/product_1/record_15_1_1778890135.wav,-1,摩擦,0,1,0,1,0,摩擦,,1150,1,19.1667,2.59378,2.4441,0,0,0,0,0,正常,正常,0,外圈,,,2666.67,3333.33,15.7277,8.83391,14.0892,21.7665,0,3.85,0.7019,,,0,0,0,0,0,0,[]
15688,/home/dayin/git/audio-labeling/backend/storage/audio/product_1/record_17_1_1778983007.wav,-1,轴承,0,1,1,0,0,轴承,,1137.66,0,18.961,7.01845,1.12133,0,0.185026,0.109368,0.512348,0.512348,异常,轴承,0,滚珠,,,4333.33,5000,16.9373,7.66031,9.29064,15.1286,0,3.85,0.6968,,33.77,1,1,0,0,1,1,"[{""f0"": 33.766, ""score"": 0.5123, ""hits"": 5, ""cep_hits"": 1, ""interference"": false, ""guard"": """", ""band"": ""滚珠(BSF基频带)"", ""cls"": ""ball"", ""fr_hyp"": 19.20057873498242}]"
15691,/home/dayin/git/audio-labeling/backend/storage/audio/product_1/record_17_1_1779065249.wav,-1,故障,0,1,0,0,0,其他异常,,1150,1,19.1667,2.74704,0.264,0,0,0,0,0,正常,正常,0,外圈,,,1000,2000,2.2937,3.07245,5.00499,7.42129,0,3.8,0.6625,,,1,0,0,0,0,0,[]
15692,/home/dayin/git/audio-labeling/backend/storage/audio/product_1/record_15_1_1779065440.wav,-1,摩擦,0,1,0,1,0,摩擦,,1150,1,19.1667,1.70135,6.81208,0,0,0,0,0,正常,正常,0,外圈,,,5333.33,6000,154.041,110.675,31.9111,62.7918,0,3.8,0.6776,,,0,0,0,0,0,0,[]
15719,/home/dayin/git/audio-labeling/backend/storage/audio/product_1/record_15_1_1779095028.wav,-1,轴承,0,1,1,0,0,轴承,,1073.68,0,17.8947,6.84756,2.26905,0,0,0,0,0,正常,正常,0,外圈,,,666.667,1333.33,54.2931,12.0685,12.0375,21.4577,0,3.8,0.6428,,,0,0,0,0,0,0,[]
15726,/home/dayin/git/audio-labeling/backend/storage/audio/product_1/record_17_1_1779150214.wav,-1,轴承,0,1,1,0,0,轴承,,1150,1,19.1667,1.6594,3.41778,0,0,0,0,0,正常,正常,0,外圈,,,666.667,1333.33,229.039,26.3491,14.3813,28.8243,0,3.85,0.6826,,,0,0,0,0,0,0,[]
15734,/home/dayin/git/audio-labeling/backend/storage/audio/product_1/record_17_1_1779156952.wav,-1,轴承,0,1,1,0,0,轴承,,1152.63,0,19.2105,6.99966,1.03654,0,0,0,0,0,正常,正常,0,外圈,,,333.333,666.667,7.7917,7.51306,8.92158,14.6398,0,3.8,0.629,,,0,0,0,0,0,0,[]
15736,/home/dayin/git/audio-labeling/backend/storage/audio/product_1/record_17_1_1779159197.wav,1,17,1,0,0,0,0,正常,,1150,1,19.1667,2.70181,0.418813,0,0,0,0,0,正常,正常,0,外圈,,,5100,5666.67,2.37564,2.97885,4.54675,6.71599,0,3.8,0.6052,,,0,0,0,0,0,0,[]
15738,/home/dayin/git/audio-labeling/backend/storage/audio/product_1/record_17_1_1779258281.wav,1,17,1,0,0,0,0,正常,,1150,1,19.1667,1.52416,0.270325,0,0,0,0,0,正常,正常,0,外圈,,,1666.67,2000,2.12503,3.10263,4.99277,7.43755,0,3.8,0.6305,,,0,0,0,0,0,0,[]
15740,/home/dayin/git/audio-labeling/backend/storage/audio/product_1/record_15_1_1779263561.wav,-1,轴承,0,1,1,0,0,轴承,,1137.66,0,18.961,6.43256,0.308317,0,0,0,0,0,正常,正常,0,外圈,,,333.333,666.667,9.48658,4.57768,6.17736,9.92389,0,3.85,0.6664,,,0,0,0,0,0,0,[]
15752,/home/dayin/git/audio-labeling/backend/storage/audio/product_1/record_17_1_1779327354.wav,-1,摩擦,0,1,0,1,0,摩擦,,1150,1,19.1667,1.92078,2.78945,0,0,0,0,0,正常,正常,0,外圈,,,3333.33,4666.67,47.8712,13.303,15.3752,24.4502,0,3.8,0.6175,,,0,0,0,0,0,0,[]
15755,/home/dayin/git/audio-labeling/backend/storage/audio/product_1/record_15_1_1779330873.wav,1,15,1,0,0,0,0,正常,,1150,1,19.1667,1.16284,0.236963,0,0,0,0,0,正常,正常,0,外圈,,,333.333,666.667,5.09783,3.10318,5.14596,7.64782,0,3.8,0.6475,,,0,0,0,0,0,0,[]
15771,/home/dayin/git/audio-labeling/backend/storage/audio/product_1/record_15_1_1778740346.wav,-1,,0,1,0,0,0,其他异常,,1150,1,19.1667,1.48726,0.659432,0,0,0.0333551,0.367088,0.367088,异常,轴承,0,滚珠,,,5333.33,7984,8.39805,6.23834,7.72542,12.4588,0,3.85,0.6843,,34.03,1,1,0,0,1,1,"[{""f0"": 34.026, ""score"": 0.3671, ""hits"": 4, ""cep_hits"": 1, ""interference"": false, ""guard"": """", ""band"": ""滚珠(BSF基频带)"", ""cls"": ""ball"", ""fr_hyp"": 19.348275494482287}]"
15777,/home/dayin/git/audio-labeling/backend/storage/audio/product_1/record_15_1_1778805053.wav,-1,摩擦,0,1,0,1,0,摩擦,,1150,1,19.1667,2.60116,3.55898,0,0,0,0,0,正常,正常,0,外圈,,,2666.67,5333.33,30.6969,31.3246,18.7878,31.748,0,3.8,0.6873,,,0,0,0,0,0,0,[]
15785,/home/dayin/git/audio-labeling/backend/storage/audio/product_1/record_17_1_1778823298.wav,-1,摩擦,0,1,0,1,0,摩擦,,1150,1,19.1667,2.1441,6.36635,0,0,0,0,0,正常,正常,0,外圈,,,666.667,1333.33,453.882,71.7522,31.1125,50.9053,0,3.8,0.672,,,0,0,0,0,0,0,[]
15792,/home/dayin/git/audio-labeling/backend/storage/audio/product_1/record_15_1_1778829369.wav,-1,摩擦,0,1,0,1,0,摩擦,,1150,1,19.1667,1.67752,4.45112,0,0,0,0,0,正常,正常,0,外圈,,,1333.33,4000,28.6078,31.1325,22.1802,35.4449,0,3.91581,0.8036,,,0,0,0,0,0,0,[]
15815,/home/dayin/git/audio-labeling/backend/storage/audio/product_1/record_17_1_1778896286.wav,-1,摩擦,0,1,0,1,0,摩擦,,1150,1,19.1667,3.4507,2.36279,0,0,0,0,0,正常,正常,0,外圈,,,333.333,666.667,35.1895,10.5005,13.8557,21.7658,0,3.8,0.6764,,,0,0,0,0,0,0,[]
15819,/home/dayin/git/audio-labeling/backend/storage/audio/product_1/record_15_1_1778907950.wav,-1,摩擦,0,1,0,1,0,摩擦,,1150,1,19.1667,1.17289,14.6954,1,0,0,0,0,异常,摩擦,1,外圈,,,3333.33,4666.67,141.991,140.584,32.1085,90.2725,0,3.8,0.6629,,,0,0,0,0,0,0,[]
15843,/home/dayin/git/audio-labeling/backend/storage/audio/product_1/record_15_1_1778986342.wav,1,15,1,0,0,0,0,正常,,1150,1,19.1667,2.26144,0.463505,0,0,0,0,0,正常,正常,0,外圈,,,500,1000,3.7678,3.02584,4.38073,6.5045,0,3.8,0.6396,,,0,0,0,0,0,0,[]
15844,/home/dayin/git/audio-labeling/backend/storage/audio/product_1/record_15_1_1778986769.wav,1,15,1,0,0,0,0,正常,,1150,1,19.1667,1.82608,0.161434,0,0,0,0,0,正常,正常,0,外圈,,,333.333,666.667,6.62586,3.32596,5.49913,8.27873,0,3.85,0.6693,,,0,0,0,0,0,0,[]
15855,/home/dayin/git/audio-labeling/backend/storage/audio/product_1/record_15_1_1779084923.wav,-1,摩擦,0,1,0,1,0,摩擦,,1150,1,19.1667,1.65066,4.05913,0,0,0,0,0,异常,轴承-未定位,0,外圈,,,1333.33,4000,16.0235,20.8745,19.7674,32.3349,0,3.8,0.6249,,28.16,1,1,0,1,1,0,"[{""f0"": 28.158, ""score"": 0.3532, ""hits"": 5, ""cep_hits"": 1, ""interference"": false, ""guard"": """", ""band"": """", ""cls"": null, ""fr_hyp"": null}]"
15857,/home/dayin/git/audio-labeling/backend/storage/audio/product_1/record_17_1_1779089806.wav,-1,轴承,0,1,1,0,0,轴承,,1200,0,20,12.1127,0.926566,0,0.0276936,0.117482,0.567955,0.567955,异常,轴承,0,滚珠,,,1000,2000,8.1944,8.24986,8.05085,13.8632,0,3.85,0.6853,,35.32,1,1,0,0,1,1,"[{""f0"": 35.325, ""score"": 0.5681, ""hits"": 5, ""cep_hits"": 2, ""interference"": false, ""guard"": """", ""band"": """", ""cls"": ""ball"", ""fr_hyp"": 20.0}]"
15859,/home/dayin/git/audio-labeling/backend/storage/audio/product_1/record_15_1_1779093733.wav,-1,摩擦,0,1,0,1,0,摩擦,,1150,1,19.1667,2.04662,1.65515,0,0.128623,0.151729,0.568939,0.568939,异常,轴承,0,滚珠,,,5333.33,6666.67,20.135,14.1388,11.1848,19.0556,0,3.85,0.6892,,32.21,2,1,0,0,1,1,"[{""f0"": 32.208, ""score"": 0.5675, ""hits"": 5, ""cep_hits"": 3, ""interference"": false, ""guard"": """", ""band"": """", ""cls"": ""ball"", ""fr_hyp"": 18.333333333333332}]"
15860,/home/dayin/git/audio-labeling/backend/storage/audio/product_1/record_17_1_1779094495.wav,-1,摩擦,0,1,0,1,0,摩擦,,1168.42,0,19.4737,6.06099,5.23533,0,0.0738323,0.162747,0.466587,0.466587,异常,轴承,0,滚珠,,,2666.67,5333.33,38.4053,49.0164,21.4897,42.8068,0,3.8,0.6558,,33.68,2,1,0,0,1,1,"[{""f0"": 33.684, ""score"": 0.4666, ""hits"": 4, ""cep_hits"": 1, ""interference"": false, ""guard"": """", ""band"": ""滚珠(BSF基频带)"", ""cls"": ""ball"", ""fr_hyp"": 19.153937653035097}]"
15897,/home/dayin/git/audio-labeling/backend/storage/audio/product_1/record_17_1_1779327281.wav,-1,摩擦,0,1,0,1,0,摩擦,,1150,1,19.1667,2.30732,3.37376,0,0,0,0,0,正常,正常,0,外圈,,,666.667,1333.33,160.228,17.8639,17.7116,27.9956,0,3.8,0.6209,,,0,0,0,0,0,0,[]
15909,/home/dayin/git/audio-labeling/backend/storage/audio/product_1/record_17_1_1778719918.wav,-1,17,0,1,0,0,0,其他异常,,1152.63,0,19.2105,9.48062,1.76212,0,0,0,0,0,异常,轴承-未定位,0,外圈,,,1333.33,4000,13.1023,17.5907,11.5623,20.205,0,3.8,0.6702,,29.93,5,1,0,1,1,0,"[{""f0"": 29.934, ""score"": 0.2469, ""hits"": 4, ""cep_hits"": 1, ""interference"": false, ""guard"": """", ""band"": """", ""cls"": null, ""fr_hyp"": null}]"
15938,/home/dayin/git/audio-labeling/backend/storage/audio/product_1/record_15_1_1778814977.wav,-1,,0,1,0,0,0,其他异常,,1150,1,19.1667,1.93222,1.15483,0,0,0,0,0,异常,轴承-未定位,0,外圈,,,1000,2000,7.96454,8.77211,6.99224,13.4385,0,3.85,0.6874,,30.65,1,1,0,1,1,0,"[{""f0"": 30.649, ""score"": 0.9123, ""hits"": 5, ""cep_hits"": 3, ""interference"": false, ""guard"": """", ""band"": """", ""cls"": null, ""fr_hyp"": null}]"
15967,/home/dayin/git/audio-labeling/backend/storage/audio/product_1/record_17_1_1778844092.wav,-1,摩擦,0,1,0,1,0,摩擦,,1150,1,19.1667,2.8113,3.57846,0,0,0,0,0,正常,正常,0,外圈,,,1000,1666.67,77.5167,10.4664,18.0356,27.4206,0,3.8,0.6733,,,0,0,0,0,0,0,[]
15970,/home/dayin/git/audio-labeling/backend/storage/audio/product_1/record_17_1_1778894621.wav,-1,摩擦,0,1,0,1,0,摩擦,,1150,1,19.1667,2.85414,3.29521,0,0.143123,0.025471,0.237748,0.237748,异常,轴承,0,滚珠,,,3333.33,4666.67,30.1536,22.5689,17.685,28.5566,0,3.85,0.7265,,31.95,4,1,0,0,1,1,"[{""f0"": 31.948, ""score"": 0.2407, ""hits"": 3, ""cep_hits"": 1, ""interference"": false, ""guard"": """", ""band"": """", ""cls"": ""ball"", ""fr_hyp"": 18.333333333333332}]"
15972,/home/dayin/git/audio-labeling/backend/storage/audio/product_1/record_15_1_1778895576.wav,-1,摩擦,0,1,0,1,0,摩擦,,1150,1,19.1667,1.61448,3.75795,0,0,0,0,0,正常,正常,0,外圈,,,2666.67,4000,12.9772,15.3581,18.4737,29.7923,0,3.85,0.7104,,,0,0,0,0,0,0,[]
15974,/home/dayin/git/audio-labeling/backend/storage/audio/product_1/record_17_1_1778899061.wav,-1,摩擦,0,1,0,1,0,摩擦,,1150,1,19.1667,2.07973,6.10866,0,0,0,0,0,正常,正常,0,外圈,,,666.667,1333.33,250.153,48.4492,28.3924,47.2392,0,3.85,0.7328,,,0,0,0,0,0,0,[]
16004,/home/dayin/git/audio-labeling/backend/storage/audio/product_1/record_17_1_1778984348.wav,1,17,1,0,0,0,0,正常,,1150,1,19.1667,2.36061,0.170588,0,0,0,0,0,正常,正常,0,外圈,,,1,333.333,3.10746,3.18346,5.44458,8.15068,0,3.85,0.7183,,,0,0,0,0,0,0,[]
16005,/home/dayin/git/audio-labeling/backend/storage/audio/product_1/record_17_1_1778985019.wav,1,17,1,0,0,0,0,正常,,1150,1,19.1667,3.44294,0.258075,0,0,0,0,0,正常,正常,0,外圈,,,5700,6333.33,3.56526,3.04964,4.98781,7.40067,0,3.85,0.7074,,,0,0,0,0,0,0,[]
16007,/home/dayin/git/audio-labeling/backend/storage/audio/product_1/record_15_1_1778986156.wav,1,15,1,0,0,0,0,正常,,1150,1,19.1667,2.873,0.176554,0,0,0,0,0,正常,正常,0,外圈,,,166.667,500,5.00942,3.08974,6.2003,9.19708,0,3.8,0.6819,,,0,0,0,0,0,0,[]
16014,/home/dayin/git/audio-labeling/backend/storage/audio/product_1/record_15_1_1779073628.wav,-1,摩擦,0,1,0,1,0,摩擦,,1150,1,19.1667,1.95015,2.83376,0,0,0,0.156613,0.156613,异常,轴承,1,滚珠,,,1000,2000,26.6674,25.7532,15.2901,27.1981,0,3.8,0.666,,32.37,1,1,0,0,1,1,"[{""f0"": 32.368, ""score"": 0.1566, ""hits"": 2, ""cep_hits"": 2, ""interference"": false, ""guard"": """", ""band"": ""滚珠(BSF基频带)"", ""cls"": ""ball"", ""fr_hyp"": 18.405736963463415}]"
16020,/home/dayin/git/audio-labeling/backend/storage/audio/product_1/record_17_1_1779084800.wav,-1,摩擦,0,1,0,1,0,摩擦,,1150,1,19.1667,2.06426,4.93186,0,0,0,0,0,正常,正常,0,外圈,,,1333.33,2666.67,93.1256,99.8987,25.3576,51.0812,0,3.85,0.7001,,,0,0,0,0,0,0,[]
16032,/home/dayin/git/audio-labeling/backend/storage/audio/product_1/record_15_1_1779101960.wav,-1,摩擦,0,1,0,1,0,摩擦,,1150,1,19.1667,2.21172,12.7443,1,0,0,0,0,异常,摩擦,1,外圈,,,666.667,2000,127.227,124.793,23.5573,74.041,0,3.85,0.6984,,,1,0,0,0,0,0,[]
16087,/home/dayin/git/audio-labeling/backend/storage/audio/product_1/record_15_1_1778730096.wav,-1,,0,1,0,0,0,其他异常,,1150,1,19.1667,1.91037,3.24388,0,0,0,0,0,正常,正常,0,外圈,,,500,1000,46.9104,6.93384,16.3194,25.6214,0,3.82381,0.849,,,0,0,0,0,0,0,[]
16200,/home/dayin/git/audio-labeling/backend/storage/audio/product_1/record_17_1_1779157023.wav,-1,摩擦,0,1,0,1,0,摩擦,,1150,1,19.1667,2.66028,2.77028,0,0,0,0,0,正常,正常,0,外圈,,,3000,4000,10.2503,6.62431,15.1007,22.8202,0,3.85,0.7296,,,0,0,0,0,0,0,[]
16202,/home/dayin/git/audio-labeling/backend/storage/audio/product_1/record_15_1_1779163031.wav,-1,15,0,1,0,0,0,其他异常,,1150,1,19.1667,1.81458,4.58888,0,0,0,0,0,正常,正常,0,外圈,,,3333.33,4666.67,38.3582,22.8022,16.7729,33.7152,0,3.85,0.7329,,,0,0,0,0,0,0,[]
16203,/home/dayin/git/audio-labeling/backend/storage/audio/product_1/record_17_1_1779164369.wav,-1,轴承,0,1,1,0,0,轴承,,1150,1,19.1667,2.22509,0.788537,0,0.0355573,0.0232609,0.0294806,0.0355573,异常,轴承-未定位,0,外圈,,,3333.33,4666.67,10.6131,6.92207,7.70594,12.9874,0,3.85,0.757,,36.62,3,1,0,1,1,0,"[{""f0"": 36.623, ""score"": 0.7965, ""hits"": 5, ""cep_hits"": 3, ""interference"": false, ""guard"": """", ""band"": """", ""cls"": null, ""fr_hyp"": 20.0}]"
16229,/home/dayin/git/audio-labeling/backend/storage/audio/product_1/record_17_1_1779354296.wav,-1,摩擦,0,1,0,1,0,摩擦,,1150,1,19.1667,0.552018,11.9364,1,0,0,0,0,异常,摩擦,1,外圈,,,1000,2000,216.225,143.059,35.7677,86.9599,0,3.8,0.7383,,,0,0,0,0,0,0,[]
16239,/home/dayin/git/audio-labeling/backend/storage/audio/product_1/record_15_1_1778720388.wav,-1,摩擦,0,1,0,1,0,摩擦,,1150,1,19.1667,2.54628,5.86276,0,0,0,0,0,正常,正常,0,外圈,,,666.667,1333.33,23.3508,68.5484,29.27,47.2099,0,3.93031,0.7722,,,0,0,0,0,0,0,[]
16291,/home/dayin/git/audio-labeling/backend/storage/audio/product_1/record_15_1_1778846748.wav,-1,摩擦,0,1,0,1,0,摩擦,,1150,1,19.1667,1.37191,3.76278,0,0,0,0,0,正常,正常,0,外圈,,,2500,3000,30.1306,29.5926,19.5175,32.2991,0,3.93225,0.8211,,,0,0,0,0,0,0,[]
16303,/home/dayin/git/audio-labeling/backend/storage/audio/product_1/record_17_1_1778899243.wav,-1,故障,0,1,0,0,0,其他异常,,1150,1,19.1667,2.5356,0.17847,0,0,0,0,0,正常,正常,0,外圈,,,4666.67,6000,5.93494,3.70485,6.18519,9.40125,0,3.8,0.7046,,,1,0,0,0,0,0,[]
16316,/home/dayin/git/audio-labeling/backend/storage/audio/product_1/record_17_1_1778919182.wav,-1,摩擦,0,1,0,1,0,摩擦,,1150,1,19.1667,1.12885,2.55033,0,0,0,0,0,正常,正常,0,外圈,,,2666.67,5333.33,8.77586,9.14219,14.1918,22.588,0,3.8,0.687,,,0,0,0,0,0,0,[]
16324,/home/dayin/git/audio-labeling/backend/storage/audio/product_1/record_17_1_1778982966.wav,1,17,1,0,0,0,0,正常,,1150,1,19.1667,2.32495,0.303848,0,0,0,0,0,正常,正常,0,外圈,,,5100,5666.67,2.98135,3.11523,4.90733,7.30125,0,3.94906,0.7894,,,0,0,0,0,0,0,[]
16335,/home/dayin/git/audio-labeling/backend/storage/audio/product_1/record_17_1_1779074591.wav,-1,摩擦,0,1,0,1,0,摩擦,,1150,1,19.1667,3.5932,5.93933,0,0,0,0,0,正常,正常,0,外圈,,,3333.33,4666.67,77.1504,100.685,25.1133,54.8616,0,3.85,0.7669,,,0,0,0,0,0,0,[]
16366,/home/dayin/git/audio-labeling/backend/storage/audio/product_1/record_17_1_1779258158.wav,1,17,1,0,0,0,0,正常,,1150,1,19.1667,1.70195,0.422346,0,0,0,0,0,正常,正常,0,外圈,,,6900,7666.67,2.20339,3.21501,4.51841,6.76551,0,3.85,0.6945,,,0,0,0,0,0,0,[]
16383,/home/dayin/git/audio-labeling/backend/storage/audio/product_1/record_15_1_1778655077.wav,-1,轴承,0,1,1,0,0,轴承,,1150,1,19.1667,1.76715,1.40701,0,0,0,0,0,异常,轴承-未定位,0,外圈,,,1000,2000,7.70058,8.91892,7.62142,14.7893,0,3.90331,0.7104,,45.09;76.86!;30.23,5,3,1,1,2,0,"[{""f0"": 45.09, ""score"": 0.4185, ""hits"": 5, ""cep_hits"": 1, ""interference"": false, ""guard"": """", ""band"": """", ""cls"": null, ""fr_hyp"": null}, {""f0"": 76.858, ""score"": 0.9287, ""hits"": 5, ""cep_hits"": 1, ""interference"": true, ""guard"": ""轴频谐波4×19.167Hz"", ""band"": """", ""cls"": null, ""fr_hyp"": null}, {""f0"": 30.231, ""score"": 0.165, ""hits"": 3, ""cep_hits"": 1, ""interference"": false, ""guard"": """", ""band"": """", ""cls"": null, ""fr_hyp"": null}]"
16430,/home/dayin/git/audio-labeling/backend/storage/audio/product_1/record_15_1_1778828171.wav,-1,摩擦,0,1,0,1,0,摩擦,,1150,1,19.1667,1.82379,1.195,0,0,0,0,0,正常,正常,0,外圈,,,3333.33,4666.67,9.31043,7.75862,9.70119,15.5281,0,3.85,0.7069,,,1,0,0,0,0,0,[]
16452,/home/dayin/git/audio-labeling/backend/storage/audio/product_1/record_17_1_1778911730.wav,-1,摩擦,0,1,0,1,0,摩擦,,1150,1,19.1667,1.7221,3.90087,0,0,0,0,0,正常,正常,0,外圈,,,3333.33,4000,37.1069,15.2634,19.3325,30.0156,0,3.85,0.6941,,,0,0,0,0,0,0,[]
16467,/home/dayin/git/audio-labeling/backend/storage/audio/product_1/record_17_1_1778984006.wav,1,17,1,0,0,0,0,正常,,1150,1,19.1667,2.66082,0.253844,0,0,0,0,0,正常,正常,0,外圈,,,1,333.333,2.5065,3.05042,5.04143,7.45915,0,3.8,0.6524,,,0,0,0,0,0,0,[]
16504,/home/dayin/git/audio-labeling/backend/storage/audio/product_1/record_17_1_1779322876.wav,-1,摩擦,0,1,0,1,0,摩擦,,1150,1,19.1667,1.66323,1.14987,0,0,0,0,0,正常,正常,0,外圈,,,333.333,666.667,12.0312,5.50362,9.5954,14.7889,0,3.8,0.6486,,,0,0,0,0,0,0,[]
16521,/home/dayin/git/audio-labeling/backend/storage/audio/product_1/record_15_1_1778718774.wav,-1,轴承,0,1,1,0,0,轴承,,1150,1,19.1667,1.62794,3.62683,0,0.0318455,0.143549,0.659728,0.659728,异常,轴承,0,滚珠,,,2666.67,5333.33,19.3628,19.1709,11.5024,25.7671,0,3.85,0.6753,,33.25,1,1,0,0,1,1,"[{""f0"": 33.247, ""score"": 0.6597, ""hits"": 5, ""cep_hits"": 2, ""interference"": false, ""guard"": """", ""band"": ""滚珠(BSF基频带)"", ""cls"": ""ball"", ""fr_hyp"": 18.905185215982694}]"
16529,/home/dayin/git/audio-labeling/backend/storage/audio/product_1/record_15_1_1778736785.wav,-1,轴承,0,1,1,0,0,轴承,,1150,1,19.1667,1.77498,1.14661,0,0,0,0,0,异常,轴承-未定位,0,外圈,,,1000,2000,16.2083,11.1114,8.62393,15.3776,0,3.85,0.6729,,30.91,1,1,0,1,1,0,"[{""f0"": 30.909, ""score"": 0.668, ""hits"": 5, ""cep_hits"": 1, ""interference"": false, ""guard"": """", ""band"": """", ""cls"": null, ""fr_hyp"": null}]"
16548,/home/dayin/git/audio-labeling/backend/storage/audio/product_1/record_17_1_1778815173.wav,-1,故障,0,1,0,0,0,其他异常,,1150,1,19.1667,1.83133,0.127629,0,0,0,0,0,正常,正常,0,外圈,,,166.667,500,40.3006,3.228,5.61945,8.42022,0,3.83219,0.685,,,0,0,0,0,0,0,[]
16561,/home/dayin/git/audio-labeling/backend/storage/audio/product_1/record_17_1_1778841709.wav,-1,摩擦,0,1,0,1,0,摩擦,,1150,1,19.1667,1.51803,0.931545,0,0,0,0,0,正常,正常,0,外圈,,,666.667,1000,96.6398,4.12383,8.81231,13.4141,0,3.8,0.6467,,,0,0,0,0,0,0,[]
16572,/home/dayin/git/audio-labeling/backend/storage/audio/product_1/record_17_1_1778898976.wav,-1,摩擦,0,1,0,1,0,摩擦,,1150,1,19.1667,1.2514,7.29921,0,0,0,0,0,正常,正常,0,外圈,,,6000,7000,262.112,231.355,36.1277,84.2502,0,3.85,0.6633,,,0,0,0,0,0,0,[]
16579,/home/dayin/git/audio-labeling/backend/storage/audio/product_1/record_17_1_1778908917.wav,-1,摩擦,0,1,0,1,0,摩擦,,1150,1,19.1667,1.76806,6.14317,0,0,0,0,0,正常,正常,0,外圈,,,3333.33,4666.67,77.3526,61.5788,19.4636,45.5939,0,3.85,0.6764,,,0,0,0,0,0,0,[]
16607,/home/dayin/git/audio-labeling/backend/storage/audio/product_1/record_17_1_1778984567.wav,1,17,1,0,0,0,0,正常,,1150,1,19.1667,1.6432,0.365018,0,0,0,0,0,正常,正常,0,外圈,,,6000,6666.67,2.23081,3.0348,4.67111,6.93319,0,3.8,0.6436,,,0,0,0,0,0,0,[]
16619,/home/dayin/git/audio-labeling/backend/storage/audio/product_1/record_15_1_1779072134.wav,-1,摩擦,0,1,0,1,0,摩擦,,1150,1,19.1667,1.74623,12.3171,1,0,0,0,0,异常,摩擦,1,外圈,,,1000,2000,276.544,251.112,47.0986,111.479,0,3.8365,0.6387,,,0,0,0,0,0,0,[]
16639,/home/dayin/git/audio-labeling/backend/storage/audio/product_1/record_15_1_1779094586.wav,-1,摩擦,0,1,0,1,0,摩擦,,1150,1,19.1667,1.10016,6.45746,0,0,0,0,0,异常,轴承-未定位,0,外圈,,,1000,1666.67,43.1499,41.7495,16.9311,41.4126,0,3.8,0.6348,,30.79,1,1,0,1,1,0,"[{""f0"": 30.789, ""score"": 0.4709, ""hits"": 5, ""cep_hits"": 2, ""interference"": false, ""guard"": """", ""band"": """", ""cls"": null, ""fr_hyp"": null}]"
16660,/home/dayin/git/audio-labeling/backend/storage/audio/product_1/record_17_1_1779259140.wav,-1,摩擦,0,1,0,1,0,摩擦,,1150,1,19.1667,2.13078,2.44429,0,0,0,0,0,正常,正常,0,外圈,,,500,1000,155.125,7.48382,14.1093,21.3274,0,3.85,0.6663,,,0,0,0,0,0,0,[]
16668,/home/dayin/git/audio-labeling/backend/storage/audio/product_1/record_17_1_1779266448.wav,1,17,1,0,0,0,0,正常,,1150,1,19.1667,2.22074,0.413015,0,0,0,0,0,正常,正常,0,外圈,,,1000,1333.33,2.15005,3.01509,4.45876,6.59398,0,3.85,0.6531,,,0,0,0,0,0,0,[]
16682,/home/dayin/git/audio-labeling/backend/storage/audio/product_1/record_15_1_1779329545.wav,-1,15,0,1,0,0,0,其他异常,,1077.84,0,17.964,55.3902,1.02192,0,0,0,0,0,正常,正常,0,外圈,,,1000,1500,7.09027,2.99397,2.70265,5.45574,0,3.89669,0.6882,,17.84!,1,1,1,0,0,0,"[{""f0"": 17.836, ""score"": 0.4297, ""hits"": 4, ""cep_hits"": 2, ""interference"": true, ""guard"": ""低频梳(f0<20Hz,疑轴频族)"", ""band"": """", ""cls"": null, ""fr_hyp"": null}]"
16717,/home/dayin/git/audio-labeling/backend/storage/audio/product_1/record_15_1_1778753339.wav,-1,轴承,0,1,1,0,0,轴承,,1150,1,19.1667,1.30255,2.2654,0,0,0,0,0,异常,轴承-未定位,0,外圈,,,5000,5666.67,18.8175,14.3641,12.3467,21.9671,0,3.895,0.6506,,22.59,2,1,0,1,1,0,"[{""f0"": 22.593, ""score"": 0.1855, ""hits"": 2, ""cep_hits"": 1, ""interference"": false, ""guard"": """", ""band"": """", ""cls"": null, ""fr_hyp"": null}]"
16738,/home/dayin/git/audio-labeling/backend/storage/audio/product_1/record_15_1_1778823266.wav,-1,故障,0,1,0,0,0,其他异常,,1150,1,19.1667,2.64084,0.302882,0,0,0,0,0,异常,轴承-未定位,0,外圈,,,1000,2000,4.99561,5.09467,6.15117,9.94751,0,3.82519,0.7616,,61.43,1,1,0,1,1,0,"[{""f0"": 61.435, ""score"": 0.8071, ""hits"": 5, ""cep_hits"": 2, ""interference"": false, ""guard"": """", ""band"": """", ""cls"": null, ""fr_hyp"": null}]"
16758,/home/dayin/git/audio-labeling/backend/storage/audio/product_1/record_17_1_1778843062.wav,-1,摩擦,0,1,0,1,0,摩擦,,1150,1,19.1667,1.97525,4.48699,0,0,0,0,0,正常,正常,0,外圈,,,2666.67,4000,18.5212,22.7953,21.3521,34.76,0,3.8,0.6298,,,0,0,0,0,0,0,[]
16776,/home/dayin/git/audio-labeling/backend/storage/audio/product_1/record_17_1_1778907331.wav,-1,轴承,0,1,1,0,0,轴承,,1150,1,19.1667,1.18972,0.749076,0,0,0,0,0,正常,正常,0,外圈,,,3333.33,4666.67,11.1372,6.30192,6.93553,12.0832,0,3.85,0.6493,,,1,0,0,0,0,0,[]
16811,/home/dayin/git/audio-labeling/backend/storage/audio/product_1/record_15_1_1779083510.wav,-1,摩擦,0,1,0,1,0,摩擦,,1150,1,19.1667,2.07917,2.35801,0,0,0,0,0,正常,正常,0,外圈,,,2000,2666.67,6.10775,6.28117,13.535,20.9845,0,3.89994,0.7432,,,0,0,0,0,0,0,[]
16817,/home/dayin/git/audio-labeling/backend/storage/audio/product_1/record_17_1_1779089896.wav,-1,摩擦,0,1,0,1,0,摩擦,,1150,1,19.1667,1.5449,10.4038,1,0,0,0,0,异常,摩擦,1,外圈,,,666.667,2000,485.704,622.122,42.9731,139.123,0,3.85,0.6809,,,0,0,0,0,0,0,[]
16831,/home/dayin/git/audio-labeling/backend/storage/audio/product_1/record_15_1_1779105646.wav,-1,轴承,0,1,1,0,0,轴承,,1075.32,0,17.9221,53.8072,9.61067,1,0.152958,0.720667,0.487377,0.720667,异常,轴承,0,内圈,,,1333.33,4000,21.0184,33.0801,9.54006,39.1447,0,3.85,0.6898,,18.05!;144.16,2,2,1,0,1,1,"[{""f0"": 18.052, ""score"": 0.9204, ""hits"": 5, ""cep_hits"": 3, ""interference"": true, ""guard"": ""低频梳(f0<20Hz,疑轴频族)"", ""band"": """", ""cls"": null, ""fr_hyp"": null}, {""f0"": 144.156, ""score"": 0.5745, ""hits"": 4, ""cep_hits"": 1, ""interference"": false, ""guard"": """", ""band"": """", ""cls"": ""ball"", ""fr_hyp"": 20.0}]"
16848,/home/dayin/git/audio-labeling/backend/storage/audio/product_1/record_17_1_1779262682.wav,-1,摩擦,0,1,0,1,0,摩擦,,1150,1,19.1667,1.41929,8.12104,0,0,0,0,0,正常,正常,0,外圈,,,1333.33,2666.67,88.2414,103.856,32.7555,67.4699,0,3.8,0.6505,,,0,0,0,0,0,0,[]
16868,/home/dayin/git/audio-labeling/backend/storage/audio/product_1/record_15_1_1778556525.wav,-1,15摩擦,0,1,0,1,0,摩擦,,1150,1,19.1667,2.11546,4.12088,0,0.0279316,0.110681,0.346027,0.346027,异常,轴承,0,滚珠,,,1333.33,4000,32.1503,40.9329,20.3253,36.5703,0,3.85,0.6919,,32.99,1,1,0,0,1,1,"[{""f0"": 32.987, ""score"": 0.346, ""hits"": 5, ""cep_hits"": 3, ""interference"": false, ""guard"": """", ""band"": ""滚珠(BSF基频带)"", ""cls"": ""ball"", ""fr_hyp"": 18.75748845648283}]"
16903,/home/dayin/git/audio-labeling/backend/storage/audio/product_1/record_17_1_1778826892.wav,-1,摩擦,0,1,0,1,0,摩擦,,1150,1,19.1667,2.95256,5.19471,0,0,0,0,0,正常,正常,0,外圈,,,666.667,1333.33,493.879,29.9094,24.66,38.5715,0,3.85,0.6978,,,0,0,0,0,0,0,[]
16949,/home/dayin/git/audio-labeling/backend/storage/audio/product_1/record_15_1_1778981145.wav,-1,故障,0,1,0,0,0,其他异常,,1150,1,19.1667,3.68143,0.634358,0,0,0,0,0,正常,正常,0,外圈,,,1333.33,4000,4.36799,5.6031,7.82402,12.2546,0,3.8,0.6496,,,1,0,0,0,0,0,[]
16957,/home/dayin/git/audio-labeling/backend/storage/audio/product_1/record_17_1_1779076181.wav,-1,摩擦,0,1,0,1,0,摩擦,,1150,1,19.1667,1.4896,4.252,0,0,0,0,0,正常,正常,0,外圈,,,2666.67,4000,24.1514,22.8121,20.9527,33.1181,0,3.85,0.7014,,,0,0,0,0,0,0,[]
16962,/home/dayin/git/audio-labeling/backend/storage/audio/product_1/record_17_1_1779086279.wav,-1,摩擦,0,1,0,1,0,摩擦,,1150,1,19.1667,2.99308,8.36295,0,0.120596,0,0,0.120596,异常,轴承-未定位,0,外圈,,,3333.33,4666.67,109.645,137.128,27.0764,68.2842,0,3.8,0.6516,,62.89;93.42,2,2,0,1,2,0,"[{""f0"": 62.895, ""score"": 0.3527, ""hits"": 5, ""cep_hits"": 1, ""interference"": false, ""guard"": """", ""band"": """", ""cls"": null, ""fr_hyp"": null}, {""f0"": 93.421, ""score"": 0.3077, ""hits"": 4, ""cep_hits"": 1, ""interference"": false, ""guard"": """", ""band"": """", ""cls"": null, ""fr_hyp"": 18.333333333333332}]"
16969,/home/dayin/git/audio-labeling/backend/storage/audio/product_1/record_17_1_1779093734.wav,-1,,0,1,0,0,0,其他异常,,1150,1,19.1667,4.48476,0.401894,0,0,0,0,0,正常,正常,0,外圈,,,1,333.333,7.94484,5.50799,6.37788,10.5057,0,3.8,0.6666,,,0,0,0,0,0,0,[]
17029,/home/dayin/git/audio-labeling/backend/storage/audio/product_1/record_15_1_1778737589.wav,-1,摩擦,0,1,0,1,0,摩擦,,1150,1,19.1667,1.34478,6.53409,0,0,0,0,0,正常,正常,0,外圈,,,2333.33,3000,134.027,100.503,33.1941,54.7897,0,3.921,0.6908,,,0,0,0,0,0,0,[]
17033,/home/dayin/git/audio-labeling/backend/storage/audio/product_1/record_17_1_1778740700.wav,-1,故障,0,1,0,0,0,其他异常,,1150,1,19.1667,1.69264,0.686364,0,0,0,0,0,异常,轴承-未定位,0,外圈,,,1000,1666.67,2.70812,2.80663,3.56038,5.19065,0,3.8,0.6582,,22.89,1,1,0,1,1,0,"[{""f0"": 22.895, ""score"": 0.3578, ""hits"": 5, ""cep_hits"": 2, ""interference"": false, ""guard"": """", ""band"": """", ""cls"": null, ""fr_hyp"": null}]"
17043,/home/dayin/git/audio-labeling/backend/storage/audio/product_1/record_17_1_1778806590.wav,-1,摩擦,0,1,0,1,0,摩擦,,1150,1,19.1667,1.3429,5.42755,0,0,0,0,0,正常,正常,0,外圈,,,2666.67,4000,53.771,40.3974,25.6923,42.4011,0,3.85,0.7102,,,0,0,0,0,0,0,[]
17083,/home/dayin/git/audio-labeling/backend/storage/audio/product_1/record_17_1_1778908967.wav,-1,摩擦,0,1,0,1,0,摩擦,,1150,1,19.1667,0.80742,4.80171,0,0,0,0,0,正常,正常,0,外圈,,,2666.67,3333.33,93.2091,61.43,25.2853,41.0453,0,3.85,0.7209,,,0,0,0,0,0,0,[]
17111,/home/dayin/git/audio-labeling/backend/storage/audio/product_1/record_17_1_1779073037.wav,-1,摩擦,0,1,0,1,0,摩擦,,1150,1,19.1667,1.90175,11.0686,1,0,0,0,0,异常,摩擦,1,外圈,,,1333.33,4000,146.89,180.979,38.1747,91.4431,0,3.85,0.732,,,0,0,0,0,0,0,[]
17122,/home/dayin/git/audio-labeling/backend/storage/audio/product_1/record_17_1_1779090092.wav,-1,摩擦,0,1,0,1,0,摩擦,,1150,1,19.1667,2.48067,2.04445,0,0,0,0.167525,0.167525,异常,轴承,1,滚珠,,,3333.33,4666.67,10.5463,7.46613,12.6228,19.6209,0,3.8,0.6945,,33.42,1,1,0,0,1,1,"[{""f0"": 33.421, ""score"": 0.1675, ""hits"": 2, ""cep_hits"": 1, ""interference"": false, ""guard"": """", ""band"": ""滚珠(BSF基频带)"", ""cls"": ""ball"", ""fr_hyp"": 19.00429751512076}]"
17144,/home/dayin/git/audio-labeling/backend/storage/audio/product_1/record_15_1_1779164216.wav,-1,轴承,0,1,1,0,0,轴承,,1150,1,19.1667,1.86869,2.62496,0,0.28239,0.116396,0.970803,0.970803,异常,轴承,0,滚珠,,,2666.67,5333.33,16.6934,18.487,11.9126,23.4087,0,3.85,0.6895,,31.69,1,1,0,0,1,1,"[{""f0"": 31.688, ""score"": 0.9702, ""hits"": 5, ""cep_hits"": 3, ""interference"": false, ""guard"": """", ""band"": """", ""cls"": ""ball"", ""fr_hyp"": 18.333333333333332}]"
17169,/home/dayin/git/audio-labeling/backend/storage/audio/product_1/record_15_1_1778556545.wav,-1,摩擦,0,1,0,1,0,摩擦,,1194.49,0,19.9081,5.07368,9.68835,1,0,0,0,0,异常,摩擦,1,外圈,,,666.667,2000,56.7815,390.004,34.1701,106.871,0,3.918,0.7624,,,0,0,0,0,0,0,[]
17170,/home/dayin/git/audio-labeling/backend/storage/audio/product_1/record_17_1_1778644670.wav,-1,轴承,0,1,1,0,0,轴承,,1150,1,19.1667,4.68,0.803489,0,0.525592,0.85099,0.0686695,0.85099,异常,轴承,0,内圈,,,666.667,2000,6.19331,8.34166,6.94243,12.4814,0,3.8,0.7079,,51.32,2,1,0,0,1,1,"[{""f0"": 51.316, ""score"": 0.5256, ""hits"": 5, ""cep_hits"": 2, ""interference"": false, ""guard"": """", ""band"": ""外圈(BPFO带)"", ""cls"": ""outer"", ""fr_hyp"": 19.902800844613626}]"
17178,/home/dayin/git/audio-labeling/backend/storage/audio/product_1/record_17_1_1778719132.wav,-1,摩擦,0,1,0,1,0,摩擦,,1150,1,19.1667,1.55792,6.01386,0,0,0,0,0,正常,正常,0,外圈,,,666.667,1333.33,138.591,62.3379,28.878,49.2713,0,3.85,0.7141,,,0,0,0,0,0,0,[]
17189,/home/dayin/git/audio-labeling/backend/storage/audio/product_1/record_15_1_1778739637.wav,-1,摩擦,0,1,0,1,0,摩擦,,1150,1,19.1667,2.71323,3.09607,0,0,0,0,0,正常,正常,0,外圈,,,1333.33,2666.67,17.9467,19.5843,16.4092,27.3617,0,3.8,0.6835,,,0,0,0,0,0,0,[]
17200,/home/dayin/git/audio-labeling/backend/storage/audio/product_1/record_17_1_1778757697.wav,-1,轴承,0,1,1,0,0,轴承,,1150,1,19.1667,1.48235,1.34701,0,0,0,0,0,正常,正常,0,外圈,,,333.333,666.667,27.4389,8.98778,9.78285,16.4554,0,3.8,0.6868,,,0,0,0,0,0,0,[]
17258,/home/dayin/git/audio-labeling/backend/storage/audio/product_1/record_15_1_1778984753.wav,-1,摩擦,0,1,0,1,0,摩擦,,1150,1,19.1667,2.21909,3.87143,0,0,0,0,0,异常,轴承-未定位,0,外圈,,,1333.33,2666.67,32.3145,40.9375,19.2597,35.2709,0,3.82806,0.7125,,45.32,1,1,0,1,1,0,"[{""f0"": 45.323, ""score"": 0.1647, ""hits"": 4, ""cep_hits"": 3, ""interference"": false, ""guard"": """", ""band"": """", ""cls"": null, ""fr_hyp"": null}]"
17260,/home/dayin/git/audio-labeling/backend/storage/audio/product_1/record_15_1_1778986129.wav,1,15,1,0,0,0,0,正常,,1150,1,19.1667,2.03223,0.193215,0,0,0,0,0,正常,正常,0,外圈,,,333.333,666.667,3.64419,3.27936,5.27144,7.90883,0,3.8,0.6609,,,0,0,0,0,0,0,[]
17261,/home/dayin/git/audio-labeling/backend/storage/audio/product_1/record_15_1_1778986509.wav,1,15,1,0,0,0,0,正常,,1150,1,19.1667,1.74863,1.42118,0,0,0,0,0,正常,正常,0,外圈,,,666.667,1333.33,18.1293,3.71457,10.2464,15.2913,0,3.83294,0.7793,,,0,0,0,0,0,0,[]
17262,/home/dayin/git/audio-labeling/backend/storage/audio/product_1/record_15_1_1778986548.wav,1,15,1,0,0,0,0,正常,,1150,1,19.1667,1.65016,19.0686,1,0,0,0,0,异常,摩擦,0,外圈,,,166.667,500,9.25866,902.13,50.1175,149.753,0,3.92638,0.7224,,,0,0,0,0,0,0,[]
17300,/home/dayin/git/audio-labeling/backend/storage/audio/product_1/record_17_1_1779324616.wav,-1,摩擦,0,1,0,1,0,摩擦,,1150,1,19.1667,1.98235,15.1595,1,0,0,0,0,异常,摩擦,1,外圈,,,666.667,1333.33,1246.46,417.179,66.4826,112.942,0,3.85,0.7137,,,0,0,0,0,0,0,[]
17312,/home/dayin/git/audio-labeling/backend/storage/audio/product_1/record_15_1_1778643913.wav,-1,轴承,0,1,1,0,0,轴承,,1150,1,19.1667,3.53219,0.824993,0,0.0702454,0,0,0.0702454,异常,轴承-未定位,0,外圈,,,666.667,2000,5.83182,7.42395,7.66451,13.1333,0,3.8,0.6851,,45.53;77.11,2,2,0,1,2,0,"[{""f0"": 45.526, ""score"": 0.3299, ""hits"": 4, ""cep_hits"": 2, ""interference"": false, ""guard"": """", ""band"": """", ""cls"": null, ""fr_hyp"": 18.333333333333332}, {""f0"": 77.105, ""score"": 0.835, ""hits"": 5, ""cep_hits"": 2, ""interference"": false, ""guard"": """", ""band"": """", ""cls"": null, ""fr_hyp"": null}]"
17313,/home/dayin/git/audio-labeling/backend/storage/audio/product_1/record_15_1_1778654764.wav,-1,摩擦,0,1,0,1,0,摩擦,,1150,1,19.1667,3.02886,2.91777,0,0,0,0,0,正常,正常,0,外圈,,,666.667,2000,14.6732,18.3566,10.0143,22.2973,0,3.8,0.6659,,,0,0,0,0,0,0,[]
17326,/home/dayin/git/audio-labeling/backend/storage/audio/product_1/record_15_1_1778743109.wav,-1,,0,1,0,0,0,其他异常,,1150,1,19.1667,1.94382,0.90134,0,0,0,0,0,正常,正常,0,外圈,,,2000,3000,4.99395,6.41806,8.7301,13.7735,0,3.8065,0.5175,,,0,0,0,0,0,0,[]
17334,/home/dayin/git/audio-labeling/backend/storage/audio/product_1/record_17_1_1778754124.wav,-1,摩擦,0,1,0,1,0,摩擦,,1150,1,19.1667,1.65059,37.6511,1,0,0,0,0,异常,摩擦,0,外圈,,,4000,6666.67,488.128,283.579,24.4363,150.789,0,3.85,0.6336,,,0,0,0,0,0,0,[]
17341,/home/dayin/git/audio-labeling/backend/storage/audio/product_1/record_17_1_1778811359.wav,-1,摩擦,0,1,0,1,0,摩擦,,1150,1,19.1667,2.31102,7.2657,0,0,0,0,0,正常,正常,0,外圈,,,2666.67,3000,118.265,70.2993,33.9332,55.7061,0,3.85613,0.562,,,0,0,0,0,0,0,[]
17348,/home/dayin/git/audio-labeling/backend/storage/audio/product_1/record_15_1_1778822246.wav,-1,摩擦,0,1,0,1,0,摩擦,,1150,1,19.1667,1.64555,10.8328,1,0,0,0,0,异常,摩擦,1,外圈,,,333.333,666.667,5.81853,631.863,35.9725,130.971,0,3.93044,0.8852,,,0,0,0,0,0,0,[]
17380,/home/dayin/git/audio-labeling/backend/storage/audio/product_1/record_15_1_1778901424.wav,-1,故障,0,1,0,0,0,其他异常,,1220.51,0,20.3418,10.7025,0.243271,0,0,0,0,0,正常,正常,0,外圈,,,1333.33,4000,3.26243,4.43802,6.3121,9.85583,0,3.88362,0.6777,,,2,0,0,0,0,0,[]
17399,/home/dayin/git/audio-labeling/backend/storage/audio/product_1/record_15_1_1778986717.wav,1,15,1,0,0,0,0,正常,,1150,1,19.1667,1.35788,12.9335,1,0,0,0,0,异常,摩擦,1,外圈,,,166.667,500,9.44828,857.24,47.3485,150.304,0,3.93213,0.6534,,,0,0,0,0,0,0,[]
17412,/home/dayin/git/audio-labeling/backend/storage/audio/product_1/record_17_1_1779092507.wav,-1,故障,0,1,0,0,0,其他异常,,1150,1,19.1667,1.51284,0.389685,0,0,0.18349,0,0.18349,异常,轴承,1,内圈,,,666.667,2000,4.62278,5.98096,5.90066,9.9424,0,3.8,0.6295,,90.26,1,1,0,0,1,1,"[{""f0"": 90.263, ""score"": 0.5834, ""hits"": 5, ""cep_hits"": 1, ""interference"": false, ""guard"": """", ""band"": """", ""cls"": ""inner"", ""fr_hyp"": 20.0}]"
17414,/home/dayin/git/audio-labeling/backend/storage/audio/product_1/record_17_1_1779097586.wav,-1,摩擦,0,1,0,1,0,摩擦,,1150,1,19.1667,1.85207,1.20172,0,0,0,0,0,正常,正常,0,外圈,,,666.667,1333.33,25.0307,7.78518,9.48666,15.5516,0,3.8,0.6394,,,0,0,0,0,0,0,[]
17428,/home/dayin/git/audio-labeling/backend/storage/audio/product_1/record_15_1_1779152234.wav,-1,摩擦,0,1,0,1,0,摩擦,,1150,1,19.1667,2.58477,1.58401,0,0.0313388,0.577263,0.0430804,0.577263,异常,轴承,0,内圈,,,3000,4000,18.4625,13.5877,9.70632,17.885,0,3.85,0.6968,,18.18!;79.48,3,2,1,0,1,1,"[{""f0"": 18.182, ""score"": 0.2382, ""hits"": 2, ""cep_hits"": 2, ""interference"": true, ""guard"": ""低频梳(f0<20Hz,疑轴频族)"", ""band"": """", ""cls"": null, ""fr_hyp"": null}, {""f0"": 79.481, ""score"": 0.5601, ""hits"": 4, ""cep_hits"": 1, ""interference"": false, ""guard"": """", ""band"": """", ""cls"": ""inner"", ""fr_hyp"": 18.333333333333332}]"
17454,/home/dayin/git/audio-labeling/backend/storage/audio/product_1/record_17_1_1778498237.wav,-1,轴承,0,1,1,0,0,轴承,,1150,1,19.1667,1.97644,5.19276,0,0.145985,0.0487612,0.064802,0.145985,异常,轴承-未定位,0,外圈,,,3333.33,4666.67,17.1412,18.3928,11.8774,29.9547,0,3.8,0.6861,,30.00;38.16!;23.03;53.16,4,4,1,1,3,0,"[{""f0"": 30.0, ""score"": 0.5028, ""hits"": 4, ""cep_hits"": 1, ""interference"": false, ""guard"": """", ""band"": """", ""cls"": null, ""fr_hyp"": null}, {""f0"": 38.158, ""score"": 0.9657, ""hits"": 5, ""cep_hits"": 2, ""interference"": true, ""guard"": ""轴频谐波2×19.167Hz"", ""band"": """", ""cls"": null, ""fr_hyp"": null}, {""f0"": 23.026, ""score"": 0.3306, ""hits"": 4, ""cep_hits"": 1, ""interference"": false, ""guard"": """", ""band"": """", ""cls"": null, ""fr_hyp"": null}, {""f0"": 53.158, ""score"": 0.1811, ""hits"": 3, ""cep_hits"": 1, ""interference"": false, ""guard"": """", ""band"": """", ""cls"": null, ""fr_hyp"": 20.0}]"
17511,/home/dayin/git/audio-labeling/backend/storage/audio/product_1/record_15_1_1778838592.wav,-1,摩擦,0,1,0,1,0,摩擦,,1150,1,19.1667,1.97627,5.90904,0,0,0,0,0,正常,正常,0,外圈,,,2666.67,5333.33,111.919,141.579,33.1038,60.3272,0,3.8,0.6846,,,0,0,0,0,0,0,[]
17513,/home/dayin/git/audio-labeling/backend/storage/audio/product_1/record_17_1_1778839350.wav,-1,摩擦,0,1,0,1,0,摩擦,,1150,1,19.1667,1.06287,17.0574,1,0,0,0,0,异常,摩擦,1,外圈,,,666.667,1333.33,1394.24,522.333,64.3884,112.114,0,3.85,0.7167,,,0,0,0,0,0,0,[]
17524,/home/dayin/git/audio-labeling/backend/storage/audio/product_1/record_17_1_1778843985.wav,-1,摩擦,0,1,0,1,0,摩擦,,1150,1,19.1667,1.55084,8.94231,1,0,0,0,0,异常,摩擦,1,外圈,,,4000,6000,319.989,351.025,51.4749,102.293,0,3.89387,0.736,,,0,0,0,0,0,0,[]
17554,/home/dayin/git/audio-labeling/backend/storage/audio/product_1/record_17_1_1778921443.wav,-1,摩擦,0,1,0,1,0,摩擦,,1150,1,19.1667,1.21023,7.01339,0,0,0,0,0,正常,正常,0,外圈,,,666.667,2000,413.511,459.963,44.4557,111.178,0,3.8,0.6901,,,0,0,0,0,0,0,[]
17558,/home/dayin/git/audio-labeling/backend/storage/audio/product_1/record_17_1_1778931375.wav,-1,摩擦,0,1,0,1,0,摩擦,,1150,1,19.1667,1.36394,4.72055,0,0,0,0,0,正常,正常,0,外圈,,,1333.33,2000,33.9533,27.1975,22.5864,36.5039,0,3.8,0.6738,,,0,0,0,0,0,0,[]
17573,/home/dayin/git/audio-labeling/backend/storage/audio/product_1/record_17_1_1779083289.wav,-1,摩擦,0,1,0,1,0,摩擦,,1150,1,19.1667,1.44951,23.8975,1,0,0,0,0,异常,摩擦,0,外圈,,,7185.6,7984,206.985,193.508,27.9406,113.54,0,3.85,0.7021,,,0,0,0,0,0,0,[]
17589,/home/dayin/git/audio-labeling/backend/storage/audio/product_1/record_15_1_1779151812.wav,-1,,0,1,0,0,0,其他异常,,1150,1,19.1667,2.70996,0.281099,0,0,0,0,0,正常,正常,0,外圈,,,333.333,666.667,7.95182,5.04187,5.91899,9.59794,0,3.8,0.6691,,,0,0,0,0,0,0,[]
17643,/home/dayin/git/audio-labeling/backend/storage/audio/product_1/record_17_1_1778757525.wav,-1,轴承,0,1,1,0,0,轴承,,1184.21,0,19.7368,10.3865,3.29447,0,0,0,0,0,正常,正常,0,外圈,,,500,833.333,17.0219,9.02434,13.0189,24.9595,0,3.8,0.6685,,,0,0,0,0,0,0,[]
17645,/home/dayin/git/audio-labeling/backend/storage/audio/product_1/record_15_1_1778759819.wav,-1,摩擦,0,1,0,1,0,摩擦,,1150,1,19.1667,1.87167,4.86783,0,0,0,0,0,正常,正常,0,外圈,,,1333.33,2000,138.093,85.6593,26.4546,47.4664,0,3.85,0.7025,,,0,0,0,0,0,0,[]
17661,/home/dayin/git/audio-labeling/backend/storage/audio/product_1/record_15_1_1778825382.wav,-1,摩擦,0,1,0,1,0,摩擦,,1150,1,19.1667,1.6939,13.1174,1,0,0,0,0,异常,摩擦,1,外圈,,,4800,5333.33,4.29124,631.146,39.9973,144.838,0,3.93181,0.6582,,,0,0,0,0,0,0,[]
17684,/home/dayin/git/audio-labeling/backend/storage/audio/product_1/record_15_1_1778895359.wav,-1,摩擦,0,1,0,1,0,摩擦,,1150,1,19.1667,1.16368,2.57995,0,0,0,0,0,正常,正常,0,外圈,,,2666.67,4000,5.53201,7.30119,14.3269,22.2752,0,3.85,0.7247,,,0,0,0,0,0,0,[]
17685,/home/dayin/git/audio-labeling/backend/storage/audio/product_1/record_17_1_1778900544.wav,-1,摩擦,0,1,0,1,0,摩擦,,1150,1,19.1667,1.39141,1.88979,0,0,0,0,0,正常,正常,0,外圈,,,666.667,1333.33,152.825,5.27016,11.9071,18.4928,0,3.85,0.7003,,,0,0,0,0,0,0,[]
17712,/home/dayin/git/audio-labeling/backend/storage/audio/product_1/record_15_1_1778986043.wav,1,15,1,0,0,0,0,正常,,1150,1,19.1667,1.57527,0.129488,0,0,0,0,0,正常,正常,0,外圈,,,333.333,666.667,4.26605,3.33264,5.55327,8.34982,0,3.8,0.6523,,,0,0,0,0,0,0,[]
17717,/home/dayin/git/audio-labeling/backend/storage/audio/product_1/record_15_1_1779073608.wav,-1,故障,0,1,0,0,0,其他异常,,1150,1,19.1667,4.3654,1.73893,0,0.186791,0.0296909,0,0.186791,异常,轴承,1,外圈,,,1000,2000,13.3383,12.6991,10.7844,18.9885,0,3.8,0.6569,,31.32;46.05,2,2,0,0,2,1,"[{""f0"": 31.316, ""score"": 0.6003, ""hits"": 5, ""cep_hits"": 3, ""interference"": false, ""guard"": """", ""band"": """", ""cls"": null, ""fr_hyp"": null}, {""f0"": 46.053, ""score"": 0.3693, ""hits"": 4, ""cep_hits"": 1, ""interference"": false, ""guard"": """", ""band"": """", ""cls"": ""outer"", ""fr_hyp"": 18.333333333333332}]"
17720,/home/dayin/git/audio-labeling/backend/storage/audio/product_1/record_15_1_1779083031.wav,-1,摩擦,0,1,0,1,0,摩擦,,1150,1,19.1667,1.83984,8.03283,0,0,0,0,0,异常,轴承-未定位,0,外圈,,,2666.67,4000,66.8736,84.0457,21.6705,55.5311,0,3.89906,0.8802,,29.49,1,1,0,1,1,0,"[{""f0"": 29.494, ""score"": 0.6687, ""hits"": 5, ""cep_hits"": 3, ""interference"": false, ""guard"": """", ""band"": """", ""cls"": null, ""fr_hyp"": null}]"
17733,/home/dayin/git/audio-labeling/backend/storage/audio/product_1/record_17_1_1779092774.wav,-1,摩擦,0,1,0,1,0,摩擦,,1150,1,19.1667,2.50106,2.42832,0,0.156859,0.12453,0.237194,0.237194,异常,轴承,0,滚珠,,,4000,6000,40.4402,11.2968,14.1852,22.159,0,3.85,0.725,,66.75;100.26,2,2,0,0,2,2,"[{""f0"": 66.753, ""score"": 0.3719, ""hits"": 5, ""cep_hits"": 1, ""interference"": false, ""guard"": """", ""band"": ""滚珠(2×BSF主峰带)"", ""cls"": ""ball"", ""fr_hyp"": 18.979033595732623}, {""f0"": 100.26, ""score"": 0.3886, ""hits"": 4, ""cep_hits"": 1, ""interference"": false, ""guard"": """", ""band"": """", ""cls"": ""ball"", ""fr_hyp"": 19.003649722315938}]"
17748,/home/dayin/git/audio-labeling/backend/storage/audio/product_1/record_15_1_1779164321.wav,-1,轴承,0,1,1,0,0,轴承,,1150,1,19.1667,1.55271,0.918618,0,0,0,0,0,正常,正常,0,外圈,,,333.333,666.667,16.488,7.51543,7.37259,13.1252,0,3.85,0.6926,,,0,0,0,0,0,0,[]
17757,/home/dayin/git/audio-labeling/backend/storage/audio/product_1/record_17_1_1779266128.wav,1,17,1,0,0,0,0,正常,,1150,1,19.1667,1.70645,0.356165,0,0,0,0,0,正常,正常,0,外圈,,,2333.33,2666.67,2.1706,3.03653,4.73291,7.0135,0,3.8,0.6582,,,0,0,0,0,0,0,[]
17824,/home/dayin/git/audio-labeling/backend/storage/audio/product_1/record_15_1_1778839979.wav,-1,摩擦,0,1,0,1,0,摩擦,,1150,1,19.1667,1.67332,13.523,1,0,0,0,0,异常,摩擦,1,外圈,,,1500,2000,373.707,320.547,33.9849,109.699,0,3.92606,0.7475,,,0,0,0,0,0,0,[]
17829,/home/dayin/git/audio-labeling/backend/storage/audio/product_1/record_17_1_1778844771.wav,-1,摩擦,0,1,0,1,0,摩擦,,1150,1,19.1667,1.09346,14.0725,1,0,0,0,0,异常,摩擦,1,外圈,,,666.667,2000,956.819,879.181,50.3591,146.041,0,3.8,0.6916,,,0,0,0,0,0,0,[]
17835,/home/dayin/git/audio-labeling/backend/storage/audio/product_1/record_17_1_1778891843.wav,-1,摩擦,0,1,0,1,0,摩擦,,1150,1,19.1667,1.02234,1.20907,0,0,0,0,0,异常,轴承-未定位,0,外圈,,,1333.33,4000,5.37811,6.75898,9.62232,15.4124,0,3.85,0.6944,,37.14,1,1,0,1,1,0,"[{""f0"": 37.143, ""score"": 0.4167, ""hits"": 5, ""cep_hits"": 1, ""interference"": false, ""guard"": """", ""band"": """", ""cls"": null, ""fr_hyp"": null}]"
17842,/home/dayin/git/audio-labeling/backend/storage/audio/product_1/record_15_1_1778899216.wav,-1,摩擦,0,1,0,1,0,摩擦,,1150,1,19.1667,1.99224,14.655,1,0,0,0,0,异常,摩擦,1,外圈,,,1000,1500,306.811,237.256,38.8113,108.731,0,3.868,0.639,,,0,0,0,0,0,0,[]
17845,/home/dayin/git/audio-labeling/backend/storage/audio/product_1/record_17_1_1778908268.wav,-1,摩擦,0,1,0,1,0,摩擦,,1150,1,19.1667,1.5399,12.7761,1,0,0,0,0,异常,摩擦,1,外圈,,,6666.67,7984,714.731,424.388,38.2172,123.485,0,3.8,0.6695,,,0,0,0,0,0,0,[]
17865,/home/dayin/git/audio-labeling/backend/storage/audio/product_1/record_17_1_1778927161.wav,-1,摩擦,0,1,0,1,0,摩擦,,1150,1,19.1667,1.22035,7.62522,0,0,0,0,0,正常,正常,0,外圈,,,666.667,1333.33,539.731,67.1946,35.0598,56.3673,0,3.88131,0.7626,,,0,0,0,0,0,0,[]
17872,/home/dayin/git/audio-labeling/backend/storage/audio/product_1/record_15_1_1778985956.wav,1,15,1,0,0,0,0,正常,,1150,1,19.1667,1.42356,0.166841,0,0,0,0,0,正常,正常,0,外圈,,,333.333,666.667,5.98294,3.12472,5.43867,8.10223,0,3.8,0.7083,,,0,0,0,0,0,0,[]
17888,/home/dayin/git/audio-labeling/backend/storage/audio/product_1/record_15_1_1779092622.wav,-1,摩擦,0,1,0,1,0,摩擦,,1150,1,19.1667,2.13252,1.64534,0,0,0,0,0,正常,正常,0,外圈,,,3333.33,4666.67,11.8863,9.0651,11.1517,18.0664,0,3.8,0.6813,,,1,0,0,0,0,0,[]
17899,/home/dayin/git/audio-labeling/backend/storage/audio/product_1/record_17_1_1779105591.wav,-1,摩擦,0,1,0,1,0,摩擦,,1150,1,19.1667,1.5636,7.75918,0,0,0,0,0,正常,正常,0,外圈,,,3333.33,4000,74.1175,94.3523,37.0615,59.459,0,3.85,0.7364,,,0,0,0,0,0,0,[]
17917,/home/dayin/git/audio-labeling/backend/storage/audio/product_1/record_17_1_1779326261.wav,-1,摩擦,0,1,0,1,0,摩擦,,1150,1,19.1667,1.59607,4.22971,0,0,0,0,0,正常,正常,0,外圈,,,666.667,1333.33,258.676,14.6122,20.3771,31.4996,0,3.85,0.7,,,0,0,0,0,0,0,[]
17931,/home/dayin/git/audio-labeling/backend/storage/audio/product_1/record_17_1_1778670270.wav,-1,17摩擦,0,1,0,1,0,摩擦,,1150,1,19.1667,2.94104,2.8614,0,0,0,0,0,正常,正常,0,外圈,,,166.667,500,19.4932,8.91078,15.4151,23.8976,0,3.82256,0.6746,,,0,0,0,0,0,0,[]
17939,/home/dayin/git/audio-labeling/backend/storage/audio/product_1/record_17_1_1778726195.wav,-1,轴承,0,1,1,0,0,轴承,,1150,1,19.1667,3.16577,1.8844,0,0.131545,0.0988704,0.503116,0.503116,异常,轴承,0,滚珠,,,3333.33,4666.67,15.6822,14.6162,9.72837,18.8894,0,3.81862,0.6268,,31.69,1,1,0,0,1,1,"[{""f0"": 31.687, ""score"": 0.5015, ""hits"": 5, ""cep_hits"": 3, ""interference"": false, ""guard"": """", ""band"": """", ""cls"": ""ball"", ""fr_hyp"": 18.333333333333332}]"
17943,/home/dayin/git/audio-labeling/backend/storage/audio/product_1/record_15_1_1778729385.wav,-1,摩擦,0,1,0,1,0,摩擦,,1150,1,19.1667,2.28337,15.4133,1,0,0,0,0,异常,摩擦,1,外圈,,,4650,5166.67,4.88286,410.322,28.3525,115.979,0,3.89494,0.68,,,0,0,0,0,0,0,[]
17956,/home/dayin/git/audio-labeling/backend/storage/audio/product_1/record_15_1_1778753723.wav,-1,故障,0,1,0,0,0,其他异常,,1150,1,19.1667,1.91322,1.33364,0,0,0.126293,0.316154,0.316154,异常,轴承,0,滚珠,,,1000,2000,7.33411,8.58641,6.07839,12.6724,0,3.8,0.6853,,70.53;74.21,2,2,0,0,2,1,"[{""f0"": 70.526, ""score"": 0.9158, ""hits"": 5, ""cep_hits"": 1, ""interference"": false, ""guard"": """", ""band"": """", ""cls"": ""ball"", ""fr_hyp"": 20.0}, {""f0"": 74.211, ""score"": 0.9853, ""hits"": 5, ""cep_hits"": 1, ""interference"": false, ""guard"": """", ""band"": """", ""cls"": null, ""fr_hyp"": null}]"
17994,/home/dayin/git/audio-labeling/backend/storage/audio/product_1/record_17_1_1778847896.wav,-1,轴承,0,1,1,0,0,轴承,,1150,1,19.1667,2.54629,3.21988,0,0,0,0,0,异常,轴承-未定位,0,外圈,,,500,1000,58.6759,17.4989,8.69232,21.394,0,3.85,0.7741,,36.88,1,1,0,1,1,0,"[{""f0"": 36.883, ""score"": 0.3738, ""hits"": 3, ""cep_hits"": 1, ""interference"": false, ""guard"": """", ""band"": """", ""cls"": null, ""fr_hyp"": null}]"
17997,/home/dayin/git/audio-labeling/backend/storage/audio/product_1/record_15_1_1778890997.wav,-1,轴承,0,1,1,0,0,轴承,,1150,1,19.1667,2.43792,1.65992,0,0,0,0,0,正常,正常,0,外圈,,,5333.33,6000,13.7695,12.2365,8.62323,16.9079,0,3.85,0.7963,,16.75!,1,1,1,0,0,0,"[{""f0"": 16.753, ""score"": 0.5897, ""hits"": 5, ""cep_hits"": 2, ""interference"": true, ""guard"": ""低频梳(f0<20Hz,疑轴频族)"", ""band"": """", ""cls"": null, ""fr_hyp"": null}]"
17999,/home/dayin/git/audio-labeling/backend/storage/audio/product_1/record_17_1_1778896001.wav,-1,摩擦,0,1,0,1,0,摩擦,,1150,1,19.1667,1.65312,4.2098,0,0,0,0,0,正常,正常,0,外圈,,,2666.67,3333.33,37.3703,15.4952,20.0934,31.9446,0,3.85,0.7328,,,0,0,0,0,0,0,[]
18021,/home/dayin/git/audio-labeling/backend/storage/audio/product_1/record_17_1_1778984470.wav,-1,摩擦,0,1,0,1,0,摩擦,,1150,1,19.1667,3.0173,5.46026,0,0,0,0,0,异常,轴承-未定位,0,外圈,,,3333.33,4666.67,121.492,37.2196,25.6653,41.9041,0,3.85,0.751,,76.10,1,1,0,1,1,0,"[{""f0"": 76.104, ""score"": 0.3991, ""hits"": 5, ""cep_hits"": 2, ""interference"": false, ""guard"": """", ""band"": """", ""cls"": null, ""fr_hyp"": null}]"
18027,/home/dayin/git/audio-labeling/backend/storage/audio/product_1/record_15_1_1779067537.wav,-1,轴承,0,1,1,0,0,轴承,,1150,1,19.1667,1.62136,2.47287,0,0.306169,0.022266,0,0.306169,异常,轴承-未定位,0,外圈,,,2666.67,5333.33,18.952,24.034,11.1733,23.0582,0,3.8,0.6925,,31.32,1,1,0,1,1,0,"[{""f0"": 31.316, ""score"": 0.8465, ""hits"": 5, ""cep_hits"": 1, ""interference"": false, ""guard"": """", ""band"": """", ""cls"": null, ""fr_hyp"": null}]"
18045,/home/dayin/git/audio-labeling/backend/storage/audio/product_1/record_17_1_1779091187.wav,-1,摩擦,0,1,0,1,0,摩擦,,1150,1,19.1667,2.48358,16.1289,1,0,0,0,0,异常,摩擦,1,外圈,,,3333.33,4666.67,946.935,766.163,46.9997,117.215,0,3.92,0.7245,,,0,0,0,0,0,0,[]
18056,/home/dayin/git/audio-labeling/backend/storage/audio/product_1/record_17_1_1779104433.wav,-1,轴承,0,1,1,0,0,轴承,,1150,1,19.1667,2.34833,1.98174,0,0.103688,0.0877119,0.510686,0.510686,异常,轴承,0,滚珠,,,1333.33,2666.67,8.50486,11.839,11.7887,20.224,0,3.8,0.7062,,33.95,1,1,0,0,1,1,"[{""f0"": 33.947, ""score"": 0.5107, ""hits"": 5, ""cep_hits"": 1, ""interference"": false, ""guard"": """", ""band"": ""滚珠(BSF基频带)"", ""cls"": ""ball"", ""fr_hyp"": 19.303577790949436}]"
18065,/home/dayin/git/audio-labeling/backend/storage/audio/product_1/record_17_1_1779164028.wav,-1,轴承,0,1,1,0,0,轴承,,1150,1,19.1667,2.54153,5.88534,0,0,0,0,0,异常,轴承-未定位,0,外圈,,,4000,7984,15.6973,17.9899,8.81005,27.8573,0,3.8,0.6853,,21.32,2,1,0,1,1,0,"[{""f0"": 21.316, ""score"": 1.0, ""hits"": 5, ""cep_hits"": 3, ""interference"": false, ""guard"": """", ""band"": """", ""cls"": null, ""fr_hyp"": null}]"
18111,/home/dayin/git/audio-labeling/backend/storage/audio/product_1/record_17_1_1778741079.wav,-1,故障,0,1,0,0,0,其他异常,,1150,1,19.1667,1.9583,0.354456,0,0,0,0,0,正常,正常,0,外圈,,,4650,5166.67,5.03765,3.7957,6.83263,10.433,0,3.85,0.7251,,,0,0,0,0,0,0,[]
18133,/home/dayin/git/audio-labeling/backend/storage/audio/product_1/record_15_1_1778815670.wav,-1,轴承,0,1,1,0,0,轴承,,1150,1,19.1667,2.03638,2.50643,0,0,0,0,0,异常,轴承-未定位,0,外圈,,,2666.67,5333.33,20.8752,23.2494,11.2123,23.0843,0,3.8,0.6914,,28.42,1,1,0,1,1,0,"[{""f0"": 28.421, ""score"": 0.6521, ""hits"": 5, ""cep_hits"": 1, ""interference"": false, ""guard"": """", ""band"": """", ""cls"": null, ""fr_hyp"": null}]"
18187,/home/dayin/git/audio-labeling/backend/storage/audio/product_1/record_17_1_1778984967.wav,-1,轴承,0,1,1,0,0,轴承,,1150,1,19.1667,2.36437,1.42062,0,0,0.199589,0.903742,0.903742,异常,轴承,0,滚珠,,,3333.33,4666.67,9.96791,12.1638,9.0968,16.7096,0,3.85,0.7386,,35.32,1,1,0,0,1,1,"[{""f0"": 35.325, ""score"": 0.9272, ""hits"": 5, ""cep_hits"": 2, ""interference"": false, ""guard"": """", ""band"": """", ""cls"": ""ball"", ""fr_hyp"": 20.0}]"
18211,/home/dayin/git/audio-labeling/backend/storage/audio/product_1/record_15_1_1779151745.wav,1,15,1,0,0,0,0,正常,,1150,1,19.1667,1.92825,0.459189,0,0,0,0,0,正常,正常,0,外圈,,,4200,4666.67,2.15592,3.00838,4.2804,6.34556,0,3.8,0.6937,,,0,0,0,0,0,0,[]
18261,/home/dayin/git/audio-labeling/backend/storage/audio/product_1/record_17_1_1778719105.wav,-1,轴承,0,1,1,0,0,轴承,,1150,1,19.1667,1.79302,1.48003,0,0,0,0.144166,0.144166,异常,轴承-未定位,0,滚珠,,,1000,2000,6.33543,7.76355,9.13397,16.301,0,3.8,0.7249,,90.26,2,1,0,1,1,0,"[{""f0"": 90.263, ""score"": 0.7504, ""hits"": 5, ""cep_hits"": 2, ""interference"": false, ""guard"": """", ""band"": """", ""cls"": null, ""fr_hyp"": null}]"
18270,/home/dayin/git/audio-labeling/backend/storage/audio/product_1/record_17_1_1778729386.wav,-1,摩擦,0,1,0,1,0,摩擦,,1150,1,19.1667,1.42021,1.9432,0,0,0,0,0,正常,正常,0,外圈,,,4000,5000,30.6988,7.15094,12.2658,19.0655,0,3.87631,0.7795,,,1,0,0,0,0,0,[]
18297,/home/dayin/git/audio-labeling/backend/storage/audio/product_1/record_17_1_1778815317.wav,-1,摩擦,0,1,0,1,0,摩擦,,1150,1,19.1667,1.45991,4.921,0,0,0,0,0,正常,正常,0,外圈,,,3333.33,4666.67,59.3072,42.5262,23.7198,40.7049,0,3.8,0.6421,,,0,0,0,0,0,0,[]
18334,/home/dayin/git/audio-labeling/backend/storage/audio/product_1/record_17_1_1778918378.wav,-1,摩擦,0,1,0,1,0,摩擦,,1150,1,19.1667,1.08137,5.20924,0,0,0,0,0,正常,正常,0,外圈,,,1000,1666.67,287.621,60.5656,26.2708,44.705,0,3.8,0.6456,,,0,0,0,0,0,0,[]
18374,/home/dayin/git/audio-labeling/backend/storage/audio/product_1/record_15_1_1779151920.wav,-1,15摩擦,0,1,0,1,0,摩擦,,1150,1,19.1667,1.90477,1.09271,0,0.215783,0.203107,0.681078,0.681078,异常,轴承,0,滚珠,,,3333.33,4666.67,19.1571,4.62768,9.38354,14.3055,0,3.8,0.656,,31.84,1,1,0,0,1,1,"[{""f0"": 31.842, ""score"": 0.6628, ""hits"": 5, ""cep_hits"": 3, ""interference"": false, ""guard"": """", ""band"": """", ""cls"": ""ball"", ""fr_hyp"": 18.333333333333332}]"
18416,/home/dayin/git/audio-labeling/backend/storage/audio/product_1/record_15_1_1778723551.wav,-1,摩擦,0,1,0,1,0,摩擦,,1150,1,19.1667,2.1854,2.17483,0,0.0287735,0.0761613,0.366671,0.366671,异常,轴承,0,滚珠,,,2666.67,4000,14.9629,14.8859,12.5225,21.7755,0,3.85,0.6945,,32.99,1,1,0,0,1,1,"[{""f0"": 32.987, ""score"": 0.3667, ""hits"": 5, ""cep_hits"": 3, ""interference"": false, ""guard"": """", ""band"": ""滚珠(BSF基频带)"", ""cls"": ""ball"", ""fr_hyp"": 18.75748845648283}]"
18432,/home/dayin/git/audio-labeling/backend/storage/audio/product_1/record_17_1_1778742930.wav,-1,摩擦,0,1,0,1,0,摩擦,,1150,1,19.1667,3.10427,2.16997,0,0,0,0,0,正常,正常,0,外圈,,,2666.67,3333.33,11.3615,10.9541,12.8974,21.0841,0,3.8,0.6501,,,0,0,0,0,0,0,[]
18456,/home/dayin/git/audio-labeling/backend/storage/audio/product_1/record_15_1_1778826471.wav,-1,摩擦,0,1,0,1,0,摩擦,,1150,1,19.1667,1.78806,4.48684,0,0,0,0,0,正常,正常,0,外圈,,,1333.33,2666.67,16.0864,14.5158,21.2689,32.6337,0,3.8,0.6598,,,0,0,0,0,0,0,[]
18465,/home/dayin/git/audio-labeling/backend/storage/audio/product_1/record_15_1_1778833185.wav,-1,摩擦,0,1,0,1,0,摩擦,,1150,1,19.1667,1.51427,1.04473,0,0,0,0,0,正常,正常,0,外圈,,,2000,3000,8.56307,7.5015,9.05237,14.7076,0,3.85,0.6875,,,2,0,0,0,0,0,[]
18498,/home/dayin/git/audio-labeling/backend/storage/audio/product_1/record_15_1_1778924757.wav,-1,摩擦,0,1,0,1,0,摩擦,,1150,1,19.1667,1.39949,0.685287,0,0,0,0,0,正常,正常,0,外圈,,,4800,5333.33,4.43073,4.71771,7.89636,12.3405,0,3.8,0.6588,,,0,0,0,0,0,0,[]
18510,/home/dayin/git/audio-labeling/backend/storage/audio/product_1/record_15_1_1778986853.wav,1,15,1,0,0,0,0,正常,,1150,1,19.1667,1.70835,0.222245,0,0,0,0,0,正常,正常,0,外圈,,,1,333.333,3.05004,3.413,5.15283,7.77013,0,3.8,0.6435,,,0,0,0,0,0,0,[]
18523,/home/dayin/git/audio-labeling/backend/storage/audio/product_1/record_15_1_1779087540.wav,-1,摩擦,0,1,0,1,0,摩擦,,1150,1,19.1667,1.91943,2.85762,0,0,0,0,0,正常,正常,0,外圈,,,2666.67,4000,18.8239,16.8594,14.993,25.6943,0,3.8,0.6566,,,2,0,0,0,0,0,[]
18524,/home/dayin/git/audio-labeling/backend/storage/audio/product_1/record_15_1_1779088785.wav,-1,摩擦,0,1,0,1,0,摩擦,,1150,1,19.1667,2.01785,3.42611,0,0,0,0,0,正常,正常,0,外圈,,,1333.33,4000,13.9869,16.2115,17.5287,28.2397,0,3.85,0.6919,,,0,0,0,0,0,0,[]
18538,/home/dayin/git/audio-labeling/backend/storage/audio/product_1/record_17_1_1779106448.wav,-1,摩擦,0,1,0,1,0,摩擦,,1150,1,19.1667,1.4175,5.6888,0,0,0,0,0,正常,正常,0,外圈,,,2833.33,3166.67,177.465,42.8214,27.0963,43.1689,0,3.85,0.6947,,,0,0,0,0,0,0,[]
18581,/home/dayin/git/audio-labeling/backend/storage/audio/product_1/record_15_1_1778721778.wav,-1,摩擦,0,1,0,1,0,摩擦,,1150,1,19.1667,1.88888,13.3099,1,0,0,0,0,异常,摩擦,1,外圈,,,166.667,500,7.52274,506.869,36.7143,130.685,0,3.92787,0.6523,,,0,0,0,0,0,0,[]
18622,/home/dayin/git/audio-labeling/backend/storage/audio/product_1/record_17_1_1778830782.wav,-1,轴承,0,1,1,0,0,轴承,,1137.66,0,18.961,26.5102,0.778079,0,0,0,0,0,正常,正常,0,外圈,,,3333.33,4666.67,13.0788,10.0006,7.09051,12.7867,0,3.85,0.6977,,18.96!,1,1,1,0,0,0,"[{""f0"": 18.961, ""score"": 0.7577, ""hits"": 5, ""cep_hits"": 2, ""interference"": true, ""guard"": ""低频梳(f0<20Hz,疑轴频族)"", ""band"": """", ""cls"": null, ""fr_hyp"": null}]"
18644,/home/dayin/git/audio-labeling/backend/storage/audio/product_1/record_17_1_1778901858.wav,-1,轴承,0,1,1,0,0,轴承,,1090.91,0,18.1818,9.04351,0.462136,0,0,0,0,0,正常,正常,0,外圈,,,333.333,666.667,5.49187,5.91345,6.44213,10.7797,0,3.85,0.6881,,,0,0,0,0,0,0,[]
18645,/home/dayin/git/audio-labeling/backend/storage/audio/product_1/record_17_1_1778902826.wav,-1,摩擦,0,1,0,1,0,摩擦,,1150,1,19.1667,2.17294,7.95977,0,0,0,0,0,正常,正常,0,外圈,,,666.667,2000,122.948,133.414,36.6094,72.7122,0,3.8,0.646,,,0,0,0,0,0,0,[]
18684,/home/dayin/git/audio-labeling/backend/storage/audio/product_1/record_17_1_1779103538.wav,-1,摩擦,0,1,0,1,0,摩擦,,1150,1,19.1667,3.47366,2.0403,0,0,0,0,0,正常,正常,0,外圈,,,3333.33,4666.67,10.0219,12.1601,12.6838,20.6237,0,3.85,0.6885,,,1,0,0,0,0,0,[]
18690,/home/dayin/git/audio-labeling/backend/storage/audio/product_1/record_15_1_1779151103.wav,-1,摩擦,0,1,0,1,0,摩擦,,1150,1,19.1667,1.83199,5.38358,0,0,0,0,0,正常,正常,0,外圈,,,1333.33,2000,35.0919,40.4029,24.2574,42.9085,0,3.85,0.6908,,,0,0,0,0,0,0,[]
18729,/home/dayin/git/audio-labeling/backend/storage/audio/product_1/record_15_1_1778730376.wav,-1,轴承,0,1,1,0,0,轴承,,1150,1,19.1667,1.65142,8.67335,0,0,0,0,0,正常,正常,0,外圈,,,333.333,666.667,3.94851,635.571,42.807,123.395,0,3.92681,0.784,,,0,0,0,0,0,0,[]
18731,/home/dayin/git/audio-labeling/backend/storage/audio/product_1/record_17_1_1778739000.wav,-1,轴承,0,1,1,0,0,轴承,,1184.42,0,19.7403,7.35868,3.23346,0,0,0,0,0,正常,正常,0,外圈,,,666.667,1333.33,258.522,19.1981,14.3677,27.2222,0,3.85,0.6819,,,0,0,0,0,0,0,[]
18819,/home/dayin/git/audio-labeling/backend/storage/audio/product_1/record_15_1_1778985899.wav,1,15,1,0,0,0,0,正常,,1150,1,19.1667,2.91454,0.881009,0,0,0.0844049,0.471795,0.471795,异常,轴承,0,滚珠,,,1333.33,2666.67,4.21744,4.64113,7.55241,11.7135,0,4.19813,0.6759,,34.78,1,1,0,0,1,1,"[{""f0"": 34.777, ""score"": 0.4718, ""hits"": 5, ""cep_hits"": 1, ""interference"": false, ""guard"": """", ""band"": ""滚珠(BSF基频带)"", ""cls"": ""ball"", ""fr_hyp"": 19.775578029447434}]"
18820,/home/dayin/git/audio-labeling/backend/storage/audio/product_1/record_17_1_1778986342.wav,-1,摩擦,0,1,0,1,0,摩擦,,1150,1,19.1667,2.95041,3.77053,0,0,0,0,0,正常,正常,0,外圈,,,5333.33,6666.67,29.9739,8.03526,18.4023,28.1215,0,3.85,0.6761,,,0,0,0,0,0,0,[]
18854,/home/dayin/git/audio-labeling/backend/storage/audio/product_1/record_17_1_1779153238.wav,-1,轴承,0,1,1,0,0,轴承,,1150,1,19.1667,1.99072,3.3011,0,0,0.569974,0.0447471,0.569974,异常,轴承,0,内圈,,,3333.33,4666.67,18.2067,23.6825,12.1351,26.1413,0,3.85,0.6795,,20.26;88.83,2,2,0,0,2,1,"[{""f0"": 20.26, ""score"": 0.2243, ""hits"": 2, ""cep_hits"": 1, ""interference"": false, ""guard"": """", ""band"": """", ""cls"": null, ""fr_hyp"": null}, {""f0"": 88.831, ""score"": 0.5716, ""hits"": 4, ""cep_hits"": 1, ""interference"": false, ""guard"": """", ""band"": """", ""cls"": ""inner"", ""fr_hyp"": 20.0}]"
18870,/home/dayin/git/audio-labeling/backend/storage/audio/product_1/record_15_1_1779351686.wav,-1,轴承,0,1,1,0,0,轴承,,1150,1,19.1667,1.71325,2.47659,0,0,0,0,0,异常,轴承-未定位,0,外圈,,,1333.33,4000,17.9721,22.5691,11.8294,23.4652,0,3.8,0.642,,27.11,1,1,0,1,1,0,"[{""f0"": 27.105, ""score"": 0.7647, ""hits"": 5, ""cep_hits"": 2, ""interference"": false, ""guard"": """", ""band"": """", ""cls"": null, ""fr_hyp"": null}]"
18876,/home/dayin/git/audio-labeling/backend/storage/audio/product_1/record_17_1_1778498490.wav,-1,轴承,0,1,1,0,0,轴承,,1150,1,19.1667,1.19656,0.51164,0,0,0,0,0,正常,正常,0,外圈,,,4000,5000,8.33432,4.74002,7.30273,11.4395,0,3.85,0.6687,,,1,0,0,0,0,0,[]
18906,/home/dayin/git/audio-labeling/backend/storage/audio/product_1/record_15_1_1778748679.wav,-1,摩擦,0,1,0,1,0,摩擦,,1150,1,19.1667,1.52261,7.60035,0,0,0,0,0,正常,正常,0,外圈,,,2166.67,2500,16.7277,104.063,36.9013,63.3327,0,3.85,0.6688,,,0,0,0,0,0,0,[]
18925,/home/dayin/git/audio-labeling/backend/storage/audio/product_1/record_15_1_1778831324.wav,-1,摩擦,0,1,0,1,0,摩擦,,1150,1,19.1667,1.94652,2.25478,0,0.166642,0.0557638,0,0.166642,异常,轴承,1,外圈,,,4000,5000,42.5502,9.69339,13.1255,21.2663,0,3.85319,0.7837,,61.77;92.65,2,2,0,0,2,1,"[{""f0"": 61.767, ""score"": 0.4655, ""hits"": 5, ""cep_hits"": 1, ""interference"": false, ""guard"": """", ""band"": """", ""cls"": null, ""fr_hyp"": null}, {""f0"": 92.651, ""score"": 0.3899, ""hits"": 3, ""cep_hits"": 1, ""interference"": false, ""guard"": """", ""band"": """", ""cls"": ""outer"", ""fr_hyp"": 18.333333333333332}]"
18953,/home/dayin/git/audio-labeling/backend/storage/audio/product_1/record_17_1_1778903062.wav,-1,摩擦,0,1,0,1,0,摩擦,,1150,1,19.1667,1.82861,6.87951,0,0,0,0,0,正常,正常,0,外圈,,,3333.33,4666.67,93.8976,63.5907,31.1577,54.438,0,3.85,0.6729,,,0,0,0,0,0,0,[]
18960,/home/dayin/git/audio-labeling/backend/storage/audio/product_1/record_17_1_1778915712.wav,-1,摩擦,0,1,0,1,0,摩擦,,1150,1,19.1667,1.93001,3.67142,0,0,0,0,0,正常,正常,0,外圈,,,2666.67,5333.33,9.23911,7.4626,18.0398,27.5291,0,3.8,0.6394,,,0,0,0,0,0,0,[]
18983,/home/dayin/git/audio-labeling/backend/storage/audio/product_1/record_15_1_1779073057.wav,-1,摩擦,0,1,0,1,0,摩擦,,1150,1,19.1667,1.94532,7.80948,0,0,0,0,0,正常,正常,0,外圈,,,3000,4000,575.303,139.255,38.7152,62.8431,0,3.87438,0.6214,,,0,0,0,0,0,0,[]
18987,/home/dayin/git/audio-labeling/backend/storage/audio/product_1/record_17_1_1779086027.wav,-1,摩擦,0,1,0,1,0,摩擦,,1150,1,19.1667,1.39823,1.55774,0,0,0,0,0,正常,正常,0,外圈,,,5333.33,6666.67,9.88701,6.91717,10.9386,17.1467,0,3.8,0.6477,,,0,0,0,0,0,0,[]
18993,/home/dayin/git/audio-labeling/backend/storage/audio/product_1/record_17_1_1779097736.wav,-1,摩擦,0,1,0,1,0,摩擦,,1150,1,19.1667,1.3845,8.34042,0,0,0,0,0,正常,正常,0,外圈,,,666.667,1333.33,1217.77,121.494,40.3143,65.4054,0,3.85,0.6814,,,0,0,0,0,0,0,[]
19002,/home/dayin/git/audio-labeling/backend/storage/audio/product_1/record_17_1_1779163008.wav,-1,轴承,0,1,1,0,0,轴承,,1150,1,19.1667,2.17614,0.838862,0,0,0,0,0,正常,正常,0,外圈,,,1,333.333,21.8533,7.25839,7.64626,13.1343,0,3.85,0.6845,,,0,0,0,0,0,0,[]
19081,/home/dayin/git/audio-labeling/backend/storage/audio/product_1/record_15_1_1778844185.wav,-1,摩擦,0,1,0,1,0,摩擦,,1150,1,19.1667,4.52117,1.49356,0,0,0,0,0,正常,正常,0,外圈,,,666.667,2000,11.032,8.95979,9.33148,16.667,0,3.8,0.6334,,,0,0,0,0,0,0,[]
19103,/home/dayin/git/audio-labeling/backend/storage/audio/product_1/record_17_1_1778918147.wav,-1,摩擦,0,1,0,1,0,摩擦,,1150,1,19.1667,1.02425,8.77886,0,0,0,0,0,异常,轴承-未定位,0,外圈,,,3333.33,4666.67,85.0342,75.901,23.1002,57.919,0,3.85,0.6822,,36.88,1,1,0,1,1,0,"[{""f0"": 36.883, ""score"": 0.1778, ""hits"": 4, ""cep_hits"": 3, ""interference"": false, ""guard"": """", ""band"": """", ""cls"": null, ""fr_hyp"": null}]"
19123,/home/dayin/git/audio-labeling/backend/storage/audio/product_1/record_17_1_1779072028.wav,-1,摩擦,0,1,0,1,0,摩擦,,1150,1,19.1667,1.33883,0.710618,0,0,0,0,0,正常,正常,0,外圈,,,4000,5333.33,27.8831,5.38547,8.07077,12.5994,0,3.85,0.6738,,38.70!,1,1,1,0,0,0,"[{""f0"": 38.701, ""score"": 0.9752, ""hits"": 5, ""cep_hits"": 1, ""interference"": true, ""guard"": ""轴频谐波2×19.167Hz"", ""band"": """", ""cls"": null, ""fr_hyp"": null}]"
19148,/home/dayin/git/audio-labeling/backend/storage/audio/product_1/record_17_1_1779155020.wav,-1,摩擦,0,1,0,1,0,摩擦,,1150,1,19.1667,1.29659,9.41916,1,0,0,0,0,异常,摩擦,1,外圈,,,1000,1666.67,697.932,166.886,46.1232,76.9127,0,3.85,0.6813,,,0,0,0,0,0,0,[]
19158,/home/dayin/git/audio-labeling/backend/storage/audio/product_1/record_17_1_1779267290.wav,1,17,1,0,0,0,0,正常,,1150,1,19.1667,2.16636,0.404185,0,0,0,0,0,正常,正常,0,外圈,,,333.333,666.667,2.13604,3.01344,4.49673,6.6467,0,3.85,0.6686,,,0,0,0,0,0,0,[]
19163,/home/dayin/git/audio-labeling/backend/storage/audio/product_1/record_17_1_1779322263.wav,-1,摩擦,0,1,0,1,0,摩擦,,1150,1,19.1667,2.06481,3.53576,0,0,0,0,0,正常,正常,0,外圈,,,1000,1666.67,185.403,11.3376,17.8055,27.6344,0,3.8,0.6429,,,0,0,0,0,0,0,[]
19192,/home/dayin/git/audio-labeling/backend/storage/audio/product_1/record_15_1_1778723579.wav,-1,摩擦,0,1,0,1,0,摩擦,,1150,1,19.1667,1.85398,8.73775,0,0,0,0,0,正常,正常,0,外圈,,,4800,5333.33,6.29035,578.373,36.5094,120.166,0,3.94131,0.6405,,,0,0,0,0,0,0,[]
19197,/home/dayin/git/audio-labeling/backend/storage/audio/product_1/record_17_1_1778728640.wav,-1,轴承,0,1,1,0,0,轴承,,1150,1,19.1667,1.359,1.86437,0,0,0,0,0,正常,正常,0,外圈,,,3333.33,4666.67,10.125,12.4204,10.8915,19.4426,0,3.8,0.6494,,,3,0,0,0,0,0,[]
19210,/home/dayin/git/audio-labeling/backend/storage/audio/product_1/record_17_1_1778747350.wav,-1,摩擦,0,1,0,1,0,摩擦,,1150,1,19.1667,1.45903,7.592,0,0,0,0,0,正常,正常,0,外圈,,,2666.67,3333.33,196.847,197.639,41.5792,78.2463,0,3.8,0.6496,,,0,0,0,0,0,0,[]
19217,/home/dayin/git/audio-labeling/backend/storage/audio/product_1/record_15_1_1778805328.wav,-1,摩擦,0,1,0,1,0,摩擦,,1150,1,19.1667,2.42687,6.1875,0,0,0,0,0,正常,正常,0,外圈,,,2666.67,4000,51.739,51.2395,29.1237,47.5056,0,3.85,0.6793,,,0,0,0,0,0,0,[]
19258,/home/dayin/git/audio-labeling/backend/storage/audio/product_1/record_15_1_1778908998.wav,1,正常,1,0,0,0,0,正常,,1150,1,19.1667,1.30204,0.129367,0,0,0,0,0,正常,正常,0,外圈,,,1,333.333,3.27447,3.24939,5.64159,8.45713,0,3.85,0.6656,,,0,0,0,0,0,0,[]
19259,/home/dayin/git/audio-labeling/backend/storage/audio/product_1/record_17_1_1778910067.wav,1,正常,1,0,0,0,0,正常,,1150,1,19.1667,2.29225,0.2737,0,0,0,0,0,正常,正常,0,外圈,,,4650,5166.67,3.34814,3.10157,4.9805,7.41541,0,3.85712,0.6808,,,0,0,0,0,0,0,[]
19260,/home/dayin/git/audio-labeling/backend/storage/audio/product_1/record_17_1_1778910216.wav,1,正常,1,0,0,0,0,正常,,1150,1,19.1667,1.53452,0.36688,0,0,0,0,0,正常,正常,0,外圈,,,833.333,1166.67,3.02527,3.15739,4.63003,6.90106,0,3.85,0.6735,,,0,0,0,0,0,0,[]
19261,/home/dayin/git/audio-labeling/backend/storage/audio/product_1/record_17_1_1778912527.wav,1,正常,1,0,0,0,0,正常,,1150,1,19.1667,2.33179,0.286033,0,0,0,0,0,正常,正常,0,外圈,,,666.667,1000,3.05823,3.02412,4.91174,7.28909,0,3.85,0.6763,,,0,0,0,0,0,0,[]
19262,/home/dayin/git/audio-labeling/backend/storage/audio/product_1/record_15_1_1778912969.wav,1,正常,1,0,0,0,0,正常,,1150,1,19.1667,3.02307,0.297245,0,0,0,0,0,正常,正常,0,外圈,,,1,333.333,3.78422,3.00518,4.9092,7.2454,0,3.8,0.6444,,,0,0,0,0,0,0,[]
19263,/home/dayin/git/audio-labeling/backend/storage/audio/product_1/record_15_1_1778913456.wav,1,正常,1,0,0,0,0,正常,,1150,1,19.1667,2.13705,0.464328,0,0,0,0,0,正常,正常,0,外圈,,,1,333.333,3.68694,3.12116,4.38481,6.52514,0,3.85,0.6714,,,0,0,0,0,0,0,[]
19264,/home/dayin/git/audio-labeling/backend/storage/audio/product_1/record_17_1_1778916000.wav,1,正常,1,0,0,0,0,正常,,1150,1,19.1667,2.45472,0.484001,0,0,0,0,0,正常,正常,0,外圈,,,4500,5000,3.08363,3.03461,4.22006,6.24671,0,3.85,0.6688,,,0,0,0,0,0,0,[]
19265,/home/dayin/git/audio-labeling/backend/storage/audio/product_1/record_17_1_1778916938.wav,-1,摩擦,0,1,0,1,0,摩擦,,1150,1,19.1667,1.88032,2.09602,0,0,0,0,0,正常,正常,0,外圈,,,166.667,500,34.0261,4.77142,12.7555,19.1827,0,3.85,0.6794,,,0,0,0,0,0,0,[]
19266,/home/dayin/git/audio-labeling/backend/storage/audio/product_1/record_15_1_1778918763.wav,1,正常,1,0,0,0,0,正常,,1150,1,19.1667,1.18223,0.355019,0,0,0,0,0,正常,正常,0,外圈,,,333.333,666.667,2.91444,3.16904,4.73689,7.07547,0,3.85,0.6762,,,0,0,0,0,0,0,[]
19267,/home/dayin/git/audio-labeling/backend/storage/audio/product_1/record_17_1_1778918851.wav,1,正常,1,0,0,0,0,正常,,1150,1,19.1667,3.02365,0.502025,0,0,0,0,0,正常,正常,0,外圈,,,1,333.333,5.46847,2.99705,4.11871,6.11033,0,3.85,0.6776,,,0,0,0,0,0,0,[]
19268,/home/dayin/git/audio-labeling/backend/storage/audio/product_1/record_15_1_1778920953.wav,-1,摩擦,0,1,0,1,0,摩擦,,1150,1,19.1667,0.821737,1.01239,0,0,0,0,0,正常,正常,0,外圈,,,666.667,2000,12.9775,8.11251,8.31198,14.3039,0,3.84956,0.6099,,,0,0,0,0,0,0,[]
19269,/home/dayin/git/audio-labeling/backend/storage/audio/product_1/record_15_1_1778921354.wav,1,正常,1,0,0,0,0,正常,,1150,1,19.1667,2.03466,0.243158,0,0,0,0,0,正常,正常,0,外圈,,,4950,5500,3.2012,3.46746,5.11057,7.80322,0,3.8,0.6498,,,0,0,0,0,0,0,[]
19270,/home/dayin/git/audio-labeling/backend/storage/audio/product_1/record_15_1_1778925192.wav,-1,摩擦,0,1,0,1,0,摩擦,,1150,1,19.1667,1.72157,4.30641,0,0,0,0,0,正常,正常,0,外圈,,,666.667,1333.33,107.291,11.5583,20.2502,31.5946,0,3.82344,0.7107,,,0,0,0,0,0,0,[]
19271,/home/dayin/git/audio-labeling/backend/storage/audio/product_1/record_17_1_1778928333.wav,1,正常,1,0,0,0,0,正常,,1150,1,19.1667,2.97832,0.491766,0,0,0,0.272412,0.272412,异常,轴承,0,滚珠,,,1500,2000,2.40842,3.01697,4.1883,6.21224,0,3.8,0.6488,,33.95,1,1,0,0,1,1,"[{""f0"": 33.947, ""score"": 0.2724, ""hits"": 3, ""cep_hits"": 1, ""interference"": false, ""guard"": """", ""band"": ""滚珠(BSF基频带)"", ""cls"": ""ball"", ""fr_hyp"": 19.303577790949436}]"
19272,/home/dayin/git/audio-labeling/backend/storage/audio/product_1/record_15_1_1778977222.wav,-1,轴承,0,1,1,0,0,轴承,,1064.1,0,17.735,109.008,1.98674,0,0,0,0,0,正常,正常,0,外圈,,,4000,5000,9.11822,5.257,4.3819,11.4256,0,3.947,0.7437,,17.86!,1,1,1,0,0,0,"[{""f0"": 17.862, ""score"": 0.8379, ""hits"": 5, ""cep_hits"": 1, ""interference"": true, ""guard"": ""低频梳(f0<20Hz,疑轴频族)"", ""band"": """", ""cls"": null, ""fr_hyp"": null}]"
19273,/home/dayin/git/audio-labeling/backend/storage/audio/product_1/record_17_1_1778977685.wav,1,正常,1,0,0,0,0,正常,,1150,1,19.1667,1.96593,0.329403,0,0,0,0,0,正常,正常,0,外圈,,,5400,6000,3.9231,3.11091,4.82168,7.17354,0,3.8,0.6417,,,0,0,0,0,0,0,[]
19274,/home/dayin/git/audio-labeling/backend/storage/audio/product_1/record_17_1_1778982915.wav,1,17,1,0,0,0,0,正常,,1150,1,19.1667,1.30349,0.230311,0,0,0,0,0,正常,正常,0,外圈,,,5400,6000,4.31111,3.09285,5.15441,7.66111,0,3.85,0.671,,,0,0,0,0,0,0,[]
19275,/home/dayin/git/audio-labeling/backend/storage/audio/product_1/record_15_1_1778983252.wav,1,正常,1,0,0,0,0,正常,,1150,1,19.1667,2.52529,0.376408,0,0,0,0,0,正常,正常,0,外圈,,,333.333,666.667,4.03409,2.99827,4.66777,6.89797,0,3.8,0.638,,,0,0,0,0,0,0,[]
19276,/home/dayin/git/audio-labeling/backend/storage/audio/product_1/record_17_1_1778984894.wav,1,正常,1,0,0,0,0,正常,,1150,1,19.1667,1.3726,0.31625,0,0,0,0,0,正常,正常,0,外圈,,,5100,5666.67,4.89805,3.12649,4.82541,7.16723,0,3.85,0.6776,,,0,0,0,0,0,0,[]
19277,/home/dayin/git/audio-labeling/backend/storage/audio/product_1/record_15_1_1778985112.wav,1,正常,1,0,0,0,0,正常,,1150,1,19.1667,2.13119,0.1518,0,0,0,0,0,正常,正常,0,外圈,,,333.333,1000,2.68556,3.14048,5.55108,8.27143,0,3.85,0.6764,,,0,0,0,0,0,0,[]
19278,/home/dayin/git/audio-labeling/backend/storage/audio/product_1/record_17_1_1779070738.wav,1,正常,1,0,0,0,0,正常,,1150,1,19.1667,2.0044,0.346791,0,0,0,0,0,正常,正常,0,外圈,,,5100,5666.67,2.80365,3.1904,4.76449,7.12342,0,3.8,0.6443,,,0,0,0,0,0,0,[]
19279,/home/dayin/git/audio-labeling/backend/storage/audio/product_1/record_17_1_1779074655.wav,1,正常,1,0,0,0,0,正常,,1150,1,19.1667,1.98175,0.248149,0,0,0,0,0,正常,正常,0,外圈,,,333.333,666.667,8.69545,3.09763,5.09905,7.57778,0,3.85,0.6781,,,0,0,0,0,0,0,[]
19280,/home/dayin/git/audio-labeling/backend/storage/audio/product_1/record_17_1_1779075908.wav,1,正常,1,0,0,0,0,正常,,1150,1,19.1667,3.17523,0.331681,0,0,0,0,0,正常,正常,0,外圈,,,333.333,666.667,2.89745,3.11992,4.75007,7.05727,0,3.8,0.645,,,0,0,0,0,0,0,[]
19281,/home/dayin/git/audio-labeling/backend/storage/audio/product_1/record_15_1_1779084413.wav,1,正常,1,0,0,0,0,正常,,1121.05,0,18.6842,8.69769,0.132409,0,0,0,0,0,正常,正常,0,外圈,,,666.667,1333.33,6.19976,3.97225,5.88383,9.058,0,3.8,0.6418,,,0,0,0,0,0,0,[]
19282,/home/dayin/git/audio-labeling/backend/storage/audio/product_1/record_17_1_1779084463.wav,1,正常,1,0,0,0,0,正常,,1150,1,19.1667,3.22482,0.429757,0,0,0,0,0,正常,正常,0,外圈,,,4650,5166.67,2.92738,3.03857,4.48071,6.657,0,3.8,0.6397,,,0,0,0,0,0,0,[]
19283,/home/dayin/git/audio-labeling/backend/storage/audio/product_1/record_15_1_1779084869.wav,1,正常,1,0,0,0,0,正常,,1150,1,19.1667,1.97228,0.282778,0,0,0,0,0,正常,正常,0,外圈,,,166.667,500,5.52976,3.28071,6.67403,9.95836,0,3.8,0.6384,,,0,0,0,0,0,0,[]
19284,/home/dayin/git/audio-labeling/backend/storage/audio/product_1/record_17_1_1779087018.wav,1,正常,1,0,0,0,0,正常,,1150,1,19.1667,1.56365,0.338959,0,0,0,0,0,正常,正常,0,外圈,,,1,333.333,6.12725,3.16843,6.78558,10.1137,0,3.8,0.6431,,,0,0,0,0,0,0,[]
19285,/home/dayin/git/audio-labeling/backend/storage/audio/product_1/record_15_1_1779087201.wav,1,正常,1,0,0,0,0,正常,,1150,1,19.1667,2.67696,0.123182,0,0,0,0,0,正常,正常,0,外圈,,,333.333,666.667,4.42285,3.14367,5.8302,8.66146,0,3.85,0.677,,,0,0,0,0,0,0,[]
19286,/home/dayin/git/audio-labeling/backend/storage/audio/product_1/record_15_1_1779089166.wav,1,正常,1,0,0,0,0,正常,,1150,1,19.1667,2.6241,0.435087,0,0,0,0,0,正常,正常,0,外圈,,,333.333,666.667,2.59751,3.03072,4.37414,6.47792,0,3.85,0.6999,,,0,0,0,0,0,0,[]
19287,/home/dayin/git/audio-labeling/backend/storage/audio/product_1/record_17_1_1779089573.wav,1,正常,1,0,0,0,0,正常,,1150,1,19.1667,1.87226,0.40178,0,0,0,0,0,正常,正常,0,外圈,,,2833.33,3166.67,2.16508,3.02194,4.50721,6.69168,0,3.8,0.6407,,,0,0,0,0,0,0,[]
19288,/home/dayin/git/audio-labeling/backend/storage/audio/product_1/record_15_1_1779091063.wav,1,正常,1,0,0,0,0,正常,,1150,1,19.1667,2.08025,0.485372,0,0,0,0,0,正常,正常,0,外圈,,,166.667,500,5.28543,2.94184,4.18669,6.17423,0,3.897,0.7251,,,0,0,0,0,0,0,[]
19289,/home/dayin/git/audio-labeling/backend/storage/audio/product_1/record_17_1_1779091292.wav,1,正常,1,0,0,0,0,正常,,1150,1,19.1667,1.96207,0.367584,0,0,0,0,0,正常,正常,0,外圈,,,4650,5166.67,2.72719,3.0624,4.66124,6.92488,0,3.85,0.6733,,,0,0,0,0,0,0,[]
19290,/home/dayin/git/audio-labeling/backend/storage/audio/product_1/record_17_1_1779093115.wav,1,正常,1,0,0,0,0,正常,,1150,1,19.1667,3.1623,1.03113,0,0,0,0,0,正常,正常,0,外圈,,,166.667,500,42.3162,3.43163,9.28805,13.9203,0,3.8,0.6455,,,1,0,0,0,0,0,[]
19291,/home/dayin/git/audio-labeling/backend/storage/audio/product_1/record_17_1_1779094537.wav,1,正常,1,0,0,0,0,正常,,1150,1,19.1667,3.13673,1.16435,0,0,0,0,0,正常,正常,0,外圈,,,666.667,1333.33,53.1782,3.76681,10.0875,15.0462,0,3.8,0.6516,,,0,0,0,0,0,0,[]
19292,/home/dayin/git/audio-labeling/backend/storage/audio/product_1/record_15_1_1779098239.wav,1,正常,1,0,0,0,0,正常,,1150,1,19.1667,1.44277,0.426547,0,0,0,0,0,正常,正常,0,外圈,,,166.667,500,5.33425,3.01805,4.50269,6.66556,0,3.8,0.6497,,,0,0,0,0,0,0,[]
19293,/home/dayin/git/audio-labeling/backend/storage/audio/product_1/record_15_1_1779098685.wav,1,正常,1,0,0,0,0,正常,,1150,1,19.1667,1.84664,0.703935,0,0,0,0,0,正常,正常,0,外圈,,,333.333,666.667,14.7154,3.33109,8.17551,12.1793,0,3.85,0.6811,,,0,0,0,0,0,0,[]
19294,/home/dayin/git/audio-labeling/backend/storage/audio/product_1/record_17_1_1779098907.wav,1,正常,1,0,0,0,0,正常,,1150,1,19.1667,1.46973,0.373428,0,0,0,0,0,正常,正常,0,外圈,,,5550,6166.67,2.26809,3.04266,4.65737,6.90456,0,3.8,0.6411,,,0,0,0,0,0,0,[]
19295,/home/dayin/git/audio-labeling/backend/storage/audio/product_1/record_17_1_1779098989.wav,1,正常,1,0,0,0,0,正常,,1150,1,19.1667,2.15656,1.58246,0,0,0,0,0,正常,正常,0,外圈,,,1,333.333,8.61581,3.7601,10.0127,14.9352,0,3.8,0.6422,,,1,0,0,0,0,0,[]
19296,/home/dayin/git/audio-labeling/backend/storage/audio/product_1/record_17_1_1779099413.wav,1,正常,1,0,0,0,0,正常,,1150,1,19.1667,2.72712,0.545642,0,0,0,0,0,正常,正常,0,外圈,,,166.667,500,6.94805,2.97291,4.18149,6.17997,0,3.8,0.6361,,,0,0,0,0,0,0,[]
19297,/home/dayin/git/audio-labeling/backend/storage/audio/product_1/record_15_1_1779099844.wav,1,正常,1,0,0,0,0,正常,,1150,1,19.1667,1.988,0.159778,0,0,0,0,0,正常,正常,0,外圈,,,333.333,666.667,6.51991,3.00203,5.45122,8.0425,0,3.8,0.6463,,,0,0,0,0,0,0,[]
19298,/home/dayin/git/audio-labeling/backend/storage/audio/product_1/record_15_1_1779099923.wav,1,正常,1,0,0,0,0,正常,,1150,1,19.1667,1.6802,1.79169,0,0,0,0,0,正常,正常,0,外圈,,,166.667,500,56.68,3.77909,11.7642,17.5531,0,3.85,0.6693,,,0,0,0,0,0,0,[]
19299,/home/dayin/git/audio-labeling/backend/storage/audio/product_1/record_17_1_1779100305.wav,1,正常,1,0,0,0,0,正常,,1150,1,19.1667,2.59418,0.150371,0,0,0,0,0,正常,正常,0,外圈,,,1,333.333,3.36133,3.05459,5.48265,8.13349,0,3.863,0.6505,,,1,0,0,0,0,0,[]
19300,/home/dayin/git/audio-labeling/backend/storage/audio/product_1/record_17_1_1779100470.wav,1,正常,1,0,0,0,0,正常,,1150,1,19.1667,2.81586,0.454803,0,0,0,0,0,正常,正常,0,外圈,,,5550,6166.67,2.2255,3.03757,4.31944,6.39289,0,3.85,0.6894,,,0,0,0,0,0,0,[]
19301,/home/dayin/git/audio-labeling/backend/storage/audio/product_1/record_17_1_1779101444.wav,1,正常,1,0,0,0,0,正常,,1150,1,19.1667,2.08389,0.113756,0,0,0,0,0,正常,正常,0,外圈,,,1000,1333.33,10.2294,3.14463,5.82433,8.67529,0,3.85,0.68,,,0,0,0,0,0,0,[]
19302,/home/dayin/git/audio-labeling/backend/storage/audio/product_1/record_17_1_1779102051.wav,1,正常,1,0,0,0,0,正常,,1150,1,19.1667,1.93015,0.673884,0,0,0,0,0,正常,正常,0,外圈,,,5100,5666.67,4.21074,4.08954,7.97093,12.127,0,3.85,0.6772,,,0,0,0,0,0,0,[]
19303,/home/dayin/git/audio-labeling/backend/storage/audio/product_1/record_17_1_1779104372.wav,1,正常,1,0,0,0,0,正常,,1150,1,19.1667,4.32091,0.155246,0,0,0,0,0,正常,正常,0,外圈,,,6150,6833.33,5.31219,3.29348,6.21261,9.30874,0,3.8,0.6277,,,0,0,0,0,0,0,[]
19304,/home/dayin/git/audio-labeling/backend/storage/audio/product_1/record_17_1_1779104797.wav,1,正常,1,0,0,0,0,正常,,1150,1,19.1667,2.12951,0.30171,0,0,0,0,0,正常,正常,0,外圈,,,1,333.333,3.53871,3.11372,4.88021,7.27019,0,3.85,0.6708,,,0,0,0,0,0,0,[]
19305,/home/dayin/git/audio-labeling/backend/storage/audio/product_1/record_17_1_1779105161.wav,1,正常,1,0,0,0,0,正常,,1150,1,19.1667,1.74017,0.349326,0,0,0,0,0,正常,正常,0,外圈,,,1,333.333,2.17352,3.09328,4.69521,7.00186,0,3.85,0.6754,,,0,0,0,0,0,0,[]
19306,/home/dayin/git/audio-labeling/backend/storage/audio/product_1/record_15_1_1779105228.wav,1,正常,1,0,0,0,0,正常,,1150,1,19.1667,3.13745,0.104652,0,0,0,0,0,正常,正常,0,外圈,,,333.333,666.667,13.9198,3.1633,5.66727,8.43885,0,3.8,0.6476,,,0,0,0,0,0,0,[]
19307,/home/dayin/git/audio-labeling/backend/storage/audio/product_1/record_15_1_1779105511.wav,1,正常,1,0,0,0,0,正常,,1150,1,19.1667,3.54808,0.473296,0,0,0,0,0,正常,正常,0,外圈,,,500,1000,3.55732,4.37946,6.09133,9.54558,0,3.85,0.6682,,,0,0,0,0,0,0,[]
19308,/home/dayin/git/audio-labeling/backend/storage/audio/product_1/record_15_1_1779149753.wav,1,正常,1,0,0,0,0,正常,,1150,1,19.1667,3.07007,0.212735,0,0,0,0,0,正常,正常,0,外圈,,,500,1000,9.03579,3.13404,5.22635,7.77582,0,3.8,0.6393,,,1,0,0,0,0,0,[]
19309,/home/dayin/git/audio-labeling/backend/storage/audio/product_1/record_17_1_1779149991.wav,1,正常,1,0,0,0,0,正常,,1150,1,19.1667,1.41721,0.293135,0,0,0,0,0,正常,正常,0,外圈,,,1000,1333.33,2.30728,3.0614,4.94421,7.33193,0,3.851,0.6324,,,0,0,0,0,0,0,[]
19310,/home/dayin/git/audio-labeling/backend/storage/audio/product_1/record_17_1_1779151104.wav,1,正常,1,0,0,0,0,正常,,1150,1,19.1667,1.30935,0.522277,0,0,0,0,0,正常,正常,0,外圈,,,1,333.333,5.71572,3.00019,4.04425,5.99802,0,3.85,0.6775,,,0,0,0,0,0,0,[]
19311,/home/dayin/git/audio-labeling/backend/storage/audio/product_1/record_17_1_1779151234.wav,1,正常,1,0,0,0,0,正常,,1150,1,19.1667,1.80727,0.337118,0,0,0,0,0,正常,正常,0,外圈,,,1000,1500,2.5478,3.05787,4.72924,7.01621,0,3.85,0.6739,,,1,0,0,0,0,0,[]
19312,/home/dayin/git/audio-labeling/backend/storage/audio/product_1/record_15_1_1779153115.wav,-1,摩擦,0,1,0,1,0,摩擦,,1150,1,19.1667,4.20228,1.6371,0,0,0,0,0,正常,正常,0,外圈,,,666.667,2000,13.7662,11.1174,9.81024,17.7772,0,3.8,0.644,,,1,0,0,0,0,0,[]
19313,/home/dayin/git/audio-labeling/backend/storage/audio/product_1/record_17_1_1779154192.wav,1,正常,1,0,0,0,0,正常,,1150,1,19.1667,1.58065,0.39491,0,0,0,0,0,异常,轴承-未定位,0,外圈,,,1,333.333,3.23829,3.02303,4.52446,6.70355,0,3.8,0.6433,,25.13,2,1,0,1,1,0,"[{""f0"": 25.132, ""score"": 0.151, ""hits"": 2, ""cep_hits"": 1, ""interference"": false, ""guard"": """", ""band"": """", ""cls"": null, ""fr_hyp"": null}]"
19314,/home/dayin/git/audio-labeling/backend/storage/audio/product_1/record_17_1_1779154233.wav,1,正常,1,0,0,0,0,正常,,1150,1,19.1667,2.68323,0.412828,0,0,0,0,0,正常,正常,0,外圈,,,1333.33,2000,2.17808,3.04585,4.52923,6.72955,0,3.8,0.6423,,,0,0,0,0,0,0,[]
19315,/home/dayin/git/audio-labeling/backend/storage/audio/product_1/record_17_1_1779154528.wav,1,正常,1,0,0,0,0,正常,,1150,1,19.1667,1.72111,0.38601,0,0,0,0,0,正常,正常,0,外圈,,,5250,5833.33,2.54169,3.08448,4.55877,6.76869,0,3.8,0.6472,,,0,0,0,0,0,0,[]
19316,/home/dayin/git/audio-labeling/backend/storage/audio/product_1/record_15_1_1779154589.wav,1,正常,1,0,0,0,0,正常,,1150,1,19.1667,2.0067,0.403251,0,0,0,0,0,正常,正常,0,外圈,,,166.667,500,8.09612,3.05141,4.49631,6.65669,0,3.8,0.6402,,,0,0,0,0,0,0,[]
19317,/home/dayin/git/audio-labeling/backend/storage/audio/product_1/record_15_1_1779155142.wav,1,正常,1,0,0,0,0,正常,,1150,1,19.1667,1.47755,0.321358,0,0,0,0,0,正常,正常,0,外圈,,,166.667,500,6.28967,3.06167,4.84672,7.20316,0,3.8,0.6307,,,0,0,0,0,0,0,[]
19318,/home/dayin/git/audio-labeling/backend/storage/audio/product_1/record_17_1_1779158916.wav,1,正常,1,0,0,0,0,正常,,1150,1,19.1667,1.91724,0.177868,0,0,0,0,0,正常,正常,0,外圈,,,1,333.333,2.84257,3.14719,5.35836,7.99082,0,3.85,0.6625,,,0,0,0,0,0,0,[]
19319,/home/dayin/git/audio-labeling/backend/storage/audio/product_1/record_17_1_1779158989.wav,1,正常,1,0,0,0,0,正常,,1150,1,19.1667,2.11848,0.312407,0,0,0,0,0,正常,正常,0,外圈,,,5250,5833.33,4.5648,3.22604,4.84058,7.23215,0,3.85,0.6742,,,0,0,0,0,0,0,[]
19320,/home/dayin/git/audio-labeling/backend/storage/audio/product_1/record_15_1_1779164142.wav,-1,轴承,0,1,1,0,0,轴承,,1150,1,19.1667,1.80168,1.06287,0,0,0,0,0,正常,正常,0,外圈,,,3333.33,4666.67,6.83225,8.39467,8.49229,14.6341,0,3.83062,0.6335,,,2,0,0,0,0,0,[]
19321,/home/dayin/git/audio-labeling/backend/storage/audio/product_1/record_17_1_1779164321.wav,1,17,1,0,0,0,0,正常,,1150,1,19.1667,1.88254,4.46449,0,0,0,0,0,正常,正常,0,外圈,,,5850,6500,9.87345,12.7111,21.1375,32.54,0,3.85,0.6775,,,0,0,0,0,0,0,[]
19322,/home/dayin/git/audio-labeling/backend/storage/audio/product_1/record_15_1_1779258045.wav,1,正常,1,0,0,0,0,正常,,1150,1,19.1667,1.46184,0.213827,0,0,0,0,0,正常,正常,0,外圈,,,1166.67,1500,14.1878,3.18227,5.19339,7.72627,0,3.85,0.6924,,,0,0,0,0,0,0,[]
19323,/home/dayin/git/audio-labeling/backend/storage/audio/product_1/record_15_1_1779259331.wav,1,正常,1,0,0,0,0,正常,,1150,1,19.1667,1.81107,0.354103,0,0,0,0,0,正常,正常,0,外圈,,,333.333,666.667,5.03208,3.042,4.73808,7.03364,0,3.8,0.6351,,,0,0,0,0,0,0,[]
19324,/home/dayin/git/audio-labeling/backend/storage/audio/product_1/record_15_1_1779259732.wav,1,正常,1,0,0,0,0,正常,,1150,1,19.1667,3.72291,0.369024,0,0,0,0,0,正常,正常,0,外圈,,,333.333,666.667,28.0839,3.00824,4.682,6.92605,0,3.8,0.631,,,0,0,0,0,0,0,[]
19325,/home/dayin/git/audio-labeling/backend/storage/audio/product_1/record_15_1_1779262394.wav,1,正常,1,0,0,0,0,正常,,1150,1,19.1667,1.49056,0.241247,0,0,0,0,0,正常,正常,0,外圈,,,4650,5166.67,2.48842,3.09728,5.03277,7.47954,0,3.8,0.7319,,,0,0,0,0,0,0,[]
19326,/home/dayin/git/audio-labeling/backend/storage/audio/product_1/record_15_1_1779262543.wav,-1,摩擦,0,1,0,1,0,摩擦,,1150,1,19.1667,2.07867,3.70129,0,0,0,0,0,正常,正常,0,外圈,,,666.667,1333.33,63.5184,28.9175,18.808,32.1692,0,3.8,0.7325,,,0,0,0,0,0,0,[]
19327,/home/dayin/git/audio-labeling/backend/storage/audio/product_1/record_15_1_1779263692.wav,1,正常,1,0,0,0,0,正常,,1150,1,19.1667,1.83589,1.50986,0,0,0,0,0,正常,正常,0,外圈,,,333.333,666.667,15.1295,3.89096,11.3389,16.9342,0,3.8,0.666,,,0,0,0,0,0,0,[]
19328,/home/dayin/git/audio-labeling/backend/storage/audio/product_1/record_17_1_1779265813.wav,1,正常,1,0,0,0,0,正常,,1150,1,19.1667,1.81936,0.422525,0,0,0,0,0,正常,正常,0,外圈,,,5250,5833.33,2.37904,3.08984,4.51672,6.70957,0,3.85,0.6773,,,0,0,0,0,0,0,[]
19329,/home/dayin/git/audio-labeling/backend/storage/audio/product_1/record_15_1_1779322926.wav,1,正常,1,0,0,0,0,正常,,1150,1,19.1667,1.90964,0.348155,0,0,0,0,0,正常,正常,0,外圈,,,166.667,500,14.3385,3.05866,4.6949,6.94969,0,3.85,0.6754,,,0,0,0,0,0,0,[]
19330,/home/dayin/git/audio-labeling/backend/storage/audio/product_1/record_17_1_1779324354.wav,1,正常,1,0,0,0,0,正常,,1150,1,19.1667,2.01063,0.210549,0,0,0,0,0,正常,正常,0,外圈,,,333.333,666.667,3.12814,3.11563,5.20501,7.73634,0,3.8,0.6398,,,0,0,0,0,0,0,[]
19331,/home/dayin/git/audio-labeling/backend/storage/audio/product_1/record_17_1_1779324823.wav,1,正常,1,0,0,0,0,正常,,1150,1,19.1667,1.41488,0.128758,0,0,0,0,0,正常,正常,0,外圈,,,2500,2833.33,3.07003,3.27159,5.88358,8.8077,0,3.85,0.6705,,,0,0,0,0,0,0,[]
19332,/home/dayin/git/audio-labeling/backend/storage/audio/product_1/record_17_1_1779325177.wav,1,正常,1,0,0,0,0,正常,,1150,1,19.1667,2.75114,0.648812,0,0,0,0,0,正常,正常,0,外圈,,,4650,5166.67,2.58603,3.2391,7.32072,10.9501,0,3.8,0.6401,,,0,0,0,0,0,0,[]
19333,/home/dayin/git/audio-labeling/backend/storage/audio/product_1/record_15_1_1779327976.wav,1,正常,1,0,0,0,0,正常,,1150,1,19.1667,1.26346,0.27835,0,0,0,0,0,正常,正常,0,外圈,,,166.667,500,8.17522,3.17362,4.93629,7.37694,0,3.8,0.6393,,,0,0,0,0,0,0,[]
19334,/home/dayin/git/audio-labeling/backend/storage/audio/product_1/record_17_1_1779328494.wav,1,正常,1,0,0,0,0,正常,,1150,1,19.1667,1.80006,0.422511,0,0,0,0,0,正常,正常,0,外圈,,,2000,4000,3.08635,4.23002,6.20442,9.6135,0,3.86937,0.6884,,,1,0,0,0,0,0,[]
19336,/home/dayin/git/audio-labeling/backend/storage/audio/product_1/record_15_1_1779353909.wav,1,正常,1,0,0,0,0,正常,,1150,1,19.1667,1.83852,0.145276,0,0,0,0,0,正常,正常,0,外圈,,,1166.67,1500,21.4409,3.27928,5.50249,8.24833,0,3.85,0.6789,,,0,0,0,0,0,0,[]
19337,/home/dayin/git/audio-labeling/backend/storage/audio/product_1/record_17_1_1779354560.wav,1,正常,1,0,0,0,0,正常,,1150,1,19.1667,1.34654,0.114808,0,0,0,0,0,正常,正常,0,外圈,,,333.333,666.667,4.41278,3.74565,5.77163,8.77719,0,3.85,0.6702,,,0,0,0,0,0,0,[]
19338,/home/dayin/git/audio-labeling/backend/storage/audio/product_1/record_17_1_1779354641.wav,1,正常,1,0,0,0,0,正常,,1150,1,19.1667,2.12116,0.474431,0,0,0,0,0,正常,正常,0,外圈,,,1,333.333,2.5202,3.04687,4.25216,6.3049,0,3.85,0.6697,,,1,0,0,0,0,0,[]
19339,/home/dayin/git/audio-labeling/backend/storage/audio/product_1/record_15_1_1778496970.wav,1,正常,1,0,0,0,0,正常,,1136.84,0,18.9474,6.18422,0.165882,0,0,0,0,0,正常,正常,0,外圈,,,3000,4000,3.05061,3.91327,6.16285,9.39752,0,3.8,0.6439,,,0,0,0,0,0,0,[]
19340,/home/dayin/git/audio-labeling/backend/storage/audio/product_1/record_17_1_1778497907.wav,1,正常,1,0,0,0,0,正常,,1150,1,19.1667,2.34384,0.131934,0,0,0,0,0,正常,正常,0,外圈,,,5100,5666.67,3.84055,3.75233,5.71605,8.77053,0,3.85,0.6673,,,0,0,0,0,0,0,[]
19341,/home/dayin/git/audio-labeling/backend/storage/audio/product_1/record_15_1_1778497949.wav,1,正常,1,0,0,0,0,正常,,1150,1,19.1667,1.26102,0.486605,0,0,0,0,0,正常,正常,0,外圈,,,333.333,666.667,3.01342,3.08698,4.33098,6.43205,0,3.85,0.6746,,,0,0,0,0,0,0,[]
19342,/home/dayin/git/audio-labeling/backend/storage/audio/product_1/record_15_1_1778498453.wav,1,正常,1,0,0,0,0,正常,,1150,1,19.1667,1.87724,0.359658,0,0,0,0,0,正常,正常,0,外圈,,,4650,5166.67,3.22416,3.21223,4.65567,6.96486,0,3.8,0.6431,,,0,0,0,0,0,0,[]
19343,/home/dayin/git/audio-labeling/backend/storage/audio/product_1/record_17_1_1778654765.wav,1,正常,1,0,0,0,0,正常,,1150,1,19.1667,1.6756,0.441593,0,0,0,0,0,正常,正常,0,外圈,,,1,333.333,3.11226,3.12984,4.45427,6.64125,0,3.83812,0.6021,,,0,0,0,0,0,0,[]
19344,/home/dayin/git/audio-labeling/backend/storage/audio/product_1/record_15_1_1778655163.wav,1,正常,1,0,0,0,0,正常,,1150,1,19.1667,1.89758,0.353048,0,0,0,0,0,正常,正常,0,外圈,,,1,1000,3.10083,3.06123,4.67069,6.93582,0,3.8,0.6353,,,0,0,0,0,0,0,[]
19345,/home/dayin/git/audio-labeling/backend/storage/audio/product_1/record_15_1_1778671231.wav,1,正常,1,0,0,0,0,正常,,1150,1,19.1667,1.24603,0.166127,0,0,0,0,0,正常,正常,0,外圈,,,333.333,666.667,2.45038,3.08495,6.16235,9.14199,0,3.8,0.6412,,,0,0,0,0,0,0,[]
19346,/home/dayin/git/audio-labeling/backend/storage/audio/product_1/record_17_1_1778717607.wav,1,正常,1,0,0,0,0,正常,,1150,1,19.1667,1.25612,0.341474,0,0,0,0,0,正常,正常,0,外圈,,,1,333.333,4.1088,3.06261,4.72987,7.01444,0,3.8,0.6412,,,1,0,0,0,0,0,[]
19347,/home/dayin/git/audio-labeling/backend/storage/audio/product_1/record_17_1_1778718379.wav,1,正常,1,0,0,0,0,正常,,1150,1,19.1667,1.98701,0.168005,0,0,0,0,0,正常,正常,0,外圈,,,333.333,666.667,8.75695,3.32877,5.45962,8.17591,0,3.8,0.6376,,,0,0,0,0,0,0,[]
19348,/home/dayin/git/audio-labeling/backend/storage/audio/product_1/record_15_1_1778718463.wav,1,正常,1,0,0,0,0,正常,,1150,1,19.1667,1.58056,0.323398,0,0,0,0,0,正常,正常,0,外圈,,,4800,5333.33,3.41169,3.30903,4.79127,7.2233,0,3.85,1.0776,,,0,0,0,0,0,0,[]
19349,/home/dayin/git/audio-labeling/backend/storage/audio/product_1/record_17_1_1778720315.wav,1,正常,1,0,0,0,0,正常,,1150,1,19.1667,1.3089,0.116218,0,0,0,0,0,正常,正常,0,外圈,,,4950,5500,2.9508,3.13485,5.70662,8.4962,0,3.8,0.8668,,,0,0,0,0,0,0,[]
19350,/home/dayin/git/audio-labeling/backend/storage/audio/product_1/record_15_1_1778720948.wav,1,正常,1,0,0,0,0,正常,,1150,1,19.1667,2.3626,0.411695,0,0,0,0,0,正常,正常,0,外圈,,,1,333.333,2.72482,3.11009,4.54976,6.78422,0,3.8,0.8349,,,0,0,0,0,0,0,[]
19351,/home/dayin/git/audio-labeling/backend/storage/audio/product_1/record_17_1_1778721321.wav,1,正常,1,0,0,0,0,正常,,1150,1,19.1667,1.52922,0.409378,0,0,0,0,0,正常,正常,0,外圈,,,5250,5833.33,3.85189,3.08535,4.48133,6.66618,0,3.8,0.8796,,,0,0,0,0,0,0,[]
19353,/home/dayin/git/audio-labeling/backend/storage/audio/product_1/record_15_1_1778723736.wav,1,正常,1,0,0,0,0,正常,,1150,1,19.1667,1.87998,0.329683,0,0,0,0,0,正常,正常,0,外圈,,,4650,5166.67,2.95246,3.11166,4.77264,7.09748,0,3.85,0.7184,,,0,0,0,0,0,0,[]
19354,/home/dayin/git/audio-labeling/backend/storage/audio/product_1/record_15_1_1778725127.wav,1,正常,1,0,0,0,0,正常,,1150,1,19.1667,2.8074,0.683488,0,0,0,0,0,正常,正常,0,外圈,,,1000,2000,2.22282,3.29757,8.10621,12.0565,0,3.88937,0.6572,,,0,0,0,0,0,0,[]
19355,/home/dayin/git/audio-labeling/backend/storage/audio/product_1/record_15_1_1778725228.wav,1,正常,1,0,0,0,0,正常,,1150,1,19.1667,1.49877,0.329929,0,0,0,0,0,正常,正常,0,外圈,,,6450,7166.67,15.1715,3.80918,6.79227,10.4095,0,3.85,0.7896,,,0,0,0,0,0,0,[]
19356,/home/dayin/git/audio-labeling/backend/storage/audio/product_1/record_17_1_1778726725.wav,1,正常,1,0,0,0,0,正常,,1150,1,19.1667,2.0142,0.538537,0,0,0,0,0,正常,正常,0,外圈,,,166.667,500,16.585,3.23266,7.43857,11.0667,0,3.85,0.689,,,0,0,0,0,0,0,[]
19357,/home/dayin/git/audio-labeling/backend/storage/audio/product_1/record_15_1_1778727598.wav,1,正常,1,0,0,0,0,正常,,1150,1,19.1667,1.85572,0.609126,0,0,0,0,0,正常,正常,0,外圈,,,333.333,666.667,12.6702,3.01402,3.91677,5.79839,0,3.87862,0.7317,,,0,0,0,0,0,0,[]
19358,/home/dayin/git/audio-labeling/backend/storage/audio/product_1/record_17_1_1778735882.wav,1,正常,1,0,0,0,0,正常,,1150,1,19.1667,2.81696,0.359539,0,0,0,0,0,正常,正常,0,外圈,,,666.667,1333.33,2.29119,3.08554,4.64408,6.91465,0,3.8,0.6367,,,0,0,0,0,0,0,[]
19359,/home/dayin/git/audio-labeling/backend/storage/audio/product_1/record_15_1_1778735975.wav,1,正常,1,0,0,0,0,正常,,1150,1,19.1667,2.54119,0.339494,0,0,0,0,0,正常,正常,0,外圈,,,1,333.333,2.81744,3.06875,4.73102,7.04027,0,3.8,0.6323,,,0,0,0,0,0,0,[]
19360,/home/dayin/git/audio-labeling/backend/storage/audio/product_1/record_17_1_1778736951.wav,1,正常,1,0,0,0,0,正常,,1150,1,19.1667,2.04419,0.400733,0,0,0,0,0,正常,正常,0,外圈,,,1,333.333,2.21448,3.06552,4.5882,6.80135,0,3.85,0.657,,,0,0,0,0,0,0,[]
19361,/home/dayin/git/audio-labeling/backend/storage/audio/product_1/record_17_1_1778738025.wav,1,正常,1,0,0,0,0,正常,,1150,1,19.1667,1.50639,0.459029,0,0,0,0,0,正常,正常,0,外圈,,,1,333.333,3.95802,3.03642,4.41091,6.54128,0,3.8,0.6213,,,0,0,0,0,0,0,[]
19362,/home/dayin/git/audio-labeling/backend/storage/audio/product_1/record_17_1_1778738905.wav,1,正常,1,0,0,0,0,正常,,1150,1,19.1667,2.04092,0.281869,0,0,0,0,0,正常,正常,0,外圈,,,333.333,666.667,3.18408,3.05759,4.98298,7.38605,0,3.85,0.6792,,,0,0,0,0,0,0,[]
19363,/home/dayin/git/audio-labeling/backend/storage/audio/product_1/record_17_1_1778740769.wav,1,正常,1,0,0,0,0,正常,,1150,1,19.1667,1.654,0.324878,0,0,0,0,0,正常,正常,0,外圈,,,5100,5666.67,2.38799,3.10348,4.77854,7.11047,0,3.8,0.6339,,,0,0,0,0,0,0,[]
19364,/home/dayin/git/audio-labeling/backend/storage/audio/product_1/record_15_1_1778741008.wav,-1,摩擦,0,1,0,1,0,摩擦,,1150,1,19.1667,3.62816,7.72299,0,0,0,0,0,正常,正常,0,外圈,,,333.333,666.667,4.68045,411.185,30.1983,97.7082,0,3.94425,0.6063,,,0,0,0,0,0,0,[]
19365,/home/dayin/git/audio-labeling/backend/storage/audio/product_1/record_15_1_1778743591.wav,1,正常,1,0,0,0,0,正常,,1150,1,19.1667,1.83202,0.335821,0,0,0,0,0,正常,正常,0,外圈,,,333.333,666.667,2.1918,3.00145,4.76513,7.05889,0,3.89481,0.7016,,,0,0,0,0,0,0,[]
19366,/home/dayin/git/audio-labeling/backend/storage/audio/product_1/record_15_1_1778744163.wav,1,正常,1,0,0,0,0,正常,,1150,1,19.1667,1.37975,0.23118,0,0,0,0,0,正常,正常,0,外圈,,,4950,5500,2.94147,3.13249,5.15819,7.68224,0,3.8,0.6308,,,0,0,0,0,0,0,[]
19367,/home/dayin/git/audio-labeling/backend/storage/audio/product_1/record_17_1_1778747660.wav,1,正常,1,0,0,0,0,正常,,1150,1,19.1667,3.43666,0.46555,0,0,0,0,0,正常,正常,0,外圈,,,4650,5166.67,2.83279,3.03152,4.28468,6.34424,0,3.85,0.6509,,,0,0,0,0,0,0,[]
19368,/home/dayin/git/audio-labeling/backend/storage/audio/product_1/record_15_1_1778749483.wav,1,正常,1,0,0,0,0,正常,,1150,1,19.1667,1.43795,0.510909,0,0,0,0,0,正常,正常,0,外圈,,,1,333.333,3.55901,3.04544,4.25817,6.32215,0,3.8,0.624,,,0,0,0,0,0,0,[]
19369,/home/dayin/git/audio-labeling/backend/storage/audio/product_1/record_17_1_1778749483.wav,1,正常,1,0,0,0,0,正常,,1150,1,19.1667,1.31465,0.576965,0,0,0,0,0,正常,正常,0,外圈,,,4800,5333.33,3.48127,2.99229,3.89435,5.74855,0,3.8,0.6475,,,0,0,0,0,0,0,[]
19370,/home/dayin/git/audio-labeling/backend/storage/audio/product_1/record_17_1_1778749780.wav,-1,摩擦,0,1,0,1,0,摩擦,,1150,1,19.1667,1.94339,3.71547,0,0,0,0,0,异常,轴承-未定位,0,外圈,,,666.667,2000,16.5954,11.8054,17.1383,29.0949,0,3.85,0.6956,,74.03,1,1,0,1,1,0,"[{""f0"": 74.026, ""score"": 0.3965, ""hits"": 3, ""cep_hits"": 1, ""interference"": false, ""guard"": """", ""band"": """", ""cls"": null, ""fr_hyp"": null}]"
19371,/home/dayin/git/audio-labeling/backend/storage/audio/product_1/record_15_1_1778753419.wav,1,正常,1,0,0,0,0,正常,,1150,1,19.1667,1.94874,0.444257,0,0,0,0,0,正常,正常,0,外圈,,,4950,5500,2.62138,3.08523,4.44443,6.61464,0,3.88656,0.7208,,,0,0,0,0,0,0,[]
19372,/home/dayin/git/audio-labeling/backend/storage/audio/product_1/record_15_1_1778754195.wav,1,正常,1,0,0,0,0,正常,,1150,1,19.1667,1.87324,0.115752,0,0,0,0,0,正常,正常,0,外圈,,,166.667,500,5.20393,3.33729,5.70532,8.57413,0,3.8,0.6434,,,0,0,0,0,0,0,[]
19373,/home/dayin/git/audio-labeling/backend/storage/audio/product_1/record_17_1_1778754710.wav,1,正常,1,0,0,0,0,正常,,1150,1,19.1667,2.91165,0.351107,0,0,0,0,0,正常,正常,0,外圈,,,4950,5500,3.96926,3.14597,4.69139,6.99931,0,3.85,0.6846,,,0,0,0,0,0,0,[]
19374,/home/dayin/git/audio-labeling/backend/storage/audio/product_1/record_15_1_1778755814.wav,1,正常,1,0,0,0,0,正常,,1150,1,19.1667,2.80772,0.407964,0,0,0,0,0,正常,正常,0,外圈,,,4650,5166.67,5.05885,3.07786,4.47251,6.66227,0,3.85,0.665,,,0,0,0,0,0,0,[]
19375,/home/dayin/git/audio-labeling/backend/storage/audio/product_1/record_17_1_1778755990.wav,1,正常,1,0,0,0,0,正常,,1150,1,19.1667,1.36023,0.219022,0,0,0,0,0,正常,正常,0,外圈,,,166.667,500,4.21685,3.09195,5.22468,7.75423,0,3.81913,0.6067,,,0,0,0,0,0,0,[]
19376,/home/dayin/git/audio-labeling/backend/storage/audio/product_1/record_15_1_1778757491.wav,1,正常,1,0,0,0,0,正常,,1150,1,19.1667,2.48417,0.373511,0,0,0,0,0,正常,正常,0,外圈,,,333.333,666.667,3.399,3.22266,4.594,6.87939,0,3.85,0.6848,,,0,0,0,0,0,0,[]
19377,/home/dayin/git/audio-labeling/backend/storage/audio/product_1/record_15_1_1778759272.wav,1,正常,1,0,0,0,0,正常,,1150,1,19.1667,1.95974,0.118505,0,0,0,0,0,正常,正常,0,外圈,,,500,1000,5.00934,3.24313,5.54738,8.30986,0,3.8,0.6589,,,0,0,0,0,0,0,[]
19378,/home/dayin/git/audio-labeling/backend/storage/audio/product_1/record_17_1_1778806322.wav,1,正常,1,0,0,0,0,正常,,1150,1,19.1667,1.52224,0.24077,0,0,0,0,0,正常,正常,0,外圈,,,1,333.333,4.68597,3.15803,5.13057,7.63528,0,3.8,0.6575,,,0,0,0,0,0,0,[]
19379,/home/dayin/git/audio-labeling/backend/storage/audio/product_1/record_15_1_1778811825.wav,1,正常,1,0,0,0,0,正常,,1150,1,19.1667,2.09538,0.185941,0,0,0,0,0,正常,正常,0,外圈,,,1,333.333,4.89472,3.12191,5.30827,7.89558,0,3.82544,0.7134,,,0,0,0,0,0,0,[]
19380,/home/dayin/git/audio-labeling/backend/storage/audio/product_1/record_15_1_1778812461.wav,1,正常,1,0,0,0,0,正常,,1150,1,19.1667,2.11075,0.391394,0,0,0,0,0,正常,正常,0,外圈,,,333.333,666.667,5.44177,3.08214,4.53188,6.74673,0,3.8,0.6364,,,0,0,0,0,0,0,[]
19381,/home/dayin/git/audio-labeling/backend/storage/audio/product_1/record_15_1_1778813565.wav,1,正常,1,0,0,0,0,正常,,1150,1,19.1667,2.84638,5.93685,0,0,0,0,0,正常,正常,0,外圈,,,333.333,666.667,4.19534,34.2347,25.0442,38.9923,0,3.91394,0.6869,,,0,0,0,0,0,0,[]
19382,/home/dayin/git/audio-labeling/backend/storage/audio/product_1/record_17_1_1778813566.wav,1,正常,1,0,0,0,0,正常,,1150,1,19.1667,2.26503,0.28115,0,0,0,0,0,正常,正常,0,外圈,,,1,333.333,3.5787,3.06333,4.9348,7.31583,0,3.8,0.6451,,,1,0,0,0,0,0,[]
19383,/home/dayin/git/audio-labeling/backend/storage/audio/product_1/record_17_1_1778813772.wav,1,正常,1,0,0,0,0,正常,,1150,1,19.1667,3.52012,0.120982,0,0,0,0,0,正常,正常,0,外圈,,,333.333,666.667,5.14582,3.19509,5.67022,8.4839,0,3.8,0.6343,,,0,0,0,0,0,0,[]
19384,/home/dayin/git/audio-labeling/backend/storage/audio/product_1/record_17_1_1778813967.wav,-1,摩擦,0,1,0,1,0,摩擦,,1150,1,19.1667,2.26339,7.64251,0,0,0,0,0,正常,正常,0,外圈,,,1333.33,2000,271.981,321.958,46.0462,94.1072,0,3.8,0.6547,,,0,0,0,0,0,0,[]
19385,/home/dayin/git/audio-labeling/backend/storage/audio/product_1/record_17_1_1778815232.wav,1,正常,1,0,0,0,0,正常,,1150,1,19.1667,0.673846,0.384545,0,0,0,0,0,正常,正常,0,外圈,,,1,333.333,4.64069,3.10357,4.55622,6.78736,0,3.8,0.6462,,,0,0,0,0,0,0,[]
19386,/home/dayin/git/audio-labeling/backend/storage/audio/product_1/record_15_1_1778816559.wav,1,正常,1,0,0,0,0,正常,,1150,1,19.1667,1.34118,0.257585,0,0,0,0,0,正常,正常,0,外圈,,,333.333,666.667,2.36891,3.19212,5.06021,7.54355,0,3.85,0.6754,,,0,0,0,0,0,0,[]
19387,/home/dayin/git/audio-labeling/backend/storage/audio/product_1/record_17_1_1778816884.wav,1,正常,1,0,0,0,0,正常,,1150,1,19.1667,2.2241,0.229864,0,0,0,0,0,正常,正常,0,外圈,,,4800,5333.33,3.1996,3.2052,5.1214,7.65924,0,3.8,0.6862,,,0,0,0,0,0,0,[]
19388,/home/dayin/git/audio-labeling/backend/storage/audio/product_1/record_17_1_1778821076.wav,-1,摩擦,0,1,0,1,0,摩擦,,1150,1,19.1667,2.1333,0.663936,0,0,0,0,0,正常,正常,0,外圈,,,1,333.333,7.36334,4.44152,7.95676,12.1349,0,3.8,0.6873,,,0,0,0,0,0,0,[]
19389,/home/dayin/git/audio-labeling/backend/storage/audio/product_1/record_17_1_1778821815.wav,1,正常,1,0,0,0,0,正常,,1150,1,19.1667,2.78116,0.123752,0,0,0,0,0,正常,正常,0,外圈,,,1,333.333,4.92495,3.09215,5.73693,8.54108,0,3.8,0.6992,,,0,0,0,0,0,0,[]
19390,/home/dayin/git/audio-labeling/backend/storage/audio/product_1/record_17_1_1778822816.wav,1,正常,1,0,0,0,0,正常,,1150,1,19.1667,1.70249,0.413842,0,0,0,0,0,正常,正常,0,外圈,,,3333.33,4666.67,2.67907,3.7113,7.05864,10.717,0,3.85,0.8631,,,0,0,0,0,0,0,[]
19391,/home/dayin/git/audio-labeling/backend/storage/audio/product_1/record_17_1_1778823011.wav,-1,摩擦,0,1,0,1,0,摩擦,,1150,1,19.1667,2.16346,2.4995,0,0,0,0,0,正常,正常,0,外圈,,,2333.33,2666.67,4.23437,4.94252,14.0172,21.3156,0,3.8,0.6924,,,0,0,0,0,0,0,[]
19392,/home/dayin/git/audio-labeling/backend/storage/audio/product_1/record_15_1_1778823819.wav,1,正常,1,0,0,0,0,正常,,1150,1,19.1667,1.69713,0.426451,0,0,0,0,0,正常,正常,0,外圈,,,1,333.333,2.82708,3.05468,4.41728,6.57536,0,3.8,0.689,,,0,0,0,0,0,0,[]
19393,/home/dayin/git/audio-labeling/backend/storage/audio/product_1/record_15_1_1778825671.wav,1,正常,1,0,0,0,0,正常,,1150,1,19.1667,1.55291,0.418384,0,0,0,0,0,正常,正常,0,外圈,,,333.333,666.667,2.49884,3.10203,4.43136,6.60504,0,3.8,0.6568,,,0,0,0,0,0,0,[]
19394,/home/dayin/git/audio-labeling/backend/storage/audio/product_1/record_17_1_1778826433.wav,1,正常,1,0,0,0,0,正常,,1150,1,19.1667,2.42263,0.278271,0,0,0,0,0,正常,正常,0,外圈,,,4650,5166.67,3.57208,3.17394,4.93335,7.38814,0,3.85,0.7084,,,0,0,0,0,0,0,[]
19395,/home/dayin/git/audio-labeling/backend/storage/audio/product_1/record_17_1_1778826490.wav,1,正常,1,0,0,0,0,正常,,1150,1,19.1667,1.5493,0.23828,0,0,0,0,0,正常,正常,0,外圈,,,333.333,666.667,3.493,3.0333,5.09646,7.55208,0,3.8,0.6709,,,0,0,0,0,0,0,[]
19396,/home/dayin/git/audio-labeling/backend/storage/audio/product_1/record_15_1_1778826609.wav,1,正常,1,0,0,0,0,正常,,1150,1,19.1667,2.85852,0.450687,0,0,0,0,0,正常,正常,0,外圈,,,4800,5333.33,2.96676,3.056,4.33297,6.41966,0,3.85,0.6595,,,0,0,0,0,0,0,[]
19397,/home/dayin/git/audio-labeling/backend/storage/audio/product_1/record_17_1_1778826743.wav,1,正常,1,0,0,0,0,正常,,1150,1,19.1667,2.30499,0.530271,0,0,0,0,0,正常,正常,0,外圈,,,5100,5666.67,2.41577,3.00471,4.22446,6.24828,0,3.8,0.6211,,,0,0,0,0,0,0,[]
19398,/home/dayin/git/audio-labeling/backend/storage/audio/product_1/record_15_1_1778826834.wav,1,正常,1,0,0,0,0,正常,,1150,1,19.1667,1.52287,0.396612,0,0,0,0,0,正常,正常,0,外圈,,,333.333,666.667,5.59073,3.16632,4.5107,6.75707,0,3.85,0.6648,,,0,0,0,0,0,0,[]
19399,/home/dayin/git/audio-labeling/backend/storage/audio/product_1/record_17_1_1778829942.wav,1,正常,1,0,0,0,0,正常,,1150,1,19.1667,2.19459,0.427321,0,0,0,0,0,正常,正常,0,外圈,,,6750,7500,2.09452,3.02357,4.40179,6.52274,0,3.85,0.6525,,,0,0,0,0,0,0,[]
19400,/home/dayin/git/audio-labeling/backend/storage/audio/product_1/record_15_1_1778830264.wav,1,正常,1,0,0,0,0,正常,,1150,1,19.1667,2.34821,0.300158,0,0,0,0,0,正常,正常,0,外圈,,,1,333.333,2.65137,3.12534,4.89007,7.27158,0,3.85,0.6571,,,0,0,0,0,0,0,[]
19401,/home/dayin/git/audio-labeling/backend/storage/audio/product_1/record_15_1_1778830308.wav,1,正常,1,0,0,0,0,正常,,1150,1,19.1667,3.01342,0.33407,0,0,0,0,0,正常,正常,0,外圈,,,166.667,500,6.28768,3.10954,4.75694,7.0728,0,3.85,0.6574,,,0,0,0,0,0,0,[]
19402,/home/dayin/git/audio-labeling/backend/storage/audio/product_1/record_17_1_1778832212.wav,1,正常,1,0,0,0,0,正常,,1150,1,19.1667,2.12511,0.169143,0,0,0,0,0,正常,正常,0,外圈,,,1,333.333,10.5647,3.2554,6.15827,9.20653,0,3.85,0.6576,,,0,0,0,0,0,0,[]
19403,/home/dayin/git/audio-labeling/backend/storage/audio/product_1/record_17_1_1778832379.wav,1,正常,1,0,0,0,0,正常,,1150,1,19.1667,1.45034,0.124976,0,0,0,0,0,正常,正常,0,外圈,,,2666.67,3000,3.272,3.27319,5.84542,8.75092,0,3.8,0.6078,,,0,0,0,0,0,0,[]
19404,/home/dayin/git/audio-labeling/backend/storage/audio/product_1/record_15_1_1778834150.wav,1,正常,1,0,0,0,0,正常,,1150,1,19.1667,1.80287,0.431932,0,0,0,0,0,正常,正常,0,外圈,,,333.333,666.667,3.1704,3.04308,4.48605,6.64577,0,3.8,0.6257,,,0,0,0,0,0,0,[]
19405,/home/dayin/git/audio-labeling/backend/storage/audio/product_1/record_15_1_1778835675.wav,1,正常,1,0,0,0,0,正常,,1150,1,19.1667,2.35963,0.245864,0,0,0,0,0,正常,正常,0,外圈,,,166.667,500,5.46298,3.14924,5.05924,7.55173,0,3.8,0.6237,,,0,0,0,0,0,0,[]
19406,/home/dayin/git/audio-labeling/backend/storage/audio/product_1/record_17_1_1778836114.wav,1,正常,1,0,0,0,0,正常,,1150,1,19.1667,2.5391,0.414298,0,0,0,0,0,正常,正常,0,外圈,,,4800,5333.33,2.33191,3.05361,4.45217,6.60055,0,3.8,0.6244,,,0,0,0,0,0,0,[]
19407,/home/dayin/git/audio-labeling/backend/storage/audio/product_1/record_17_1_1778836230.wav,1,正常,1,0,0,0,0,正常,,1150,1,19.1667,3.43898,0.408237,0,0,0,0,0,正常,正常,0,外圈,,,4333.33,5000,2.13916,3.07839,4.48608,6.66821,0,3.8,0.6151,,,0,0,0,0,0,0,[]
19408,/home/dayin/git/audio-labeling/backend/storage/audio/product_1/record_17_1_1778838466.wav,1,正常,1,0,0,0,0,正常,,1150,1,19.1667,1.89375,0.433395,0,0,0,0,0,正常,正常,0,外圈,,,1,333.333,2.32627,3.01766,4.39882,6.51012,0,3.85,0.6714,,,0,0,0,0,0,0,[]
19409,/home/dayin/git/audio-labeling/backend/storage/audio/product_1/record_17_1_1778838798.wav,1,正常,1,0,0,0,0,正常,,1150,1,19.1667,1.76672,0.265913,0,0,0,0,0,正常,正常,0,外圈,,,4650,5166.67,3.05816,2.99125,5.0203,7.41159,0,3.8,0.6698,,,0,0,0,0,0,0,[]
19410,/home/dayin/git/audio-labeling/backend/storage/audio/product_1/record_17_1_1778840795.wav,1,正常,1,0,0,0,0,正常,,1150,1,19.1667,1.5256,0.372138,0,0,0,0,0,正常,正常,0,外圈,,,1,333.333,3.81417,3.12352,4.61014,6.86127,0,3.87138,0.6532,,,0,0,0,0,0,0,[]
19411,/home/dayin/git/audio-labeling/backend/storage/audio/product_1/record_15_1_1778841270.wav,1,正常,1,0,0,0,0,正常,,1150,1,19.1667,1.45739,0.150146,0,0,0,0,0,正常,正常,0,外圈,,,2833.33,3166.67,2.45243,3.12381,5.47811,8.16971,0,3.85,0.6668,,,0,0,0,0,0,0,[]
19412,/home/dayin/git/audio-labeling/backend/storage/audio/product_1/record_17_1_1778841433.wav,1,正常,1,0,0,0,0,正常,,1150,1,19.1667,2.94808,0.13517,0,0,0,0,0,正常,正常,0,外圈,,,333.333,666.667,5.6449,3.21223,5.64915,8.41402,0,3.85,0.6101,,,0,0,0,0,0,0,[]
19413,/home/dayin/git/audio-labeling/backend/storage/audio/product_1/record_17_1_1778841569.wav,1,正常,1,0,0,0,0,正常,,1150,1,19.1667,2.37375,0.3832,0,0,0,0,0,正常,正常,0,外圈,,,1,666.667,5.87058,3.13631,4.57667,6.81764,0,3.85,0.5603,,,0,0,0,0,0,0,[]
19414,/home/dayin/git/audio-labeling/backend/storage/audio/product_1/record_15_1_1778842141.wav,1,正常,1,0,0,0,0,正常,,1150,1,19.1667,2.28467,0.40907,0,0,0,0,0,正常,正常,0,外圈,,,166.667,500,7.36716,3.22071,7.07683,10.5412,0,3.89475,0.53,,,0,0,0,0,0,0,[]
19415,/home/dayin/git/audio-labeling/backend/storage/audio/product_1/record_17_1_1778842478.wav,1,正常,1,0,0,0,0,正常,,1150,1,19.1667,1.74553,0.349995,0,0,0,0,0,正常,正常,0,外圈,,,666.667,1000,12.1151,3.12632,4.75358,7.07833,0,3.8,0.5489,,,0,0,0,0,0,0,[]
19416,/home/dayin/git/audio-labeling/backend/storage/audio/product_1/record_17_1_1778842632.wav,1,正常,1,0,0,0,0,正常,,1150,1,19.1667,2.49534,0.377704,0,0,0,0,0,正常,正常,0,外圈,,,666.667,2000,2.74241,3.25912,4.59916,6.90014,0,3.94663,0.6756,,,0,0,0,0,0,0,[]
19417,/home/dayin/git/audio-labeling/backend/storage/audio/product_1/record_17_1_1778843300.wav,1,正常,1,0,0,0,0,正常,,1150,1,19.1667,2.62708,0.239887,0,0,0,0,0,正常,正常,0,外圈,,,4650,5166.67,2.74942,3.07429,5.13541,7.61896,0,3.8,0.68,,,0,0,0,0,0,0,[]
19418,/home/dayin/git/audio-labeling/backend/storage/audio/product_1/record_17_1_1778843387.wav,1,正常,1,0,0,0,0,正常,,1150,1,19.1667,2.33422,0.162434,0,0,0,0,0,正常,正常,0,外圈,,,333.333,666.667,10.299,3.1275,5.27188,7.8629,0,3.8,0.6997,,,0,0,0,0,0,0,[]
19419,/home/dayin/git/audio-labeling/backend/storage/audio/product_1/record_17_1_1778844185.wav,1,正常,1,0,0,0,0,正常,,1150,1,19.1667,1.23205,0.187218,0,0,0,0,0,正常,正常,0,外圈,,,833.333,1166.67,2.27114,3.18984,5.32239,7.94079,0,3.85,0.7061,,,0,0,0,0,0,0,[]
19420,/home/dayin/git/audio-labeling/backend/storage/audio/product_1/record_17_1_1778845645.wav,1,正常,1,0,0,0,0,正常,,1150,1,19.1667,2.37372,6.92865,0,0,0,0,0,正常,正常,0,外圈,,,1000,1666.67,708.444,38.3015,27.9247,43.8085,0,3.85,0.6697,,,0,0,0,0,0,0,[]
19421,/home/dayin/git/audio-labeling/backend/storage/audio/product_1/record_17_1_1778846776.wav,1,正常,1,0,0,0,0,正常,,1150,1,19.1667,1.52427,0.237944,0,0,0,0,0,正常,正常,0,外圈,,,1000,1333.33,2.42382,3.07473,5.12184,7.61517,0,3.8,0.731,,,0,0,0,0,0,0,[]
19422,/home/dayin/git/audio-labeling/backend/storage/audio/product_1/record_17_1_1778846837.wav,1,正常,1,0,0,0,0,正常,,1150,1,19.1667,2.06856,0.398888,0,0,0,0,0,正常,正常,0,外圈,,,166.667,500,2.42036,3.04043,4.51258,6.68475,0,3.8,0.7037,,,0,0,0,0,0,0,[]
19423,/home/dayin/git/audio-labeling/backend/storage/audio/product_1/record_15_1_1778846897.wav,1,正常,1,0,0,0,0,正常,,1150,1,19.1667,2.58135,0.399558,0,0,0,0,0,正常,正常,0,外圈,,,333.333,666.667,4.16384,3.09196,4.50205,6.70872,0,3.8,0.7035,,,0,0,0,0,0,0,[]
19424,/home/dayin/git/audio-labeling/backend/storage/audio/product_1/record_15_1_1778847118.wav,1,正常,1,0,0,0,0,正常,,1150,1,19.1667,1.10564,0.411196,0,0,0,0,0,正常,正常,0,外圈,,,166.667,500,4.09535,3.06871,4.54979,6.77705,0,3.8,0.773,,,0,0,0,0,0,0,[]
19425,/home/dayin/git/audio-labeling/backend/storage/audio/product_1/record_15_1_1778848260.wav,1,正常,1,0,0,0,0,正常,,1150,1,19.1667,2.39706,6.34097,0,0,0,0,0,正常,正常,0,外圈,,,666.667,1333.33,240.079,15.5081,23.9914,36.6726,0,3.94369,0.7727,,,0,0,0,0,0,0,[]
19426,/home/dayin/git/audio-labeling/backend/storage/audio/product_1/record_17_1_1778892415.wav,1,正常,1,0,0,0,0,正常,,1150,1,19.1667,1.67896,0.444232,0,0,0,0,0,正常,正常,0,外圈,,,1,333.333,2.50591,3.03585,4.46338,6.60969,0,3.85,0.7365,,,0,0,0,0,0,0,[]
19427,/home/dayin/git/audio-labeling/backend/storage/audio/product_1/record_17_1_1778898263.wav,-1,摩擦,0,1,0,1,0,摩擦,,1150,1,19.1667,1.87682,39.3202,1,0,0,0,0,异常,摩擦,0,外圈,,,4000,6666.67,172.857,91.6962,13.9213,120.376,0,3.94994,0.9469,,,0,0,0,0,0,0,[]
19428,/home/dayin/git/audio-labeling/backend/storage/audio/product_1/record_17_1_1778899588.wav,1,正常,1,0,0,0,0,正常,,1184.42,0,19.7403,9.09251,0.124916,0,0,0,0,0,正常,正常,0,外圈,,,4650,5166.67,3.09834,3.1944,5.48391,8.21527,0,3.85,0.9192,,,0,0,0,0,0,0,[]
19429,/home/dayin/git/audio-labeling/backend/storage/audio/product_1/record_15_1_1778900813.wav,1,正常,1,0,0,0,0,正常,,1150,1,19.1667,3.82548,0.123682,0,0,0,0,0,正常,正常,0,外圈,,,666.667,1333.33,7.54637,3.61118,5.79913,8.76155,0,3.85,0.7485,,,0,0,0,0,0,0,[]
19430,/home/dayin/git/audio-labeling/backend/storage/audio/product_1/record_17_1_1778901790.wav,-1,摩擦,0,1,0,1,0,摩擦,,1150,1,19.1667,1.95243,5.94174,0,0,0,0,0,正常,正常,0,外圈,,,666.667,1333.33,145.177,44.5157,27.2037,46.1386,0,3.85,0.6952,,,0,0,0,0,0,0,[]
19431,/home/dayin/git/audio-labeling/backend/storage/audio/product_1/record_15_1_1778907514.wav,1,正常,1,0,0,0,0,正常,,1150,1,19.1667,2.07827,0.127648,0,0,0,0,0,正常,正常,0,外圈,,,333.333,666.667,5.08246,3.28649,5.42133,8.10653,0,3.8,0.6912,,,0,0,0,0,0,0,[]
19432,/home/dayin/git/audio-labeling/backend/storage/audio/product_1/record_15_1_1778908034.wav,1,正常,1,0,0,0,0,正常,,1150,1,19.1667,2.2541,1.00139,0,0,0,0,0,正常,正常,0,外圈,,,666.667,1333.33,13.6192,4.26563,9.21029,13.9888,0,3.85,0.7689,,,0,0,0,0,0,0,[]
19433,/home/dayin/git/audio-labeling/backend/storage/audio/product_1/record_17_1_1778908363.wav,1,正常,1,0,0,0,0,正常,,1150,1,19.1667,1.35824,0.989326,0,0,0,0,0,正常,正常,0,外圈,,,1000,1666.67,25.2929,4.47109,9.43598,14.3472,0,3.85,0.7598,,,0,0,0,0,0,0,[]
19434,/home/dayin/git/audio-labeling/backend/storage/audio/product_1/record_15_1_1778908466.wav,1,正常,1,0,0,0,0,正常,,1150,1,19.1667,1.55418,0.263253,0,0,0,0,0,正常,正常,0,外圈,,,166.667,500,4.73542,3.33104,5.03254,7.59494,0,3.85,0.7319,,,0,0,0,0,0,0,[]
19435,/home/dayin/git/audio-labeling/backend/storage/audio/product_1/record_17_1_1778908514.wav,1,正常,1,0,0,0,0,正常,,1150,1,19.1667,1.38923,0.124407,0,0,0,0,0,正常,正常,0,外圈,,,333.333,666.667,5.14706,3.13705,5.70643,8.46231,0,3.8,0.699,,,0,0,0,0,0,0,[]
19436,/home/dayin/git/audio-labeling/backend/storage/audio/product_1/record_15_1_1778911525.wav,1,正常,1,0,0,0,0,正常,,1150,1,19.1667,1.53449,0.2495,0,0,0,0,0,正常,正常,0,外圈,,,333.333,1000,5.17226,3.24914,4.98919,7.46018,0,3.8,0.7079,,,0,0,0,0,0,0,[]
19437,/home/dayin/git/audio-labeling/backend/storage/audio/product_1/record_15_1_1778912526.wav,1,正常,1,0,0,0,0,正常,,1150,1,19.1667,1.76953,0.243021,0,0,0,0,0,正常,正常,0,外圈,,,4333.33,5000,2.93249,3.06203,5.11636,7.59447,0,3.8,0.6972,,,0,0,0,0,0,0,[]
19438,/home/dayin/git/audio-labeling/backend/storage/audio/product_1/record_15_1_1778917989.wav,1,正常,1,0,0,0,0,正常,,1150,1,19.1667,3.17912,0.237721,0,0,0,0,0,正常,正常,0,外圈,,,333.333,1000,4.75882,3.40418,5.14444,7.79845,0,3.864,0.6607,,,0,0,0,0,0,0,[]
19439,/home/dayin/git/audio-labeling/backend/storage/audio/product_1/record_17_1_1778918305.wav,1,正常,1,0,0,0,0,正常,,1150,1,19.1667,2.49986,0.634723,0,0,0,0,0,正常,正常,0,外圈,,,833.333,1166.67,71.2655,3.34425,7.75215,11.5428,0,3.85,0.7373,,,0,0,0,0,0,0,[]
19440,/home/dayin/git/audio-labeling/backend/storage/audio/product_1/record_15_1_1778920862.wav,1,正常,1,0,0,0,0,正常,,1150,1,19.1667,3.13133,0.29675,0,0,0,0,0,正常,正常,0,外圈,,,4800,5333.33,5.32889,3.58511,6.02754,9.18785,0,3.8,0.709,,,0,0,0,0,0,0,[]
19441,/home/dayin/git/audio-labeling/backend/storage/audio/product_1/record_17_1_1778927392.wav,1,正常,1,0,0,0,0,正常,,1150,1,19.1667,1.2398,0.306567,0,0,0,0,0,正常,正常,0,外圈,,,1000,2000,2.58209,3.17347,4.85482,7.25637,0,3.85,0.7156,,,0,0,0,0,0,0,[]
19442,/home/dayin/git/audio-labeling/backend/storage/audio/product_1/record_15_1_1778928105.wav,1,正常,1,0,0,0,0,正常,,1150,1,19.1667,1.69,0.21697,0,0,0,0,0,正常,正常,0,外圈,,,333.333,666.667,8.64702,3.10519,6.40468,9.51306,0,3.8,0.7996,,,0,0,0,0,0,0,[]
19443,/home/dayin/git/audio-labeling/backend/storage/audio/product_1/record_15_1_1778928588.wav,1,正常,1,0,0,0,0,正常,,1150,1,19.1667,2.55795,0.465705,0,0,0,0,0,正常,正常,0,外圈,,,1,333.333,3.70264,3.02913,4.28474,6.34124,0,3.85,0.8858,,,0,0,0,0,0,0,[]
19444,/home/dayin/git/audio-labeling/backend/storage/audio/product_1/record_17_1_1778928588.wav,1,正常,1,0,0,0,0,正常,,1150,1,19.1667,3.19395,0.480024,0,0,0,0,0,正常,正常,0,外圈,,,333.333,666.667,3.86936,3.0233,4.32967,6.41303,0,3.8,0.6951,,,0,0,0,0,0,0,[]
19445,/home/dayin/git/audio-labeling/backend/storage/audio/product_1/record_17_1_1778929576.wav,1,正常,1,0,0,0,0,正常,,1150,1,19.1667,1.68275,0.283886,0,0,0,0,0,正常,正常,0,外圈,,,4950,5500,4.09628,3.18771,4.91846,7.34275,0,3.85,0.751,,,0,0,0,0,0,0,[]
19446,/home/dayin/git/audio-labeling/backend/storage/audio/product_1/record_15_1_1778930107.wav,1,正常,1,0,0,0,0,正常,,1150,1,19.1667,2.37936,0.356706,0,0,0,0,0,正常,正常,0,外圈,,,1,333.333,3.92477,3.01028,4.67923,6.90971,0,3.94781,0.9093,,,0,0,0,0,0,0,[]
19447,/home/dayin/git/audio-labeling/backend/storage/audio/product_1/record_15_1_1778931524.wav,1,正常,1,0,0,0,0,正常,,1150,1,19.1667,2.22077,0.376703,0,0,0,0,0,正常,正常,0,外圈,,,166.667,500,3.64609,3.07449,4.5839,6.82077,0,3.85,0.7366,,,0,0,0,0,0,0,[]
19448,/home/dayin/git/audio-labeling/backend/storage/audio/product_1/record_15_1_1778977328.wav,1,正常,1,0,0,0,0,正常,,1150,1,19.1667,2.807,0.225426,0,0,0,0,0,正常,正常,0,外圈,,,500,1000,6.03905,3.1452,5.17677,7.73642,0,3.85,0.7687,,,0,0,0,0,0,0,[]
19449,/home/dayin/git/audio-labeling/backend/storage/audio/product_1/record_15_1_1778979790.wav,1,正常,1,0,0,0,0,正常,,1150,1,19.1667,3.69017,0.216244,0,0,0,0,0,正常,正常,0,外圈,,,1,333.333,2.90611,3.15736,6.35961,9.48522,0,3.8,0.7527,,,0,0,0,0,0,0,[]
19450,/home/dayin/git/audio-labeling/backend/storage/audio/product_1/record_15_1_1778980258.wav,1,正常,1,0,0,0,0,正常,,1150,1,19.1667,1.71685,0.268256,0,0,0,0,0,正常,正常,0,外圈,,,333.333,666.667,6.47197,2.98909,5.03042,7.43335,0,3.85,0.735,,,0,0,0,0,0,0,[]
19451,/home/dayin/git/audio-labeling/backend/storage/audio/product_1/record_15_1_1778980454.wav,1,正常,1,0,0,0,0,正常,,1150,1,19.1667,1.65882,0.160306,0,0,0,0,0,正常,正常,0,外圈,,,166.667,500,5.30639,3.09407,5.48215,8.13122,0,3.85,0.7532,,,0,0,0,0,0,0,[]
19452,/home/dayin/git/audio-labeling/backend/storage/audio/product_1/record_17_1_1778980535.wav,1,正常,1,0,0,0,0,正常,,1150,1,19.1667,1.41169,0.400173,0,0,0,0,0,正常,正常,0,外圈,,,1,333.333,2.71209,3.0694,4.50473,6.69084,0,3.8,0.7282,,,0,0,0,0,0,0,[]
19453,/home/dayin/git/audio-labeling/backend/storage/audio/product_1/record_17_1_1778980774.wav,1,正常,1,0,0,0,0,正常,,1150,1,19.1667,1.58286,1.29028,0,0,0,0,0,正常,正常,0,外圈,,,2666.67,3333.33,2.98368,3.39806,9.14786,13.6467,0,3.8,0.7334,,,0,0,0,0,0,0,[]
19454,/home/dayin/git/audio-labeling/backend/storage/audio/product_1/record_15_1_1778981237.wav,1,正常,1,0,0,0,0,正常,,1150,1,19.1667,2.73608,0.290746,0,0,0,0,0,正常,正常,0,外圈,,,4650,5166.67,4.18072,3.11921,4.94997,7.37893,0,3.8,0.6928,,,0,0,0,0,0,0,[]
19455,/home/dayin/git/audio-labeling/backend/storage/audio/product_1/record_15_1_1778982015.wav,1,正常,1,0,0,0,0,正常,,1150,1,19.1667,2.57962,0.371394,0,0,0,0,0,正常,正常,0,外圈,,,4800,5333.33,3.9142,3.20276,4.68468,7.00119,0,3.85,0.7683,,,0,0,0,0,0,0,[]
19456,/home/dayin/git/audio-labeling/backend/storage/audio/product_1/record_15_1_1778985019.wav,1,正常,1,0,0,0,0,正常,,1150,1,19.1667,3.5686,0.417026,0,0,0,0,0,正常,正常,0,外圈,,,4800,5333.33,3.90179,3.18543,4.446,6.63272,0,3.85,0.8206,,,0,0,0,0,0,0,[]
19457,/home/dayin/git/audio-labeling/backend/storage/audio/product_1/record_17_1_1778986389.wav,-1,正常,0,1,0,0,0,其他异常,,1150,1,19.1667,3.04991,0.160274,0,0,0,0,0,正常,正常,0,外圈,,,1,333.333,3.96457,3.40718,6.14927,9.21673,0,3.85,0.8831,,,0,0,0,0,0,0,[]
19458,/home/dayin/git/audio-labeling/backend/storage/audio/product_1/record_15_1_1778986637.wav,1,15,1,0,0,0,0,正常,,1150,1,19.1667,1.82773,0.284826,0,0,0,0,0,正常,正常,0,外圈,,,333.333,1000,3.42309,3.06044,4.96944,7.3882,0,3.8,0.7292,,,0,0,0,0,0,0,[]
19459,/home/dayin/git/audio-labeling/backend/storage/audio/product_1/record_15_1_1779067107.wav,1,正常,1,0,0,0,0,正常,,1150,1,19.1667,1.61528,0.472529,0,0,0,0,0,正常,正常,0,外圈,,,333.333,666.667,3.58557,3.02595,4.35273,6.45552,0,3.8,0.7156,,,0,0,0,0,0,0,[]
19460,/home/dayin/git/audio-labeling/backend/storage/audio/product_1/record_17_1_1779067440.wav,1,正常,1,0,0,0,0,正常,,1150,1,19.1667,2.15624,0.419092,0,0,0,0,0,正常,正常,0,外圈,,,333.333,666.667,6.04589,3.15282,4.52984,6.74264,0,3.8,0.679,,,0,0,0,0,0,0,[]
19461,/home/dayin/git/audio-labeling/backend/storage/audio/product_1/record_15_1_1779068245.wav,-1,摩擦,0,1,0,1,0,摩擦,,1150,1,19.1667,1.08003,9.68509,1,0,0,0,0,异常,摩擦,1,外圈,,,1000,1666.67,552.006,101.669,43.9486,68.9235,0,3.81813,0.6394,,,0,0,0,0,0,0,[]
19462,/home/dayin/git/audio-labeling/backend/storage/audio/product_1/record_15_1_1779069702.wav,1,正常,1,0,0,0,0,正常,,1150,1,19.1667,1.70774,0.440917,0,0,0,0,0,正常,正常,0,外圈,,,500,833.333,2.13633,3.08319,4.36954,6.49615,0,3.8,0.7065,,,0,0,0,0,0,0,[]
19463,/home/dayin/git/audio-labeling/backend/storage/audio/product_1/record_17_1_1779070914.wav,1,正常,1,0,0,0,0,正常,,1150,1,19.1667,2.12688,0.531164,0,0,0,0,0,正常,正常,0,外圈,,,4500,5000,2.1435,3.0209,4.20518,6.23655,0,3.85,0.7416,,,0,0,0,0,0,0,[]
19464,/home/dayin/git/audio-labeling/backend/storage/audio/product_1/record_17_1_1779072075.wav,1,正常,1,0,0,0,0,正常,,1150,1,19.1667,2.26788,0.422266,0,0,0,0,0,正常,正常,0,外圈,,,4000,5000,2.23336,3.08977,4.43663,6.59498,0,3.8,0.7046,,,0,0,0,0,0,0,[]
19465,/home/dayin/git/audio-labeling/backend/storage/audio/product_1/record_15_1_1779072388.wav,1,正常,1,0,0,0,0,正常,,1150,1,19.1667,2.70433,0.237687,0,0,0,0,0,正常,正常,0,外圈,,,333.333,666.667,4.17458,3.08274,5.1263,7.60943,0,3.8,0.7168,,,0,0,0,0,0,0,[]
19466,/home/dayin/git/audio-labeling/backend/storage/audio/product_1/record_17_1_1779072465.wav,1,正常,1,0,0,0,0,正常,,1150,1,19.1667,1.58494,0.489505,0,0,0,0,0,正常,正常,0,外圈,,,333.333,666.667,8.10007,3.01227,4.32977,6.41336,0,3.85,0.7613,,,0,0,0,0,0,0,[]
19467,/home/dayin/git/audio-labeling/backend/storage/audio/product_1/record_17_1_1779074502.wav,1,正常,1,0,0,0,0,正常,,1150,1,19.1667,1.39349,0.21738,0,0,0,0,0,正常,正常,0,外圈,,,4666.67,6000,2.93745,3.56784,5.21705,7.94159,0,3.8,0.6919,,,1,0,0,0,0,0,[]
19468,/home/dayin/git/audio-labeling/backend/storage/audio/product_1/record_17_1_1779075665.wav,1,正常,1,0,0,0,0,正常,,1150,1,19.1667,1.9821,0.129453,0,0,0,0,0,正常,正常,0,外圈,,,1,333.333,2.40575,3.13407,5.63916,8.36838,0,3.8,0.7293,,,0,0,0,0,0,0,[]
19469,/home/dayin/git/audio-labeling/backend/storage/audio/product_1/record_15_1_1779083529.wav,1,正常,1,0,0,0,0,正常,,1150,1,19.1667,1.27009,4.00098,0,0,0,0,0,正常,正常,0,外圈,,,1500,1833.33,31.262,11.7129,19.9453,30.424,0,3.8,0.7401,,,0,0,0,0,0,0,[]
19470,/home/dayin/git/audio-labeling/backend/storage/audio/product_1/record_17_1_1779084353.wav,-1,摩擦,0,1,0,1,0,摩擦,,1150,1,19.1667,1.29071,5.38455,0,0,0,0,0,正常,正常,0,外圈,,,1000,1666.67,401.068,51.8379,26.7064,42.5978,0,3.8,0.722,,,0,0,0,0,0,0,[]
19471,/home/dayin/git/audio-labeling/backend/storage/audio/product_1/record_17_1_1779085746.wav,1,正常,1,0,0,0,0,正常,,1150,1,19.1667,3.48587,0.434154,0,0,0,0,0,正常,正常,0,外圈,,,4333.33,5000,2.35284,3.04519,4.4981,6.65724,0,3.85,0.9658,,,0,0,0,0,0,0,[]
19472,/home/dayin/git/audio-labeling/backend/storage/audio/product_1/record_17_1_1779088888.wav,1,正常,1,0,0,0,0,正常,,1150,1,19.1667,2.3447,0.483994,0,0,0,0,0,正常,正常,0,外圈,,,333.333,666.667,2.17214,3.05287,4.2115,6.25938,0,3.8,0.7517,,,0,0,0,0,0,0,[]
19473,/home/dayin/git/audio-labeling/backend/storage/audio/product_1/record_17_1_1779089937.wav,1,正常,1,0,0,0,0,正常,,1150,1,19.1667,2.10609,0.410618,0,0,0,0,0,正常,正常,0,外圈,,,333.333,666.667,3.09058,3.1077,4.53751,6.74892,0,3.85,0.7819,,,0,0,0,0,0,0,[]
19474,/home/dayin/git/audio-labeling/backend/storage/audio/product_1/record_15_1_1779092773.wav,1,正常,1,0,0,0,0,正常,,1150,1,19.1667,2.90102,0.294164,0,0,0,0,0,正常,正常,0,外圈,,,500,1000,4.57179,3.06994,4.90663,7.27944,0,3.8,0.718,,,0,0,0,0,0,0,[]
19475,/home/dayin/git/audio-labeling/backend/storage/audio/product_1/record_15_1_1779093207.wav,1,正常,1,0,0,0,0,正常,,1150,1,19.1667,1.93373,0.301621,0,0,0,0,0,正常,正常,0,外圈,,,1166.67,1500,4.05216,3.03253,4.85884,7.19846,0,3.8,0.7117,,,0,0,0,0,0,0,[]
19476,/home/dayin/git/audio-labeling/backend/storage/audio/product_1/record_17_1_1779094375.wav,1,正常,1,0,0,0,0,正常,,1150,1,19.1667,2.41835,0.351732,0,0,0,0,0,正常,正常,0,外圈,,,6000,6666.67,3.70874,3.06286,4.74892,7.03878,0,3.8,0.7025,,,0,0,0,0,0,0,[]
19477,/home/dayin/git/audio-labeling/backend/storage/audio/product_1/record_17_1_1779097567.wav,1,正常,1,0,0,0,0,正常,,1150,1,19.1667,3.42734,0.407712,0,0,0,0,0,正常,正常,0,外圈,,,5400,6000,2.3202,3.02893,4.56285,6.76578,0,3.8,0.7111,,,0,0,0,0,0,0,[]
19478,/home/dayin/git/audio-labeling/backend/storage/audio/product_1/record_15_1_1779101930.wav,1,正常,1,0,0,0,0,正常,,1150,1,19.1667,1.84226,0.329057,0,0,0,0,0,正常,正常,0,外圈,,,166.667,500,5.29987,3.04075,4.76018,7.05177,0,3.85,0.7479,,,0,0,0,0,0,0,[]
19479,/home/dayin/git/audio-labeling/backend/storage/audio/product_1/record_15_1_1779102214.wav,1,正常,1,0,0,0,0,正常,,1150,1,19.1667,1.05388,0.334255,0,0,0,0,0,正常,正常,0,外圈,,,1166.67,1500,6.24417,3.36071,6.43607,9.64768,0,3.85,0.7845,,,0,0,0,0,0,0,[]
19480,/home/dayin/git/audio-labeling/backend/storage/audio/product_1/record_17_1_1779102645.wav,1,正常,1,0,0,0,0,正常,,1150,1,19.1667,2.01748,0.358086,0,0,0,0,0,正常,正常,0,外圈,,,5000,5666.67,2.25963,3.04583,4.65584,6.90031,0,3.85,0.7661,,,0,0,0,0,0,0,[]
19481,/home/dayin/git/audio-labeling/backend/storage/audio/product_1/record_15_1_1779102824.wav,1,正常,1,0,0,0,0,正常,,1150,1,19.1667,2.44945,0.451921,0,0,0,0,0,正常,正常,0,外圈,,,4800,5333.33,10.7204,3.23222,7.29412,10.8371,0,3.8,0.7197,,,0,0,0,0,0,0,[]
19482,/home/dayin/git/audio-labeling/backend/storage/audio/product_1/record_17_1_1779105229.wav,-1,轴承,0,1,1,0,0,轴承,,1184.21,0,19.7368,10.3159,0.802111,0,0,0,0,0,正常,正常,0,外圈,,,2000,3333.33,3.94541,4.8176,8.31802,12.9549,0,3.8,0.7663,,,0,0,0,0,0,0,[]
19483,/home/dayin/git/audio-labeling/backend/storage/audio/product_1/record_17_1_1779106809.wav,-1,摩擦,0,1,0,1,0,摩擦,,1150,1,19.1667,1.32894,6.29825,0,0,0,0,0,正常,正常,0,外圈,,,3333.33,4666.67,56.1742,31.054,28.4363,43.9562,0,3.8,0.7225,,,0,0,0,0,0,0,[]
19484,/home/dayin/git/audio-labeling/backend/storage/audio/product_1/record_17_1_1779151254.wav,1,正常,1,0,0,0,0,正常,,1150,1,19.1667,2.20477,0.38054,0,0,0,0,0,正常,正常,0,外圈,,,1,333.333,2.49711,2.9812,4.6434,6.86981,0,3.8,0.7201,,,0,0,0,0,0,0,[]
19485,/home/dayin/git/audio-labeling/backend/storage/audio/product_1/record_15_1_1779153294.wav,1,正常,1,0,0,0,0,正常,,1150,1,19.1667,1.93483,0.123607,0,0,0,0,0,正常,正常,0,外圈,,,333.333,666.667,7.83102,3.20779,5.70838,8.5392,0,3.8,0.8653,,,0,0,0,0,0,0,[]
19486,/home/dayin/git/audio-labeling/backend/storage/audio/product_1/record_17_1_1779153412.wav,1,正常,1,0,0,0,0,正常,,1150,1,19.1667,3.0247,0.470785,0,0,0,0,0,正常,正常,0,外圈,,,1833.33,2166.67,2.36849,3.06809,4.35986,6.47418,0,3.8,0.7923,,,0,0,0,0,0,0,[]
19487,/home/dayin/git/audio-labeling/backend/storage/audio/product_1/record_17_1_1779153570.wav,1,正常,1,0,0,0,0,正常,,1150,1,19.1667,2.13546,0.380083,0,0,0,0,0,正常,正常,0,外圈,,,5250,5833.33,2.13875,3.07251,4.65503,6.90721,0,3.8,0.7684,,,0,0,0,0,0,0,[]
19488,/home/dayin/git/audio-labeling/backend/storage/audio/product_1/record_17_1_1779155096.wav,1,正常,1,0,0,0,0,正常,,1150,1,19.1667,2.18915,0.106033,0,0,0,0,0,正常,正常,0,外圈,,,166.667,500,6.20586,3.10216,5.5595,8.2667,0,3.8,0.7268,,,0,0,0,0,0,0,[]
19489,/home/dayin/git/audio-labeling/backend/storage/audio/product_1/record_17_1_1779158811.wav,1,正常,1,0,0,0,0,正常,,1150,1,19.1667,2.19999,2.64863,0,0,0,0,0,正常,正常,0,外圈,,,2500,3000,14.002,6.66218,15.0663,22.5397,0,3.85,0.7708,,,0,0,0,0,0,0,[]
19490,/home/dayin/git/audio-labeling/backend/storage/audio/product_1/record_15_1_1779159502.wav,-1,摩擦,0,1,0,1,0,摩擦,,1150,1,19.1667,0.561541,1.14386,0,0,0,0,0,正常,正常,0,外圈,,,666.667,2000,9.27384,9.88986,8.05805,14.7014,0,3.8,0.6873,,,1,0,0,0,0,0,[]
19491,/home/dayin/git/audio-labeling/backend/storage/audio/product_1/record_17_1_1779258381.wav,1,正常,1,0,0,0,0,正常,,1150,1,19.1667,1.56977,0.493571,0,0,0,0,0,正常,正常,0,外圈,,,3000,3666.67,3.35825,3.36739,7.61684,11.3373,0,3.8,0.7329,,,0,0,0,0,0,0,[]
19492,/home/dayin/git/audio-labeling/backend/storage/audio/product_1/record_15_1_1779258612.wav,1,正常,1,0,0,0,0,正常,,1150,1,19.1667,1.96132,2.34648,0,0,0,0,0,正常,正常,0,外圈,,,333.333,666.667,3.84954,4.15475,13.8411,20.6779,0,3.85,0.7481,,,0,0,0,0,0,0,[]
19493,/home/dayin/git/audio-labeling/backend/storage/audio/product_1/record_15_1_1779258984.wav,1,正常,1,0,0,0,0,正常,,1150,1,19.1667,2.27073,0.387683,0,0,0,0,0,正常,正常,0,外圈,,,166.667,500,4.39891,3.00411,4.55557,6.73189,0,3.8,0.7444,,,0,0,0,0,0,0,[]
19494,/home/dayin/git/audio-labeling/backend/storage/audio/product_1/record_15_1_1779262581.wav,1,正常,1,0,0,0,0,正常,,1150,1,19.1667,3.14896,0.145251,0,0,0,0,0,正常,正常,0,外圈,,,333.333,666.667,14.7645,3.24902,5.59333,8.38196,0,3.8,0.6898,,,0,0,0,0,0,0,[]
19495,/home/dayin/git/audio-labeling/backend/storage/audio/product_1/record_17_1_1779263896.wav,1,正常,1,0,0,0,0,正常,,1150,1,19.1667,1.88173,0.32289,0,0,0,0,0,正常,正常,0,外圈,,,1,333.333,4.69326,3.11267,4.81996,7.1406,0,3.95,0.6581,,,0,0,0,0,0,0,[]
19496,/home/dayin/git/audio-labeling/backend/storage/audio/product_1/record_15_1_1779264625.wav,1,正常,1,0,0,0,0,正常,,1150,1,19.1667,2.06317,0.447948,0,0,0,0,0,正常,正常,0,外圈,,,333.333,666.667,5.45325,3.02333,4.32353,6.40966,0,3.85,0.7402,,,0,0,0,0,0,0,[]
19497,/home/dayin/git/audio-labeling/backend/storage/audio/product_1/record_15_1_1779265923.wav,1,正常,1,0,0,0,0,正常,,1150,1,19.1667,1.467,0.91307,0,0,0,0,0,正常,正常,0,外圈,,,833.333,1166.67,54.8434,3.56378,9.16647,13.6494,0,3.8,0.7107,,,0,0,0,0,0,0,[]
19498,/home/dayin/git/audio-labeling/backend/storage/audio/product_1/record_15_1_1779322237.wav,1,正常,1,0,0,0,0,正常,,1150,1,19.1667,1.8594,0.176664,0,0,0,0,0,正常,正常,0,外圈,,,333.333,666.667,35.601,3.23576,5.41551,8.08834,0,3.85,0.7754,,,0,0,0,0,0,0,[]
19499,/home/dayin/git/audio-labeling/backend/storage/audio/product_1/record_15_1_1779323120.wav,1,正常,1,0,0,0,0,正常,,1150,1,19.1667,1.79763,0.39363,0,0,0,0,0,正常,正常,0,外圈,,,333.333,666.667,8.34813,3.08401,4.60908,6.85552,0,3.8,0.7605,,,0,0,0,0,0,0,[]
19500,/home/dayin/git/audio-labeling/backend/storage/audio/product_1/record_15_1_1779323143.wav,1,正常,1,0,0,0,0,正常,,1150,1,19.1667,1.4378,0.418757,0,0,0,0,0,正常,正常,0,外圈,,,333.333,666.667,7.24465,3.09884,4.52672,6.74539,0,3.8,0.9695,,,0,0,0,0,0,0,[]
19501,/home/dayin/git/audio-labeling/backend/storage/audio/product_1/record_17_1_1779323287.wav,1,正常,1,0,0,0,0,正常,,1150,1,19.1667,1.17254,0.727358,0,0,0,0,0,正常,正常,0,外圈,,,4333.33,5000,3.58917,3.18733,8.03757,11.9196,0,3.8,0.7453,,,0,0,0,0,0,0,[]
19502,/home/dayin/git/audio-labeling/backend/storage/audio/product_1/record_15_1_1779323364.wav,1,正常,1,0,0,0,0,正常,,1150,1,19.1667,1.51176,0.140016,0,0,0,0,0,正常,正常,0,外圈,,,166.667,500,6.52471,3.18552,5.60674,8.35498,0,3.85,0.7662,,,0,0,0,0,0,0,[]
19503,/home/dayin/git/audio-labeling/backend/storage/audio/product_1/record_17_1_1779325227.wav,1,正常,1,0,0,0,0,正常,,1150,1,19.1667,2.22036,0.316523,0,0,0,0,0,正常,正常,0,外圈,,,5250,5833.33,2.35703,3.0429,4.80456,7.12064,0,3.8,0.7056,,,0,0,0,0,0,0,[]
19504,/home/dayin/git/audio-labeling/backend/storage/audio/product_1/record_15_1_1779325875.wav,1,正常,1,0,0,0,0,正常,,1150,1,19.1667,1.8051,0.341767,0,0,0,0,0,正常,正常,0,外圈,,,333.333,666.667,9.68517,3.11915,4.72636,7.03919,0,3.8,0.7121,,,0,0,0,0,0,0,[]
19505,/home/dayin/git/audio-labeling/backend/storage/audio/product_1/record_15_1_1779326581.wav,1,正常,1,0,0,0,0,正常,,1150,1,19.1667,1.98202,0.220729,0,0,0,0,0,正常,正常,0,外圈,,,333.333,666.667,10.351,3.17014,5.21336,7.77214,0,3.8,0.7291,,,0,0,0,0,0,0,[]
19506,/home/dayin/git/audio-labeling/backend/storage/audio/product_1/record_17_1_1779328704.wav,1,正常,1,0,0,0,0,正常,,1150,1,19.1667,2.01278,0.13091,0,0,0,0,0,正常,正常,0,外圈,,,4650,5166.67,3.37442,3.26345,5.70415,8.53225,0,3.8,0.7141,,,0,0,0,0,0,0,[]
19507,/home/dayin/git/audio-labeling/backend/storage/audio/product_1/record_15_1_1779330042.wav,1,正常,1,0,0,0,0,正常,,1150,1,19.1667,2.35815,0.459384,0,0,0,0,0,正常,正常,0,外圈,,,166.667,500,12.0936,3.02797,4.30406,6.38201,0,3.85,0.7693,,,0,0,0,0,0,0,[]
19508,/home/dayin/git/audio-labeling/backend/storage/audio/product_1/record_17_1_1779330456.wav,-1,摩擦,0,1,0,1,0,摩擦,,1150,1,19.1667,1.79033,4.8618,0,0.0678617,0,0.387031,0.387031,异常,轴承,0,滚珠,,,3000,3333.33,47.6057,27.7853,22.2023,37.8869,0,3.85,0.792,,32.21,1,1,0,0,1,1,"[{""f0"": 32.208, ""score"": 0.387, ""hits"": 4, ""cep_hits"": 1, ""interference"": false, ""guard"": """", ""band"": """", ""cls"": ""ball"", ""fr_hyp"": 18.333333333333332}]"
19509,/home/dayin/git/audio-labeling/backend/storage/audio/product_1/record_17_1_1779331030.wav,1,17,1,0,0,0,0,正常,,1150,1,19.1667,1.65147,0.357429,0,0,0,0,0,正常,正常,0,外圈,,,5400,6000,2.2924,3.14899,4.6715,6.95568,0,3.85,0.7434,,,0,0,0,0,0,0,[]
19510,/home/dayin/git/audio-labeling/backend/storage/audio/product_1/record_17_1_1779351282.wav,-1,轴承,0,1,1,0,0,轴承,,1089.47,0,18.1579,5.7459,0.425194,0,0,0,0,0,正常,正常,0,外圈,,,2000,3333.33,4.99819,5.90024,6.43829,10.6812,0,3.8,0.734,,,1,0,0,0,0,0,[]
19511,/home/dayin/git/audio-labeling/backend/storage/audio/product_1/record_15_1_1779353406.wav,1,正常,1,0,0,0,0,正常,,1150,1,19.1667,1.46307,0.153046,0,0,0,0,0,正常,正常,0,外圈,,,333.333,1000,18.066,3.11439,5.54302,8.26501,0,3.85,0.7693,,,0,0,0,0,0,0,[]
19512,/home/dayin/git/audio-labeling/backend/storage/audio/product_1/record_15_1_1778469835.wav,1,正常,1,0,0,0,0,正常,,1150,1,19.1667,3.69311,0.228895,0,0,0,0,0,正常,正常,0,外圈,,,500,1000,2.66577,3.18808,5.1568,7.70756,0,3.86869,0.7441,,,0,0,0,0,0,0,[]
19513,/home/dayin/git/audio-labeling/backend/storage/audio/product_1/record_17_1_1778667910.wav,1,正常,1,0,0,0,0,正常,,1150,1,19.1667,1.7905,0.326129,0,0,0,0,0,正常,正常,0,外圈,,,4950,5500,3.44946,3.04332,4.78221,7.10808,0,3.85,0.8146,,,0,0,0,0,0,0,[]
19514,/home/dayin/git/audio-labeling/backend/storage/audio/product_1/record_17_1_1778671068.wav,-1,17,0,1,0,0,0,其他异常,,1168.42,0,19.4737,7.75893,2.43558,0,0,0,0,0,正常,正常,0,外圈,,,1333.33,2666.67,12.4089,16.1407,9.72057,20.5075,0,3.8,0.8909,,50.26!;16.45!,4,2,2,0,0,0,"[{""f0"": 50.263, ""score"": 0.9835, ""hits"": 5, ""cep_hits"": 1, ""interference"": true, ""guard"": ""工频50Hz"", ""band"": """", ""cls"": null, ""fr_hyp"": null}, {""f0"": 16.447, ""score"": 0.1928, ""hits"": 2, ""cep_hits"": 2, ""interference"": true, ""guard"": ""低频梳(f0<20Hz,疑轴频族)"", ""band"": """", ""cls"": null, ""fr_hyp"": null}]"
19515,/home/dayin/git/audio-labeling/backend/storage/audio/product_1/record_17_1_1778718805.wav,1,正常,1,0,0,0,0,正常,,1150,1,19.1667,1.90633,0.228178,0,0,0,0,0,正常,正常,0,外圈,,,5250,5833.33,2.58819,3.14869,5.13495,7.63649,0,3.85394,0.8909,,,0,0,0,0,0,0,[]
19516,/home/dayin/git/audio-labeling/backend/storage/audio/product_1/record_15_1_1778718948.wav,1,正常,1,0,0,0,0,正常,,1150,1,19.1667,1.77896,0.317798,0,0,0,0,0,正常,正常,0,外圈,,,333.333,666.667,6.14623,3.04987,4.81382,7.1538,0,3.85,0.8104,,,0,0,0,0,0,0,[]
19517,/home/dayin/git/audio-labeling/backend/storage/audio/product_1/record_15_1_1778720970.wav,1,正常,1,0,0,0,0,正常,,1150,1,19.1667,2.31719,0.224285,0,0,0,0,0,正常,正常,0,外圈,,,166.667,500,4.81833,3.07943,5.17915,7.69508,0,3.8,0.7505,,,0,0,0,0,0,0,[]
19518,/home/dayin/git/audio-labeling/backend/storage/audio/product_1/record_15_1_1778721925.wav,-1,轴承,0,1,1,0,0,轴承,,1150,1,19.1667,3.80855,0.303585,0,0,0,0,0,正常,正常,0,外圈,,,166.667,500,7.42743,4.9271,5.42852,8.8982,0,3.85,0.9171,,,0,0,0,0,0,0,[]
19519,/home/dayin/git/audio-labeling/backend/storage/audio/product_1/record_15_1_1778722246.wav,1,正常,1,0,0,0,0,正常,,1150,1,19.1667,2.21066,0.391639,0,0,0,0,0,正常,正常,0,外圈,,,333.333,666.667,4.55047,3.11777,4.53494,6.75248,0,3.85,0.8621,,,0,0,0,0,0,0,[]
19520,/home/dayin/git/audio-labeling/backend/storage/audio/product_1/record_17_1_1778725058.wav,1,正常,1,0,0,0,0,正常,,1150,1,19.1667,2.46335,0.493962,0,0,0,0,0,正常,正常,0,外圈,,,666.667,2000,2.10775,3.03562,4.33104,6.4068,0,3.85,0.9311,,,0,0,0,0,0,0,[]
19521,/home/dayin/git/audio-labeling/backend/storage/audio/product_1/record_17_1_1778725448.wav,1,正常,1,0,0,0,0,正常,,1150,1,19.1667,1.29868,0.498684,0,0,0,0,0,正常,正常,0,外圈,,,5100,5666.67,3.44123,3.01677,4.26852,6.32752,0,3.8,0.715,,,0,0,0,0,0,0,[]
19522,/home/dayin/git/audio-labeling/backend/storage/audio/product_1/record_17_1_1778729636.wav,1,正常,1,0,0,0,0,正常,,1150,1,19.1667,1.55126,0.378101,0,0,0,0,0,正常,正常,0,外圈,,,1,333.333,3.17893,3.0986,4.58122,6.81502,0,3.85,0.7378,,,0,0,0,0,0,0,[]
19523,/home/dayin/git/audio-labeling/backend/storage/audio/product_1/record_15_1_1778736412.wav,1,正常,1,0,0,0,0,正常,,1150,1,19.1667,1.95126,0.132898,0,0,0,0,0,正常,正常,0,外圈,,,333.333,666.667,4.26668,3.12154,6.06546,9.00381,0,3.8,0.6968,,,0,0,0,0,0,0,[]
19524,/home/dayin/git/audio-labeling/backend/storage/audio/product_1/record_17_1_1778737188.wav,1,正常,1,0,0,0,0,正常,,1150,1,19.1667,2.65046,0.382359,0,0,0,0,0,正常,正常,0,外圈,,,4800,5333.33,3.36447,3.11434,4.5721,6.79869,0,3.8,0.7012,,,0,0,0,0,0,0,[]
19525,/home/dayin/git/audio-labeling/backend/storage/audio/product_1/record_17_1_1778737670.wav,1,正常,1,0,0,0,0,正常,,1150,1,19.1667,2.63245,0.364219,0,0,0,0,0,正常,正常,0,外圈,,,4800,5333.33,3.5905,3.00522,4.63503,6.85717,0,3.85,0.7451,,,0,0,0,0,0,0,[]
19526,/home/dayin/git/audio-labeling/backend/storage/audio/product_1/record_17_1_1778738278.wav,1,正常,1,0,0,0,0,正常,,1150,1,19.1667,1.56506,0.252236,0,0,0,0,0,正常,正常,0,外圈,,,666.667,1000,4.59053,3.04144,5.08353,7.53663,0,3.85,0.7436,,,0,0,0,0,0,0,[]
19527,/home/dayin/git/audio-labeling/backend/storage/audio/product_1/record_17_1_1778738682.wav,1,正常,1,0,0,0,0,正常,,1150,1,19.1667,2.01835,0.219049,0,0,0,0,0,正常,正常,0,外圈,,,1333.33,2000,2.69133,3.24441,5.19882,7.77825,0,3.8,0.7116,,,0,0,0,0,0,0,[]
19528,/home/dayin/git/audio-labeling/backend/storage/audio/product_1/record_15_1_1778739845.wav,1,正常,1,0,0,0,0,正常,,1150,1,19.1667,2.62972,2.06808,0,0,0,0,0,正常,正常,0,外圈,,,666.667,1333.33,46.4509,3.90111,12.2748,18.3733,0,3.89719,0.9678,,,0,0,0,0,0,0,[]
19529,/home/dayin/git/audio-labeling/backend/storage/audio/product_1/record_17_1_1778741049.wav,1,正常,1,0,0,0,0,正常,,1150,1,19.1667,1.3054,0.302536,0,0,0,0,0,正常,正常,0,外圈,,,333.333,666.667,2.7718,3.09277,4.8709,7.25047,0,3.85,0.7612,,,0,0,0,0,0,0,[]
19531,/home/dayin/git/audio-labeling/backend/storage/audio/product_1/record_15_1_1778743745.wav,1,正常,1,0,0,0,0,正常,,1150,1,19.1667,2.37685,0.215655,0,0,0,0,0,正常,正常,0,外圈,,,4800,5333.33,3.14384,3.13092,5.21467,7.76382,0,3.85,0.7521,,,0,0,0,0,0,0,[]
19532,/home/dayin/git/audio-labeling/backend/storage/audio/product_1/record_17_1_1778743861.wav,-1,摩擦,0,1,0,1,0,摩擦,,1150,1,19.1667,1.5659,3.64399,0,0,0,0,0,正常,正常,0,外圈,,,166.667,500,24.5202,8.91806,18.1124,27.5422,0,3.85,0.7643,,,1,0,0,0,0,0,[]
19533,/home/dayin/git/audio-labeling/backend/storage/audio/product_1/record_17_1_1778743921.wav,1,正常,1,0,0,0,0,正常,,1150,1,19.1667,1.75588,0.499231,0,0,0,0,0,正常,正常,0,外圈,,,4650,5166.67,3.37422,3.33081,6.94639,10.3762,0,3.85,0.7842,,,0,0,0,0,0,0,[]
19534,/home/dayin/git/audio-labeling/backend/storage/audio/product_1/record_17_1_1778744028.wav,1,正常,1,0,0,0,0,正常,,1150,1,19.1667,1.33931,0.221365,0,0,0,0,0,正常,正常,0,外圈,,,1,333.333,3.21138,3.28659,5.18914,7.77904,0,3.85,0.7391,,,0,0,0,0,0,0,[]
19535,/home/dayin/git/audio-labeling/backend/storage/audio/product_1/record_15_1_1778744351.wav,1,正常,1,0,0,0,0,正常,,1150,1,19.1667,2.20817,0.190881,0,0,0,0,0,正常,正常,0,外圈,,,500,1000,5.39279,3.11619,5.29123,7.85285,0,3.8,0.8915,,,0,0,0,0,0,0,[]
19536,/home/dayin/git/audio-labeling/backend/storage/audio/product_1/record_15_1_1778744718.wav,1,正常,1,0,0,0,0,正常,,1150,1,19.1667,2.50958,0.175944,0,0,0,0,0,正常,正常,0,外圈,,,1,333.333,3.49382,3.1398,6.01222,8.94872,0,3.8,0.9808,,,0,0,0,0,0,0,[]
19537,/home/dayin/git/audio-labeling/backend/storage/audio/product_1/record_15_1_1778745399.wav,1,正常,1,0,0,0,0,正常,,1150,1,19.1667,1.38017,0.318233,0,0,0,0,0,正常,正常,0,外圈,,,4800,5333.33,3.51047,3.2143,4.8123,7.20149,0,3.85,0.8862,,,0,0,0,0,0,0,[]
19538,/home/dayin/git/audio-labeling/backend/storage/audio/product_1/record_15_1_1778748877.wav,1,正常,1,0,0,0,0,正常,,1150,1,19.1667,2.34792,0.168611,0,0,0,0,0,正常,正常,0,外圈,,,2833.33,3166.67,3.51023,3.158,5.45704,8.13111,0,3.85,0.7608,,,0,0,0,0,0,0,[]
19539,/home/dayin/git/audio-labeling/backend/storage/audio/product_1/record_15_1_1778749434.wav,1,正常,1,0,0,0,0,正常,,1150,1,19.1667,1.70251,0.357139,0,0,0,0,0,正常,正常,0,外圈,,,333.333,666.667,4.2714,3.04946,4.66647,6.92892,0,3.8,0.7324,,,0,0,0,0,0,0,[]
19540,/home/dayin/git/audio-labeling/backend/storage/audio/product_1/record_15_1_1778752681.wav,1,正常,1,0,0,0,0,正常,,1150,1,19.1667,0.814413,0.37296,0,0,0,0,0,正常,正常,0,外圈,,,1,333.333,2.80536,3.09275,4.60031,6.83863,0,3.8,0.7178,,,0,0,0,0,0,0,[]
19541,/home/dayin/git/audio-labeling/backend/storage/audio/product_1/record_17_1_1778754060.wav,1,正常,1,0,0,0,0,正常,,1150,1,19.1667,2.17559,0.437866,0,0,0,0,0,正常,正常,0,外圈,,,333.333,666.667,7.06056,3.02463,4.47604,6.63149,0,3.85,0.7813,,,0,0,0,0,0,0,[]
19542,/home/dayin/git/audio-labeling/backend/storage/audio/product_1/record_15_1_1778805642.wav,-1,摩擦,0,1,0,1,0,摩擦,,1150,1,19.1667,1.99574,17.8236,1,0,0,0,0,异常,摩擦,0,外圈,,,1333.33,2000,14.9647,557.196,36.2239,146.348,0,3.93975,0.668,,,0,0,0,0,0,0,[]
19543,/home/dayin/git/audio-labeling/backend/storage/audio/product_1/record_15_1_1778806699.wav,1,正常,1,0,0,0,0,正常,,1150,1,19.1667,1.54106,0.299685,0,0,0,0,0,正常,正常,0,外圈,,,4650,5166.67,5.98521,3.19086,4.89045,7.29629,0,3.94963,0.7292,,,0,0,0,0,0,0,[]
19544,/home/dayin/git/audio-labeling/backend/storage/audio/product_1/record_17_1_1778812571.wav,1,正常,1,0,0,0,0,正常,,1150,1,19.1667,2.41741,0.415323,0,0,0,0,0,正常,正常,0,外圈,,,4650,5166.67,2.68973,3.09944,4.51924,6.72538,0,3.8,0.6921,,,0,0,0,0,0,0,[]
19545,/home/dayin/git/audio-labeling/backend/storage/audio/product_1/record_15_1_1778813265.wav,1,正常,1,0,0,0,0,正常,,1150,1,19.1667,3.18691,0.139578,0,0,0,0,0,正常,正常,0,外圈,,,166.667,500,13.0072,3.10868,5.53455,8.22944,0,3.80869,0.7781,,,0,0,0,0,0,0,[]
19546,/home/dayin/git/audio-labeling/backend/storage/audio/product_1/record_17_1_1778814854.wav,1,正常,1,0,0,0,0,正常,,1150,1,19.1667,1.94038,0.3335,0,0,0,0,0,正常,正常,0,外圈,,,6450,7166.67,3.76226,3.20023,4.80927,7.18698,0,3.85,0.7651,,,0,0,0,0,0,0,[]
19547,/home/dayin/git/audio-labeling/backend/storage/audio/product_1/record_15_1_1778815383.wav,1,正常,1,0,0,0,0,正常,,1150,1,19.1667,2.80715,0.7036,0,0,0,0,0,正常,正常,0,外圈,,,500,1000,20.8204,3.4217,7.97209,11.9058,0,3.93262,0.7506,,,0,0,0,0,0,0,[]
19548,/home/dayin/git/audio-labeling/backend/storage/audio/product_1/record_15_1_1778815938.wav,1,正常,1,0,0,0,0,正常,,1150,1,19.1667,1.82016,0.231894,0,0,0,0,0,正常,正常,0,外圈,,,1,333.333,2.45806,3.04059,5.07732,7.523,0,3.896,0.6757,,,0,0,0,0,0,0,[]
19549,/home/dayin/git/audio-labeling/backend/storage/audio/product_1/record_17_1_1778822686.wav,1,正常,1,0,0,0,0,正常,,1150,1,19.1667,1.34721,0.103393,0,0,0,0,0,正常,正常,0,外圈,,,4500,5000,4.9794,3.09154,5.63899,8.38366,0,3.88719,0.875,,,0,0,0,0,0,0,[]
19550,/home/dayin/git/audio-labeling/backend/storage/audio/product_1/record_15_1_1778823472.wav,1,正常,1,0,0,0,0,正常,,1150,1,19.1667,1.88064,0.343252,0,0,0,0,0,正常,正常,0,外圈,,,4650,5166.67,3.70564,3.08472,4.7021,7.00026,0,3.917,0.9276,,,0,0,0,0,0,0,[]
19551,/home/dayin/git/audio-labeling/backend/storage/audio/product_1/record_17_1_1778823567.wav,1,正常,1,0,0,0,0,正常,,1150,1,19.1667,2.88288,0.455167,0,0,0,0,0,正常,正常,0,外圈,,,5400,6000,2.54464,2.98827,4.40783,6.52698,0,3.85,0.8178,,,0,0,0,0,0,0,[]
19552,/home/dayin/git/audio-labeling/backend/storage/audio/product_1/record_17_1_1778824791.wav,1,正常,1,0,0,0,0,正常,,1150,1,19.1667,1.58102,0.485657,0,0,0,0,0,正常,正常,0,外圈,,,4650,5166.67,4.50889,3.12326,4.21114,6.27348,0,3.86863,0.6969,,,0,0,0,0,0,0,[]
19553,/home/dayin/git/audio-labeling/backend/storage/audio/product_1/record_17_1_1778828079.wav,1,正常,1,0,0,0,0,正常,,1150,1,19.1667,2.23289,1.1005,0,0,0,0,0,正常,正常,0,外圈,,,833.333,1166.67,14.266,3.48712,9.22461,13.7739,0,3.8,0.7323,,,0,0,0,0,0,0,[]
19554,/home/dayin/git/audio-labeling/backend/storage/audio/product_1/record_15_1_1778828275.wav,1,正常,1,0,0,0,0,正常,,1150,1,19.1667,1.52351,0.34193,0,0,0,0,0,正常,正常,0,外圈,,,3900,4333.33,2.96781,3.14415,4.70079,7.03466,0,3.92925,0.5688,,,0,0,0,0,0,0,[]
19555,/home/dayin/git/audio-labeling/backend/storage/audio/product_1/record_15_1_1778830919.wav,-1,轴承,0,1,1,0,0,轴承,,1073.68,0,17.8947,8.2573,0.512024,0,0.641515,0.0619535,0.228839,0.641515,异常,轴承,0,外圈,,,666.667,2000,10.2899,5.5533,7.10649,11.4785,0,3.8,0.7337,,35.53;46.32,2,2,0,0,2,2,"[{""f0"": 35.526, ""score"": 0.1768, ""hits"": 2, ""cep_hits"": 1, ""interference"": false, ""guard"": """", ""band"": """", ""cls"": ""ball"", ""fr_hyp"": 20.0}, {""f0"": 46.316, ""score"": 0.9902, ""hits"": 5, ""cep_hits"": 2, ""interference"": false, ""guard"": """", ""band"": """", ""cls"": ""outer"", ""fr_hyp"": 18.333333333333332}]"
19556,/home/dayin/git/audio-labeling/backend/storage/audio/product_1/record_15_1_1778833987.wav,1,正常,1,0,0,0,0,正常,,1150,1,19.1667,3.43863,0.395999,0,0,0,0,0,正常,正常,0,外圈,,,333.333,666.667,2.8221,3.04066,4.51977,6.70335,0,3.8,0.7153,,,0,0,0,0,0,0,[]
19557,/home/dayin/git/audio-labeling/backend/storage/audio/product_1/record_15_1_1778835327.wav,1,正常,1,0,0,0,0,正常,,1150,1,19.1667,2.43616,0.181257,0,0,0,0,0,正常,正常,0,外圈,,,1333.33,1666.67,7.37803,3.21064,5.36724,8.00882,0,3.8,0.7037,,,0,0,0,0,0,0,[]
19558,/home/dayin/git/audio-labeling/backend/storage/audio/product_1/record_17_1_1778838388.wav,1,正常,1,0,0,0,0,正常,,1150,1,19.1667,3.03535,0.402176,0,0,0,0,0,正常,正常,0,外圈,,,1,333.333,3.07366,3.14523,4.58117,6.8454,0,3.8,0.725,,,0,0,0,0,0,0,[]
19559,/home/dayin/git/audio-labeling/backend/storage/audio/product_1/record_15_1_1778838994.wav,1,正常,1,0,0,0,0,正常,,1150,1,19.1667,1.68899,0.40595,0,0,0,0,0,正常,正常,0,外圈,,,1,333.333,2.55173,3.08769,4.48163,6.66144,0,3.8,0.7027,,,0,0,0,0,0,0,[]
19560,/home/dayin/git/audio-labeling/backend/storage/audio/product_1/record_15_1_1778839266.wav,1,正常,1,0,0,0,0,正常,,1150,1,19.1667,2.82324,0.348045,0,0,0,0,0,正常,正常,0,外圈,,,1,333.333,2.38737,3.02571,4.70368,6.96943,0,3.8,0.7095,,,0,0,0,0,0,0,[]
19561,/home/dayin/git/audio-labeling/backend/storage/audio/product_1/record_17_1_1778839398.wav,1,正常,1,0,0,0,0,正常,,1150,1,19.1667,1.76351,0.352541,0,0,0,0,0,正常,正常,0,外圈,,,6450,7166.67,3.93675,3.24626,6.54158,9.75466,0,3.85,0.7544,,,0,0,0,0,0,0,[]
19562,/home/dayin/git/audio-labeling/backend/storage/audio/product_1/record_15_1_1778841071.wav,1,正常,1,0,0,0,0,正常,,1150,1,19.1667,2.40842,2.60722,0,0,0,0,0,正常,正常,0,外圈,,,3333.33,4666.67,8.88489,4.44329,12.7675,19.1769,0,3.88831,0.8009,,,0,0,0,0,0,0,[]
19563,/home/dayin/git/audio-labeling/backend/storage/audio/product_1/record_17_1_1778843176.wav,1,正常,1,0,0,0,0,正常,,1150,1,19.1667,2.81633,0.470288,0,0,0,0,0,正常,正常,0,外圈,,,5250,5833.33,2.81541,3.22448,4.26449,6.39113,0,3.8,0.6994,,,0,0,0,0,0,0,[]
19564,/home/dayin/git/audio-labeling/backend/storage/audio/product_1/record_15_1_1778843487.wav,1,正常,1,0,0,0,0,正常,,1150,1,19.1667,2.38946,0.567623,0,0,0,0,0,正常,正常,0,外圈,,,666.667,1333.33,7.09985,3.55976,7.06172,10.6308,0,3.85,0.7807,,,0,0,0,0,0,0,[]
19565,/home/dayin/git/audio-labeling/backend/storage/audio/product_1/record_17_1_1778843601.wav,1,正常,1,0,0,0,0,正常,,1150,1,19.1667,1.70519,0.230433,0,0,0,0,0,正常,正常,0,外圈,,,1,333.333,2.31481,3.05934,5.13842,7.58795,0,3.85,0.8824,,,0,0,0,0,0,0,[]
19566,/home/dayin/git/audio-labeling/backend/storage/audio/product_1/record_17_1_1778843720.wav,1,正常,1,0,0,0,0,正常,,1150,1,19.1667,1.82893,0.240371,0,0,0,0,0,正常,正常,0,外圈,,,4950,5500,3.43041,3.10376,5.13431,7.6202,0,3.8,0.7313,,,0,0,0,0,0,0,[]
19567,/home/dayin/git/audio-labeling/backend/storage/audio/product_1/record_17_1_1778845867.wav,1,正常,1,0,0,0,0,正常,,1150,1,19.1667,2.88644,0.465084,0,0,0,0,0,正常,正常,0,外圈,,,1,333.333,4.17038,3.10684,4.37948,6.5117,0,3.8,0.701,,,0,0,0,0,0,0,[]
19568,/home/dayin/git/audio-labeling/backend/storage/audio/product_1/record_15_1_1778847851.wav,1,正常,1,0,0,0,0,正常,,1150,1,19.1667,2.16066,52.7211,1,0,0,0,0,异常,摩擦,0,外圈,,,333.333,666.667,5.64461,590.807,36.2743,159.837,0,3.92713,0.7228,,,0,0,0,0,0,0,[]
19569,/home/dayin/git/audio-labeling/backend/storage/audio/product_1/record_15_1_1778847896.wav,1,正常,1,0,0,0,0,正常,,1150,1,19.1667,2.27954,0.452436,0,0,0,0,0,正常,正常,0,外圈,,,166.667,500,2.83075,3.08455,4.41779,6.56923,0,3.85,0.7488,,,0,0,0,0,0,0,[]
19570,/home/dayin/git/audio-labeling/backend/storage/audio/product_1/record_15_1_1778847928.wav,1,正常,1,0,0,0,0,正常,,1150,1,19.1667,3.11812,0.135057,0,0,0,0,0,正常,正常,0,外圈,,,333.333,666.667,3.09563,3.14263,5.95005,8.87561,0,3.94137,0.7096,,,0,0,0,0,0,0,[]
19571,/home/dayin/git/audio-labeling/backend/storage/audio/product_1/record_15_1_1778848525.wav,1,正常,1,0,0,0,0,正常,,1150,1,19.1667,1.83032,8.38036,0,0,0,0,0,正常,正常,0,外圈,,,4000,4666.67,4.55172,497.193,43.653,123.701,0,3.89556,0.7068,,,0,0,0,0,0,0,[]
19572,/home/dayin/git/audio-labeling/backend/storage/audio/product_1/record_17_1_1778890291.wav,-1,轴承,0,1,1,0,0,轴承,,1168.83,0,19.4805,14.4976,17.9818,1,0,0,0,0,异常,轴承-未定位,0,外圈,,,2666.67,5333.33,67.7079,57.9594,15.1978,68.6933,0,3.85,0.7598,,30.91;19.35!;50.39!;30.13;16.40!,5,5,3,1,2,0,"[{""f0"": 30.909, ""score"": 0.3769, ""hits"": 2, ""cep_hits"": 1, ""interference"": false, ""guard"": """", ""band"": """", ""cls"": null, ""fr_hyp"": null}, {""f0"": 19.351, ""score"": 0.3369, ""hits"": 2, ""cep_hits"": 1, ""interference"": true, ""guard"": ""低频梳(f0<20Hz,疑轴频族)"", ""band"": """", ""cls"": null, ""fr_hyp"": null}, {""f0"": 50.39, ""score"": 0.6552, ""hits"": 4, ""cep_hits"": 2, ""interference"": true, ""guard"": ""工频50Hz"", ""band"": """", ""cls"": null, ""fr_hyp"": null}, {""f0"": 30.13, ""score"": 0.2317, ""hits"": 3, ""cep_hits"": 1, ""interference"": false, ""guard"": """", ""band"": """", ""cls"": null, ""fr_hyp"": null}, {""f0"": 16.396, ""score"": 0.1768, ""hits"": 2, ""cep_hits"": 1, ""interference"": true, ""guard"": ""低频梳(f0<20Hz,疑轴频族)"", ""band"": """", ""cls"": null, ""fr_hyp"": null}]"
19574,/home/dayin/git/audio-labeling/backend/storage/audio/product_1/record_15_1_1778891870.wav,1,正常,1,0,0,0,0,正常,,1150,1,19.1667,1.74263,0.182133,0,0,0,0,0,正常,正常,0,外圈,,,333.333,666.667,2.73518,3.2124,5.36324,8.00233,0,3.85,0.7573,,,0,0,0,0,0,0,[]
19575,/home/dayin/git/audio-labeling/backend/storage/audio/product_1/record_15_1_1778893303.wav,1,正常,1,0,0,0,0,正常,,1150,1,19.1667,1.68019,0.324378,0,0,0,0,0,正常,正常,0,外圈,,,4800,5333.33,4.55025,3.18553,4.78719,7.16832,0,3.8,0.7028,,,0,0,0,0,0,0,[]
19576,/home/dayin/git/audio-labeling/backend/storage/audio/product_1/record_17_1_1778898578.wav,1,正常,1,0,0,0,0,正常,,1150,1,19.1667,2.7453,0.521445,0,0,0,0,0,正常,正常,0,外圈,,,333.333,666.667,16.0213,2.99986,4.26844,6.29712,0,3.8,0.7025,,,0,0,0,0,0,0,[]
19577,/home/dayin/git/audio-labeling/backend/storage/audio/product_1/record_17_1_1778898745.wav,1,正常,1,0,0,0,0,正常,,1150,1,19.1667,1.9486,0.391919,0,0,0,0,0,正常,正常,0,外圈,,,500,1000,3.18708,3.06442,4.60377,6.82887,0,3.8,0.6899,,,0,0,0,0,0,0,[]
19578,/home/dayin/git/audio-labeling/backend/storage/audio/product_1/record_17_1_1778898808.wav,-1,轴承,0,1,1,0,0,轴承,,1150,1,19.1667,3.20842,2.2149,0,0,0.176566,0.662722,0.662722,异常,轴承,0,滚珠,,,3333.33,4666.67,15.8861,18.7665,12.2144,22.3934,0,3.8,0.7077,,34.21,1,1,0,0,1,1,"[{""f0"": 34.211, ""score"": 0.6627, ""hits"": 5, ""cep_hits"": 2, ""interference"": false, ""guard"": """", ""band"": ""滚珠(BSF基频带)"", ""cls"": ""ball"", ""fr_hyp"": 19.453217928863772}]"
19579,/home/dayin/git/audio-labeling/backend/storage/audio/product_1/record_15_1_1778907331.wav,1,正常,1,0,0,0,0,正常,,1150,1,19.1667,3.24259,0.332177,0,0,0,0,0,正常,正常,0,外圈,,,333.333,666.667,3.14421,3.14172,4.76472,7.09107,0,3.85,0.7357,,,0,0,0,0,0,0,[]
19580,/home/dayin/git/audio-labeling/backend/storage/audio/product_1/record_15_1_1778908100.wav,1,正常,1,0,0,0,0,正常,,1150,1,19.1667,1.35142,6.13862,0,0,0,0,0,正常,正常,0,外圈,,,666.667,1333.33,217.767,16.6654,23.6195,36.1325,0,3.8,0.9557,,,0,0,0,0,0,0,[]
19581,/home/dayin/git/audio-labeling/backend/storage/audio/product_1/record_17_1_1778909369.wav,1,正常,1,0,0,0,0,正常,,1150,1,19.1667,2.1994,0.37007,0,0,0,0,0,正常,正常,0,外圈,,,4650,5166.67,3.06553,3.1224,4.60429,6.87462,0,3.8,0.8223,,,0,0,0,0,0,0,[]
19582,/home/dayin/git/audio-labeling/backend/storage/audio/product_1/record_17_1_1778918126.wav,1,正常,1,0,0,0,0,正常,,1150,1,19.1667,1.845,0.134009,0,0,0,0,0,正常,正常,0,外圈,,,1,1000,2.34844,3.20605,5.93844,8.88773,0,3.85,0.7824,,,0,0,0,0,0,0,[]
19583,/home/dayin/git/audio-labeling/backend/storage/audio/product_1/record_17_1_1778918883.wav,1,正常,1,0,0,0,0,正常,,1150,1,19.1667,2.30391,0.270227,0,0,0,0,0,正常,正常,0,外圈,,,166.667,500,4.11622,3.08376,5.02556,7.44389,0,3.85,0.7343,,,1,0,0,0,0,0,[]
19584,/home/dayin/git/audio-labeling/backend/storage/audio/product_1/record_15_1_1778919152.wav,1,正常,1,0,0,0,0,正常,,1150,1,19.1667,2.43185,0.318661,0,0,0,0,0,正常,正常,0,外圈,,,166.667,500,4.44805,3.15515,4.80953,7.18435,0,3.8,0.7136,,,0,0,0,0,0,0,[]
19585,/home/dayin/git/audio-labeling/backend/storage/audio/product_1/record_15_1_1778921823.wav,1,正常,1,0,0,0,0,正常,,1150,1,19.1667,3.03002,0.23272,0,0,0,0,0,正常,正常,0,外圈,,,333.333,666.667,2.9642,3.28347,5.15444,7.74514,0,3.85,0.756,,,0,0,0,0,0,0,[]
19586,/home/dayin/git/audio-labeling/backend/storage/audio/product_1/record_17_1_1778922483.wav,1,正常,1,0,0,0,0,正常,,1150,1,19.1667,2.26108,0.266563,0,0,0,0,0,正常,正常,0,外圈,,,1,333.333,2.83255,3.22657,5.00588,7.50669,0,3.85,0.7654,,,0,0,0,0,0,0,[]
19587,/home/dayin/git/audio-labeling/backend/storage/audio/product_1/record_15_1_1778927889.wav,1,正常,1,0,0,0,0,正常,,1150,1,19.1667,2.56339,0.354328,0,0,0,0,0,正常,正常,0,外圈,,,4800,5333.33,6.78135,3.12797,4.66111,6.95637,0,3.8,0.7013,,,0,0,0,0,0,0,[]
19588,/home/dayin/git/audio-labeling/backend/storage/audio/product_1/record_15_1_1778928011.wav,1,正常,1,0,0,0,0,正常,,1150,1,19.1667,1.98426,0.154223,0,0,0,0,0,正常,正常,0,外圈,,,666.667,1333.33,10.7437,3.12072,5.46091,8.12784,0,3.83356,0.7406,,,0,0,0,0,0,0,[]
19589,/home/dayin/git/audio-labeling/backend/storage/audio/product_1/record_17_1_1778929638.wav,1,正常,1,0,0,0,0,正常,,1150,1,19.1667,1.66357,0.293258,0,0,0,0,0,正常,正常,0,外圈,,,166.667,500,2.72793,3.07457,4.91629,7.30201,0,3.8,0.7284,,,0,0,0,0,0,0,[]
19590,/home/dayin/git/audio-labeling/backend/storage/audio/product_1/record_17_1_1778930637.wav,1,正常,1,0,0,0,0,正常,,1150,1,19.1667,1.14746,0.392965,0,0,0,0,0,正常,正常,0,外圈,,,5100,5666.67,2.48494,3.02242,4.53077,6.71556,0,3.8,0.6886,,,0,0,0,0,0,0,[]
19591,/home/dayin/git/audio-labeling/backend/storage/audio/product_1/record_15_1_1778932656.wav,-1,摩擦,0,1,0,1,0,摩擦,,1150,1,19.1667,3.64737,1.81561,0,0,0,0,0,正常,正常,0,外圈,,,3000,3333.33,14.7404,4.70478,11.8027,17.8374,0,3.8,0.7467,,,0,0,0,0,0,0,[]
19592,/home/dayin/git/audio-labeling/backend/storage/audio/product_1/record_17_1_1778976878.wav,1,正常,1,0,0,0,0,正常,,1150,1,19.1667,2.46739,0.463305,0,0,0,0,0,正常,正常,0,外圈,,,1,333.333,3.91268,3.09342,4.36146,6.51303,0,3.8,0.6748,,,0,0,0,0,0,0,[]
19593,/home/dayin/git/audio-labeling/backend/storage/audio/product_1/record_15_1_1778978104.wav,1,正常,1,0,0,0,0,正常,,1150,1,19.1667,1.92044,12.1092,1,0,0,0,0,异常,摩擦,1,外圈,,,333.333,666.667,5.46436,636.216,39.1749,113.704,0,3.928,0.6852,,,0,0,0,0,0,0,[]
19594,/home/dayin/git/audio-labeling/backend/storage/audio/product_1/record_15_1_1778979289.wav,1,正常,1,0,0,0,0,正常,,1150,1,19.1667,1.7973,0.802489,0,0,0,0,0,正常,正常,0,外圈,,,166.667,500,3.81024,3.35769,7.78247,11.6281,0,3.91725,0.7679,,,0,0,0,0,0,0,[]
19595,/home/dayin/git/audio-labeling/backend/storage/audio/product_1/record_15_1_1778979569.wav,1,正常,1,0,0,0,0,正常,,1150,1,19.1667,1.07384,0.363729,0,0,0,0,0,正常,正常,0,外圈,,,166.667,500,6.48096,3.07907,4.67243,6.94374,0,3.8,0.8025,,,0,0,0,0,0,0,[]
19596,/home/dayin/git/audio-labeling/backend/storage/audio/product_1/record_15_1_1778980486.wav,1,正常,1,0,0,0,0,正常,,1150,1,19.1667,1.88691,0.334488,0,0,0,0,0,正常,正常,0,外圈,,,500,1000,4.17788,3.13399,4.73305,7.0602,0,3.85,0.704,,,0,0,0,0,0,0,[]
19597,/home/dayin/git/audio-labeling/backend/storage/audio/product_1/record_17_1_1778980907.wav,1,正常,1,0,0,0,0,正常,,1150,1,19.1667,2.04632,0.344907,0,0,0,0,0,正常,正常,0,外圈,,,5250,5833.33,5.07258,3.07525,4.70884,7.01924,0,3.8,0.7462,,,0,0,0,0,0,0,[]
19598,/home/dayin/git/audio-labeling/backend/storage/audio/product_1/record_17_1_1778981745.wav,1,正常,1,0,0,0,0,正常,,1150,1,19.1667,2.17635,0.138069,0,0,0,0,0,正常,正常,0,外圈,,,4800,5333.33,2.66664,3.23565,6.04099,9.03282,0,3.8,0.6919,,,0,0,0,0,0,0,[]
19599,/home/dayin/git/audio-labeling/backend/storage/audio/product_1/record_15_1_1778982497.wav,1,正常,1,0,0,0,0,正常,,1150,1,19.1667,2.12732,0.291174,0,0,0,0,0,正常,正常,0,外圈,,,1,333.333,3.25397,3.10486,4.89185,7.2818,0,3.8,0.6838,,,0,0,0,0,0,0,[]
19600,/home/dayin/git/audio-labeling/backend/storage/audio/product_1/record_17_1_1778984187.wav,1,17,1,0,0,0,0,正常,,1150,1,19.1667,1.82917,0.411204,0,0,0,0,0,正常,正常,0,外圈,,,1000,1666.67,2.20311,3.0021,4.56161,6.74675,0,3.85,0.7596,,,0,0,0,0,0,0,[]
19601,/home/dayin/git/audio-labeling/backend/storage/audio/product_1/record_17_1_1778984782.wav,1,17,1,0,0,0,0,正常,,1150,1,19.1667,1.45599,0.448209,0,0,0,0,0,正常,正常,0,外圈,,,166.667,500,8.88978,3.08907,4.43027,6.58789,0,3.8,0.7367,,,0,0,0,0,0,0,[]
19602,/home/dayin/git/audio-labeling/backend/storage/audio/product_1/record_15_1_1778984808.wav,1,正常,1,0,0,0,0,正常,,1150,1,19.1667,2.0538,0.278993,0,0,0,0,0,正常,正常,0,外圈,,,166.667,500,6.69514,3.07935,4.99048,7.41883,0,3.8,0.7126,,,0,0,0,0,0,0,[]
19603,/home/dayin/git/audio-labeling/backend/storage/audio/product_1/record_15_1_1778984966.wav,1,正常,1,0,0,0,0,正常,,1150,1,19.1667,1.77038,0.347738,0,0,0,0,0,正常,正常,0,外圈,,,333.333,666.667,4.38853,3.08509,4.70307,6.99086,0,3.85,0.7686,,,0,0,0,0,0,0,[]
19604,/home/dayin/git/audio-labeling/backend/storage/audio/product_1/record_17_1_1778986737.wav,1,正常,1,0,0,0,0,正常,,1150,1,19.1667,1.37906,0.305127,0,0,0,0,0,正常,正常,0,外圈,,,3000,3333.33,3.02247,3.07907,4.90435,7.27485,0,3.8,0.6943,,,0,0,0,0,0,0,[]
19605,/home/dayin/git/audio-labeling/backend/storage/audio/product_1/record_17_1_1779073675.wav,1,正常,1,0,0,0,0,正常,,1150,1,19.1667,3.18238,0.442806,0,0,0,0,0,正常,正常,0,外圈,,,5700,6333.33,2.12682,3.05915,4.36152,6.48264,0,3.8,0.7356,,,0,0,0,0,0,0,[]
19606,/home/dayin/git/audio-labeling/backend/storage/audio/product_1/record_17_1_1779075459.wav,1,正常,1,0,0,0,0,正常,,1150,1,19.1667,2.09682,0.488514,0,0,0,0,0,正常,正常,0,外圈,,,4000,5000,5.41533,3.43793,7.58373,11.3588,0,3.85,0.7298,,,0,0,0,0,0,0,[]
19607,/home/dayin/git/audio-labeling/backend/storage/audio/product_1/record_15_1_1779080202.wav,-1,摩擦,0,1,0,1,0,摩擦,,1150,1,19.1667,1.5664,9.91446,1,0,0,0,0,异常,摩擦,1,外圈,,,166.667,500,11.0721,522.432,31.9767,115.226,0,3.93131,0.721,,,0,0,0,0,0,0,[]
19608,/home/dayin/git/audio-labeling/backend/storage/audio/product_1/record_15_1_1779083242.wav,1,正常,1,0,0,0,0,正常,,1150,1,19.1667,2.45717,0.343411,0,0,0,0,0,正常,正常,0,外圈,,,333.333,666.667,3.45795,3.05177,4.71996,7.0211,0,3.8,0.6962,,,0,0,0,0,0,0,[]
19609,/home/dayin/git/audio-labeling/backend/storage/audio/product_1/record_17_1_1779084572.wav,1,正常,1,0,0,0,0,正常,,1150,1,19.1667,1.52727,0.419532,0,0,0,0,0,正常,正常,0,外圈,,,333.333,666.667,2.87571,3.04753,4.44043,6.57945,0,3.8,0.8961,,,0,0,0,0,0,0,[]
19610,/home/dayin/git/audio-labeling/backend/storage/audio/product_1/record_15_1_1779084615.wav,1,正常,1,0,0,0,0,正常,,1150,1,19.1667,2.04593,0.37244,0,0,0,0,0,正常,正常,0,外圈,,,333.333,666.667,4.80285,3.03889,4.6776,6.94352,0,3.89956,0.7925,,,0,0,0,0,0,0,[]
19611,/home/dayin/git/audio-labeling/backend/storage/audio/product_1/record_17_1_1779085583.wav,1,正常,1,0,0,0,0,正常,,1150,1,19.1667,3.75319,0.513117,0,0,0,0,0,正常,正常,0,外圈,,,333.333,666.667,7.62818,3.06058,4.25891,6.31918,0,3.85,0.7618,,,0,0,0,0,0,0,[]
19612,/home/dayin/git/audio-labeling/backend/storage/audio/product_1/record_15_1_1779085715.wav,-1,轴承,0,1,1,0,0,轴承,,1150,1,19.1667,2.24619,0.619447,0,0,0,0,0,正常,正常,0,外圈,,,500,1000,8.97755,7.10577,7.1547,12.0637,0,3.85,0.7433,,,0,0,0,0,0,0,[]
19613,/home/dayin/git/audio-labeling/backend/storage/audio/product_1/record_17_1_1779087135.wav,1,正常,1,0,0,0,0,正常,,1150,1,19.1667,1.76486,0.4734,0,0,0,0,0,正常,正常,0,外圈,,,166.667,500,8.2252,3.02753,4.37697,6.48391,0,3.8,0.6885,,,0,0,0,0,0,0,[]
19614,/home/dayin/git/audio-labeling/backend/storage/audio/product_1/record_17_1_1779087317.wav,-1,摩擦,0,1,0,1,0,摩擦,,1150,1,19.1667,1.47699,5.93479,0,0.0384798,0.220583,0.12922,0.220583,异常,轴承-未定位,0,内圈,,,1333.33,2666.67,45.5824,45.1033,20.7196,43.9394,0,3.8,0.7263,,64.21,1,1,0,1,1,0,"[{""f0"": 64.211, ""score"": 0.2666, ""hits"": 4, ""cep_hits"": 2, ""interference"": false, ""guard"": """", ""band"": """", ""cls"": null, ""fr_hyp"": 18.333333333333332}]"
19615,/home/dayin/git/audio-labeling/backend/storage/audio/product_1/record_15_1_1779087410.wav,1,正常,1,0,0,0,0,正常,,1150,1,19.1667,1.34507,0.230943,0,0,0,0,0,正常,正常,0,外圈,,,666.667,1333.33,4.92575,3.09246,5.08082,7.53446,0,3.85,0.7443,,,0,0,0,0,0,0,[]
19616,/home/dayin/git/audio-labeling/backend/storage/audio/product_1/record_15_1_1779089787.wav,1,正常,1,0,0,0,0,正常,,1150,1,19.1667,1.42323,0.19902,0,0,0,0,0,正常,正常,0,外圈,,,333.333,1000,4.59242,3.18373,5.24606,7.84504,0,3.8,0.716,,,0,0,0,0,0,0,[]
19617,/home/dayin/git/audio-labeling/backend/storage/audio/product_1/record_15_1_1779091291.wav,1,正常,1,0,0,0,0,正常,,1150,1,19.1667,1.73357,0.423703,0,0,0,0,0,正常,正常,0,外圈,,,1,333.333,3.64059,3.07144,4.51341,6.69347,0,3.8,0.723,,,0,0,0,0,0,0,[]
19618,/home/dayin/git/audio-labeling/backend/storage/audio/product_1/record_15_1_1779091344.wav,1,正常,1,0,0,0,0,正常,,1150,1,19.1667,2.64581,0.183283,0,0,0,0,0,正常,正常,0,外圈,,,333.333,666.667,2.97027,3.164,5.21504,7.75919,0,3.8,0.7605,,,0,0,0,0,0,0,[]
19619,/home/dayin/git/audio-labeling/backend/storage/audio/product_1/record_15_1_1779091971.wav,1,正常,1,0,0,0,0,正常,,1150,1,19.1667,2.13922,0.399834,0,0,0,0,0,正常,正常,0,外圈,,,333.333,666.667,4.24431,3.0099,4.5109,6.6622,0,3.90619,0.8089,,,0,0,0,0,0,0,[]
19620,/home/dayin/git/audio-labeling/backend/storage/audio/product_1/record_17_1_1779092455.wav,1,正常,1,0,0,0,0,正常,,1150,1,19.1667,2.08981,0.133335,0,0,0,0,0,正常,正常,0,外圈,,,5550,6166.67,2.78033,3.08958,5.86475,8.71454,0,3.8,0.7401,,,0,0,0,0,0,0,[]
19621,/home/dayin/git/audio-labeling/backend/storage/audio/product_1/record_17_1_1779097939.wav,1,正常,1,0,0,0,0,正常,,1150,1,19.1667,1.24786,0.309494,0,0,0,0,0,正常,正常,0,外圈,,,4650,5166.67,3.00845,3.57998,6.77504,10.2092,0,3.8,0.7089,,,0,0,0,0,0,0,[]
19622,/home/dayin/git/audio-labeling/backend/storage/audio/product_1/record_15_1_1779099231.wav,1,正常,1,0,0,0,0,正常,,1150,1,19.1667,3.93449,0.183588,0,0,0,0,0,正常,正常,0,外圈,,,1,333.333,4.02667,4.15149,6.23984,9.59692,0,3.8,0.685,,,0,0,0,0,0,0,[]
19623,/home/dayin/git/audio-labeling/backend/storage/audio/product_1/record_17_1_1779100015.wav,1,正常,1,0,0,0,0,正常,,1150,1,19.1667,1.85632,0.507044,0,0,0,0,0,正常,正常,0,外圈,,,5850,6500,2.29747,3.0127,4.28261,6.34164,0,3.85,0.8918,,,0,0,0,0,0,0,[]
19624,/home/dayin/git/audio-labeling/backend/storage/audio/product_1/record_15_1_1779100355.wav,1,正常,1,0,0,0,0,正常,,1150,1,19.1667,2.0327,0.422709,0,0,0,0,0,正常,正常,0,外圈,,,500,833.333,2.55446,2.98895,4.43739,6.55785,0,3.85,0.8048,,,0,0,0,0,0,0,[]
19625,/home/dayin/git/audio-labeling/backend/storage/audio/product_1/record_15_1_1779101910.wav,1,正常,1,0,0,0,0,正常,,1150,1,19.1667,2.32536,0.389846,0,0,0,0,0,正常,正常,0,外圈,,,4650,5166.67,4.82941,3.08706,4.54794,6.7824,0,3.85,0.7362,,,0,0,0,0,0,0,[]
19626,/home/dayin/git/audio-labeling/backend/storage/audio/product_1/record_17_1_1779102121.wav,1,正常,1,0,0,0,0,正常,,1150,1,19.1667,2.0967,0.347389,0,0,0,0,0,正常,正常,0,外圈,,,1,333.333,4.53511,3.21774,4.68917,7.00868,0,3.85,0.7204,,,1,0,0,0,0,0,[]
19627,/home/dayin/git/audio-labeling/backend/storage/audio/product_1/record_15_1_1779106618.wav,1,正常,1,0,0,0,0,正常,,1150,1,19.1667,3.98111,0.167978,0,0,0,0,0,正常,正常,0,外圈,,,6450,7166.67,23.3661,3.29994,6.18016,9.2608,0,3.85,0.7768,,,0,0,0,0,0,0,[]
19628,/home/dayin/git/audio-labeling/backend/storage/audio/product_1/record_17_1_1779151589.wav,1,正常,1,0,0,0,0,正常,,1150,1,19.1667,2.15389,0.268118,0,0,0,0,0,正常,正常,0,外圈,,,5250,5833.33,2.50423,3.15733,5.00258,7.46131,0,3.8,0.6836,,,0,0,0,0,0,0,[]
19629,/home/dayin/git/audio-labeling/backend/storage/audio/product_1/record_17_1_1779151628.wav,1,正常,1,0,0,0,0,正常,,1150,1,19.1667,1.85774,0.39166,0,0,0,0,0,正常,正常,0,外圈,,,4650,5166.67,8.61097,3.32258,4.62046,6.96814,0,3.8,0.7328,,,0,0,0,0,0,0,[]
19630,/home/dayin/git/audio-labeling/backend/storage/audio/product_1/record_17_1_1779156884.wav,1,正常,1,0,0,0,0,正常,,1150,1,19.1667,3.74135,0.53087,0,0,0,0,0,正常,正常,0,外圈,,,333.333,666.667,2.14676,3.01692,4.21799,6.24449,0,3.85,0.7793,,,0,0,0,0,0,0,[]
19631,/home/dayin/git/audio-labeling/backend/storage/audio/product_1/record_15_1_1779158029.wav,1,正常,1,0,0,0,0,正常,,1150,1,19.1667,2.58117,0.408127,0,0,0,0,0,正常,正常,0,外圈,,,333.333,666.667,11.5828,3.09266,4.54737,6.75871,0,3.879,0.8172,,,0,0,0,0,0,0,[]
19632,/home/dayin/git/audio-labeling/backend/storage/audio/product_1/record_17_1_1779257909.wav,1,正常,1,0,0,0,0,正常,,1150,1,19.1667,1.33506,0.121271,0,0,0,0,0,正常,正常,0,外圈,,,6600,7333.33,7.74201,3.13021,5.92146,8.81108,0,3.85,0.7402,,,0,0,0,0,0,0,[]
19633,/home/dayin/git/audio-labeling/backend/storage/audio/product_1/record_17_1_1779259447.wav,1,正常,1,0,0,0,0,正常,,1150,1,19.1667,2.25989,0.488885,0,0,0,0,0,正常,正常,0,外圈,,,1333.33,1666.67,3.62632,3.03261,4.2035,6.21446,0,3.85,0.7531,,,0,0,0,0,0,0,[]
19634,/home/dayin/git/audio-labeling/backend/storage/audio/product_1/record_17_1_1779266913.wav,1,正常,1,0,0,0,0,正常,,1150,1,19.1667,3.12481,0.347902,0,0.182189,0,0,0.182189,异常,轴承,1,外圈,,,1000,1500,2.7093,3.01994,4.75897,7.05351,0,3.8,0.7148,,48.68,1,1,0,0,1,1,"[{""f0"": 48.684, ""score"": 0.1822, ""hits"": 2, ""cep_hits"": 1, ""interference"": false, ""guard"": """", ""band"": ""外圈(BPFO带)"", ""cls"": ""outer"", ""fr_hyp"": 18.882144391043695}]"
19635,/home/dayin/git/audio-labeling/backend/storage/audio/product_1/record_17_1_1779267145.wav,1,正常,1,0,0,0,0,正常,,1150,1,19.1667,2.27893,0.607363,0,0,0,0,0,正常,正常,0,外圈,,,666.667,1000,13.8068,3.11342,7.25711,10.7991,0,3.85,0.7213,,,0,0,0,0,0,0,[]
19636,/home/dayin/git/audio-labeling/backend/storage/audio/product_1/record_17_1_1779267177.wav,-1,摩擦,0,1,0,1,0,摩擦,,1150,1,19.1667,0.848065,9.1934,1,0,0,0,0,异常,摩擦,1,外圈,,,666.667,2000,628.833,661.468,47.2108,129.923,0,3.85,0.7237,,,0,0,0,0,0,0,[]
19637,/home/dayin/git/audio-labeling/backend/storage/audio/product_1/record_17_1_1779267677.wav,1,正常,1,0,0,0,0,正常,,1150,1,19.1667,1.90991,0.241944,0,0,0,0,0,正常,正常,0,外圈,,,4200,4666.67,2.45255,3.04659,5.11278,7.56838,0,3.8,0.8392,,,0,0,0,0,0,0,[]
19638,/home/dayin/git/audio-labeling/backend/storage/audio/product_1/record_17_1_1779270789.wav,1,正常,1,0,0,0,0,正常,,1150,1,19.1667,2.20396,0.176313,0,0,0,0,0,正常,正常,0,外圈,,,666.667,2000,2.66811,3.14046,5.41976,8.06144,0,3.85,0.9376,,50.39!,1,1,1,0,0,0,"[{""f0"": 50.39, ""score"": 0.2948, ""hits"": 4, ""cep_hits"": 1, ""interference"": true, ""guard"": ""工频50Hz"", ""band"": """", ""cls"": null, ""fr_hyp"": null}]"
19639,/home/dayin/git/audio-labeling/backend/storage/audio/product_1/record_17_1_1779272010.wav,1,正常,1,0,0,0,0,正常,,1150,1,19.1667,3.10138,0.234871,0,0,0,0,0,正常,正常,0,外圈,,,4650,5166.67,5.1877,3.20925,5.10452,7.62176,0,3.8,0.9426,,,0,0,0,0,0,0,[]
19640,/home/dayin/git/audio-labeling/backend/storage/audio/product_1/record_17_1_1779272545.wav,1,正常,1,0,0,0,0,正常,,1150,1,19.1667,1.48952,0.348276,0,0,0,0,0,正常,正常,0,外圈,,,666.667,1333.33,3.47733,3.1385,4.69874,7.01039,0,3.8,0.8274,,,0,0,0,0,0,0,[]
19641,/home/dayin/git/audio-labeling/backend/storage/audio/product_1/record_15_1_1779272781.wav,1,正常,1,0,0,0,0,正常,,1150,1,19.1667,2.12468,0.300902,0,0,0,0,0,正常,正常,0,外圈,,,500,833.333,5.74257,3.13923,6.65864,9.90066,0,3.80869,0.7252,,,0,0,0,0,0,0,[]
19642,/home/dayin/git/audio-labeling/backend/storage/audio/product_1/record_15_1_1779323671.wav,1,正常,1,0,0,0,0,正常,,1150,1,19.1667,1.85553,0.751264,0,0,0,0,0,正常,正常,0,外圈,,,333.333,666.667,15.982,3.39906,8.52489,12.8164,0,3.85,0.7371,,,0,0,0,0,0,0,[]
19643,/home/dayin/git/audio-labeling/backend/storage/audio/product_1/record_17_1_1779323872.wav,-1,17摩擦,0,1,0,1,0,摩擦,,1150,1,19.1667,2.26491,4.99457,0,0,0,0,0,正常,正常,0,外圈,,,3333.33,4000,23.2987,27.8969,22.2671,38.6251,0,3.8,0.6839,,,0,0,0,0,0,0,[]
19644,/home/dayin/git/audio-labeling/backend/storage/audio/product_1/record_17_1_1779324105.wav,1,正常,1,0,0,0,0,正常,,1150,1,19.1667,2.05238,2.72751,0,0,0,0,0,正常,正常,0,外圈,,,3333.33,4666.67,3.60778,3.97787,13.0807,19.5872,0,3.85,0.729,,,0,0,0,0,0,0,[]
19645,/home/dayin/git/audio-labeling/backend/storage/audio/product_1/record_15_1_1779325771.wav,1,正常,1,0,0,0,0,正常,,1150,1,19.1667,1.39288,0.155991,0,0,0,0,0,正常,正常,0,外圈,,,333.333,666.667,5.14477,3.17742,5.45039,8.12589,0,3.8,0.6968,,,0,0,0,0,0,0,[]
19646,/home/dayin/git/audio-labeling/backend/storage/audio/product_1/record_15_1_1779326397.wav,1,正常,1,0,0,0,0,正常,,1150,1,19.1667,2.65117,0.189009,0,0,0,0,0,正常,正常,0,外圈,,,333.333,666.667,26.2597,3.21487,5.35331,8.02559,0,3.8,0.7057,,,0,0,0,0,0,0,[]
19647,/home/dayin/git/audio-labeling/backend/storage/audio/product_1/record_17_1_1779327020.wav,1,正常,1,0,0,0,0,正常,,1150,1,19.1667,2.14519,11.7387,1,0,0,0,0,异常,摩擦,1,外圈,,,666.667,1000,3.44646,242.676,50.0216,81.5278,0,3.85,0.7146,,,0,0,0,0,0,0,[]
19648,/home/dayin/git/audio-labeling/backend/storage/audio/product_1/record_17_1_1779327127.wav,1,正常,1,0,0,0,0,正常,,1150,1,19.1667,1.2698,0.244258,0,0,0,0,0,正常,正常,0,外圈,,,333.333,666.667,5.38113,3.09923,5.0175,7.46365,0,3.8,0.6911,,,0,0,0,0,0,0,[]
19649,/home/dayin/git/audio-labeling/backend/storage/audio/product_1/record_17_1_1779327330.wav,1,17,1,0,0,0,0,正常,,1150,1,19.1667,1.92217,0.164995,0,0,0,0,0,正常,正常,0,外圈,,,1,333.333,3.069,3.22332,5.40162,8.08339,0,3.8,0.7014,,,0,0,0,0,0,0,[]
19650,/home/dayin/git/audio-labeling/backend/storage/audio/product_1/record_15_1_1779350231.wav,1,15,1,0,0,0,0,正常,,1150,1,19.1667,1.01007,0.280661,0,0,0,0,0,正常,正常,0,外圈,,,333.333,666.667,4.12991,3.10195,4.91154,7.30378,0,3.8,0.7055,,,0,0,0,0,0,0,[]
19651,/home/dayin/git/audio-labeling/backend/storage/audio/product_1/record_15_1_1779351281.wav,1,15,1,0,0,0,0,正常,,1150,1,19.1667,4.40149,0.448887,0,0,0,0,0,正常,正常,0,外圈,,,333.333,666.667,3.44179,3.07019,4.3414,6.44965,0,3.8,0.6965,,,0,0,0,0,0,0,[]
19652,/home/dayin/git/audio-labeling/backend/storage/audio/product_1/record_17_1_1779351546.wav,1,17,1,0,0,0,0,正常,,1150,1,19.1667,1.81951,0.130259,0,0,0,0,0,正常,正常,0,外圈,,,5250,5833.33,3.69296,3.06037,5.43289,8.04803,0,3.92112,0.7713,,,0,0,0,0,0,0,[]
19653,/home/dayin/git/audio-labeling/backend/storage/audio/product_1/record_17_1_1779353080.wav,-1,17,0,1,0,0,0,其他异常,,1150,1,19.1667,1.79493,2.97156,0,0,0,0,0,正常,正常,0,外圈,,,4000,5000,16.4725,17.6139,14.2679,26.0296,0,3.85,0.7496,,,0,0,0,0,0,0,[]
19654,/home/dayin/git/audio-labeling/backend/storage/audio/product_1/record_15_1_1779354195.wav,1,15,1,0,0,0,0,正常,,1150,1,19.1667,2.42986,0.208289,0,0,0,0,0,正常,正常,0,外圈,,,333.333,666.667,12.0102,3.06614,5.24504,7.79741,0,3.8,0.8197,,,0,0,0,0,0,0,[]
19655,/home/dayin/git/audio-labeling/backend/storage/audio/product_1/record_15_1_1779354505.wav,1,15,1,0,0,0,0,正常,,1150,1,19.1667,2.45464,0.340091,0,0,0,0,0,正常,正常,0,外圈,,,333.333,666.667,39.293,3.34935,6.44296,9.6622,0,3.8,0.7288,,,0,0,0,0,0,0,[]
19656,/home/dayin/git/audio-labeling/backend/storage/audio/product_1/record_15_1_1778652120.wav,1,15,1,0,0,0,0,正常,,1150,1,19.1667,4.15916,6.57839,0,0,0,0,0,正常,正常,0,外圈,,,4650,5166.67,3.97276,137.541,33.2378,58.3521,0,3.9195,0.6899,,,0,0,0,0,0,0,[]
19657,/home/dayin/git/audio-labeling/backend/storage/audio/product_1/record_15_1_1778652139.wav,1,15,1,0,0,0,0,正常,,1150,1,19.1667,2.76086,0.284515,0,0,0,0,0,正常,正常,0,外圈,,,4000,4666.67,3.92101,3.57094,6.5876,9.99089,0,3.8,0.7116,,,1,0,0,0,0,0,[]
19658,/home/dayin/git/audio-labeling/backend/storage/audio/product_1/record_15_1_1778655199.wav,1,15,1,0,0,0,0,正常,,1150,1,19.1667,1.41243,0.362377,0,0,0,0,0,正常,正常,0,外圈,,,333.333,666.667,11.376,3.07712,4.70887,7.02128,0,3.85,0.7347,,,0,0,0,0,0,0,[]
19659,/home/dayin/git/audio-labeling/backend/storage/audio/product_1/record_17_1_1778668380.wav,1,17,1,0,0,0,0,正常,,1150,1,19.1667,2.04451,0.308566,0,0,0,0,0,正常,正常,0,外圈,,,4950,5500,4.05749,3.09607,4.81529,7.17553,0,3.8,0.722,,,0,0,0,0,0,0,[]
19660,/home/dayin/git/audio-labeling/backend/storage/audio/product_1/record_17_1_1778668542.wav,1,17,1,0,0,0,0,正常,,1150,1,19.1667,3.42959,0.473997,0,0,0,0,0,正常,正常,0,外圈,,,4800,5333.33,3.02653,2.98355,4.25112,6.28451,0,3.85,0.7295,,,0,0,0,0,0,0,[]
19661,/home/dayin/git/audio-labeling/backend/storage/audio/product_1/record_15_1_1778717648.wav,1,15,1,0,0,0,0,正常,,1150,1,19.1667,3.7797,0.407293,0,0,0,0,0,正常,正常,0,外圈,,,333.333,666.667,3.86064,3.07262,4.47915,6.65594,0,3.89588,0.8033,,,0,0,0,0,0,0,[]
19662,/home/dayin/git/audio-labeling/backend/storage/audio/product_1/record_17_1_1778717683.wav,1,17,1,0,0,0,0,正常,,1150,1,19.1667,1.01054,0.285053,0,0,0,0,0,正常,正常,0,外圈,,,166.667,500,15.3287,3.19501,4.93371,7.3961,0,3.8,0.678,,,0,0,0,0,0,0,[]
19663,/home/dayin/git/audio-labeling/backend/storage/audio/product_1/record_17_1_1778718026.wav,1,17,1,0,0,0,0,正常,,1150,1,19.1667,1.4458,0.114138,0,0,0,0,0,正常,正常,0,外圈,,,5100,5666.67,3.02596,3.14021,5.54342,8.28033,0,3.85,0.7032,,,0,0,0,0,0,0,[]
19664,/home/dayin/git/audio-labeling/backend/storage/audio/product_1/record_15_1_1778720369.wav,1,15,1,0,0,0,0,正常,,1150,1,19.1667,2.79469,0.450157,0,0,0,0,0,正常,正常,0,外圈,,,4650,5166.67,2.39729,3.07089,4.42571,6.57767,0,3.8965,0.6939,,,0,0,0,0,0,0,[]
19665,/home/dayin/git/audio-labeling/backend/storage/audio/product_1/record_17_1_1778720548.wav,1,17,1,0,0,0,0,正常,,1150,1,19.1667,1.4324,0.378146,0,0,0,0,0,正常,正常,0,外圈,,,6750,7500,4.41378,3.08771,4.63376,6.88518,0,3.8,0.6951,,,0,0,0,0,0,0,[]
19666,/home/dayin/git/audio-labeling/backend/storage/audio/product_1/record_15_1_1778720777.wav,1,15,1,0,0,0,0,正常,,1150,1,19.1667,1.6884,0.335962,0,0,0,0,0,正常,正常,0,外圈,,,4800,5333.33,2.79584,3.14546,4.79956,7.15895,0,3.88781,0.7214,,,0,0,0,0,0,0,[]
19667,/home/dayin/git/audio-labeling/backend/storage/audio/product_1/record_15_1_1778721075.wav,1,15,1,0,0,0,0,正常,,1150,1,19.1667,1.63085,1.06234,0,0,0,0,0,正常,正常,0,外圈,,,666.667,1333.33,84.1208,3.68716,9.30401,13.9414,0,3.8,0.6685,,,0,0,0,0,0,0,[]
19668,/home/dayin/git/audio-labeling/backend/storage/audio/product_1/record_17_1_1778721076.wav,1,17,1,0,0,0,0,正常,,1150,1,19.1667,2.2959,2.31875,0,0,0,0,0,正常,正常,0,外圈,,,166.667,500,22.1332,4.8232,13.5002,20.477,0,3.8,0.7717,,,0,0,0,0,0,0,[]
19669,/home/dayin/git/audio-labeling/backend/storage/audio/product_1/record_15_1_1778721449.wav,-1,摩擦,0,1,0,1,0,摩擦,,1150,1,19.1667,2.09736,5.32024,0,0,0,0,0,正常,正常,0,外圈,,,666.667,1333.33,59.1839,40.4664,25.605,41.379,0,3.82275,0.7361,,,0,0,0,0,0,0,[]
19670,/home/dayin/git/audio-labeling/backend/storage/audio/product_1/record_15_1_1778721495.wav,1,15,1,0,0,0,0,正常,,1150,1,19.1667,1.84506,0.42164,0,0,0,0,0,正常,正常,0,外圈,,,4500,5000,7.98203,3.27868,7.34186,10.9209,0,3.85,0.7558,,,0,0,0,0,0,0,[]
19671,/home/dayin/git/audio-labeling/backend/storage/audio/product_1/record_17_1_1778721779.wav,1,17,1,0,0,0,0,正常,,1150,1,19.1667,2.00033,0.399315,0,0,0,0,0,正常,正常,0,外圈,,,4950,5500,2.22684,3.06285,4.50504,6.69604,0,3.8,0.6937,,,0,0,0,0,0,0,[]
19672,/home/dayin/git/audio-labeling/backend/storage/audio/product_1/record_17_1_1778722280.wav,1,17,1,0,0,0,0,正常,,1150,1,19.1667,2.39341,0.266224,0,0,0,0,0,正常,正常,0,外圈,,,1000,2000,2.695,3.15849,5.01385,7.45972,0,3.85,0.7112,,,0,0,0,0,0,0,[]
19673,/home/dayin/git/audio-labeling/backend/storage/audio/product_1/record_15_1_1778723301.wav,1,15,1,0,0,0,0,正常,,1150,1,19.1667,2.54157,0.462732,0,0,0,0,0,正常,正常,0,外圈,,,1,333.333,2.68494,3.01764,4.29056,6.34967,0,3.85,0.718,,,0,0,0,0,0,0,[]
19674,/home/dayin/git/audio-labeling/backend/storage/audio/product_1/record_17_1_1778723441.wav,1,17,1,0,0,0,0,正常,,1150,1,19.1667,1.6611,6.50582,0,0,0,0,0,正常,正常,0,外圈,,,1000,1666.67,586.488,32.0248,26.4462,40.9153,0,3.8,0.6755,,,0,0,0,0,0,0,[]
19675,/home/dayin/git/audio-labeling/backend/storage/audio/product_1/record_15_1_1778725626.wav,1,15,1,0,0,0,0,正常,,1150,1,19.1667,2.22205,0.137275,0,0,0,0,0,正常,正常,0,外圈,,,333.333,1000,4.01073,3.45036,5.66326,8.5432,0,3.85,0.7172,,,0,0,0,0,0,0,[]
19676,/home/dayin/git/audio-labeling/backend/storage/audio/product_1/record_17_1_1778729591.wav,1,17,1,0,0,0,0,正常,,1150,1,19.1667,1.15629,0.212833,0,0,0,0,0,正常,正常,0,外圈,,,166.667,500,5.99697,3.13201,5.19117,7.7372,0,3.85,0.7345,,,0,0,0,0,0,0,[]
19677,/home/dayin/git/audio-labeling/backend/storage/audio/product_1/record_17_1_1778730050.wav,1,17,1,0,0,0,0,正常,,1150,1,19.1667,1.49914,0.146003,0,0,0,0,0,正常,正常,0,外圈,,,1,333.333,3.18224,3.32839,5.51456,8.30634,0,3.85,0.698,,,0,0,0,0,0,0,[]
19678,/home/dayin/git/audio-labeling/backend/storage/audio/product_1/record_15_1_1778737166.wav,1,15,1,0,0,0,0,正常,,1150,1,19.1667,2.04056,0.352448,0,0,0,0,0,正常,正常,0,外圈,,,4950,5500,3.28588,3.05961,4.67207,6.93999,0,3.85,0.7199,,,0,0,0,0,0,0,[]
19679,/home/dayin/git/audio-labeling/backend/storage/audio/product_1/record_17_1_1778737167.wav,1,17,1,0,0,0,0,正常,,1150,1,19.1667,3.14324,0.40034,0,0,0,0,0,正常,正常,0,外圈,,,5100,5666.67,2.79647,3.06631,4.51516,6.70462,0,3.8,0.6772,,,0,0,0,0,0,0,[]
19680,/home/dayin/git/audio-labeling/backend/storage/audio/product_1/record_17_1_1778738837.wav,1,17,1,0,0,0,0,正常,,1150,1,19.1667,1.70678,0.367578,0,0,0,0,0,正常,正常,0,外圈,,,1,333.333,9.68008,3.32756,7.1388,10.6329,0,3.86987,0.7418,,,0,0,0,0,0,0,[]
19681,/home/dayin/git/audio-labeling/backend/storage/audio/product_1/record_15_1_1778739617.wav,1,15,1,0,0,0,0,正常,,1150,1,19.1667,1.88842,0.354,0,0,0,0,0,正常,正常,0,外圈,,,4950,5500,3.04277,3.11064,4.68285,6.96644,0,3.8,0.6684,,,0,0,0,0,0,0,[]
19682,/home/dayin/git/audio-labeling/backend/storage/audio/product_1/record_17_1_1778740227.wav,1,17,1,0,0,0,0,正常,,1150,1,19.1667,1.42911,0.454671,0,0,0,0,0,正常,正常,0,外圈,,,333.333,666.667,4.31104,3.0988,4.41911,6.56613,0,3.8,0.6857,,,0,0,0,0,0,0,[]
19683,/home/dayin/git/audio-labeling/backend/storage/audio/product_1/record_15_1_1778742993.wav,1,15,1,0,0,0,0,正常,,1150,1,19.1667,1.44686,0.33389,0,0,0,0,0,正常,正常,0,外圈,,,4650,5166.67,3.74449,3.04103,4.75991,7.05108,0,3.82044,0.9365,,,0,0,0,0,0,0,[]
19684,/home/dayin/git/audio-labeling/backend/storage/audio/product_1/record_17_1_1778743791.wav,1,17,1,0,0,0,0,正常,,1150,1,19.1667,2.06325,0.243844,0,0,0,0,0,正常,正常,0,外圈,,,1000,1666.67,2.88332,3.08311,5.08648,7.51412,0,3.8,0.8735,,,0,0,0,0,0,0,[]
19685,/home/dayin/git/audio-labeling/backend/storage/audio/product_1/record_15_1_1778745836.wav,1,15,1,0,0,0,0,正常,,1150,1,19.1667,1.54041,0.283718,0,0,0,0,0,正常,正常,0,外圈,,,4800,5333.33,3.19118,3.15055,4.94584,7.36045,0,3.85,0.7361,,,0,0,0,0,0,0,[]
19686,/home/dayin/git/audio-labeling/backend/storage/audio/product_1/record_15_1_1778748858.wav,1,15,1,0,0,0,0,正常,,1150,1,19.1667,2.08914,0.407104,0,0,0,0,0,正常,正常,0,外圈,,,166.667,500,5.62648,3.13481,4.56696,6.80306,0,3.85,0.7397,,,0,0,0,0,0,0,[]
19687,/home/dayin/git/audio-labeling/backend/storage/audio/product_1/record_17_1_1778748988.wav,1,17,1,0,0,0,0,正常,,1150,1,19.1667,3.12673,0.132059,0,0,0,0,0,正常,正常,0,外圈,,,166.667,500,13.4332,3.15632,6.05531,9.01498,0,3.85,0.7654,,,1,0,0,0,0,0,[]
19688,/home/dayin/git/audio-labeling/backend/storage/audio/product_1/record_15_1_1778753360.wav,1,15,1,0,0,0,0,正常,,1150,1,19.1667,2.18572,0.381555,0,0,0,0,0,正常,正常,0,外圈,,,333.333,666.667,2.43134,3.08824,4.5774,6.82883,0,3.8,0.728,,,0,0,0,0,0,0,[]
19689,/home/dayin/git/audio-labeling/backend/storage/audio/product_1/record_17_1_1778757677.wav,1,17,1,0,0,0,0,正常,,1150,1,19.1667,2.1063,0.161501,0,0,0,0,0,正常,正常,0,外圈,,,666.667,1000,8.48014,3.27703,5.49662,8.2602,0,3.85,0.7271,,,0,0,0,0,0,0,[]
19690,/home/dayin/git/audio-labeling/backend/storage/audio/product_1/record_17_1_1778760811.wav,1,17,1,0,0,0,0,正常,,1150,1,19.1667,3.15719,1.21274,0,0,0,0,0,正常,正常,0,外圈,,,2500,2833.33,3.82422,3.99843,9.82655,14.7495,0,3.85,0.7388,,,0,0,0,0,0,0,[]
19691,/home/dayin/git/audio-labeling/backend/storage/audio/product_1/record_15_1_1778804399.wav,1,15,1,0,0,0,0,正常,,1150,1,19.1667,1.88515,0.390825,0,0,0,0,0,正常,正常,0,外圈,,,333.333,666.667,3.157,3.12654,4.53082,6.76815,0,3.89475,0.7101,,,0,0,0,0,0,0,[]
19692,/home/dayin/git/audio-labeling/backend/storage/audio/product_1/record_17_1_1778805138.wav,1,17,1,0,0,0,0,正常,,1150,1,19.1667,2.81684,0.125908,0,0,0,0,0,正常,正常,0,外圈,,,3000,3333.33,2.66201,3.11282,5.68068,8.45421,0,3.85,0.7545,,,0,0,0,0,0,0,[]
19693,/home/dayin/git/audio-labeling/backend/storage/audio/product_1/record_15_1_1778805685.wav,1,15,1,0,0,0,0,正常,,1150,1,19.1667,2.91682,0.384678,0,0,0,0,0,正常,正常,0,外圈,,,166.667,500,4.45371,3.12202,4.63944,6.90923,0,3.85,0.7575,,,0,0,0,0,0,0,[]
19694,/home/dayin/git/audio-labeling/backend/storage/audio/product_1/record_15_1_1778805798.wav,-1,15,0,1,0,0,0,其他异常,,1150,1,19.1667,3.25536,0.676501,0,0,0,0,0,正常,正常,0,外圈,,,1000,1666.67,10.6968,5.37829,8.01884,12.4083,0,3.80725,0.7178,,,0,0,0,0,0,0,[]
19695,/home/dayin/git/audio-labeling/backend/storage/audio/product_1/record_15_1_1778805817.wav,1,15,1,0,0,0,0,正常,,1150,1,19.1667,2.52305,0.392781,0,0,0,0,0,正常,正常,0,外圈,,,1,333.333,3.55793,3.03876,4.53912,6.70622,0,3.95,0.6643,,,0,0,0,0,0,0,[]
19696,/home/dayin/git/audio-labeling/backend/storage/audio/product_1/record_15_1_1778806631.wav,1,15,1,0,0,0,0,正常,,1150,1,19.1667,1.10493,0.362623,0,0,0,0,0,正常,正常,0,外圈,,,4800,5333.33,4.24321,3.11884,4.64159,6.92858,0,3.82756,0.6511,,,0,0,0,0,0,0,[]
19697,/home/dayin/git/audio-labeling/backend/storage/audio/product_1/record_15_1_1778808503.wav,1,15,1,0,0,0,0,正常,,1150,1,19.1667,2.09612,0.445108,0,0,0,0,0,正常,正常,0,外圈,,,4800,5333.33,2.54404,3.01988,4.4779,6.61497,0,3.85,0.7552,,,0,0,0,0,0,0,[]
19698,/home/dayin/git/audio-labeling/backend/storage/audio/product_1/record_15_1_1778811612.wav,1,15,1,0,0,0,0,正常,,1150,1,19.1667,2.43526,0.199732,0,0,0,0,0,正常,正常,0,外圈,,,6900,7666.67,2.72594,3.04336,5.18216,7.67521,0,3.94744,0.951,,,0,0,0,0,0,0,[]
19699,/home/dayin/git/audio-labeling/backend/storage/audio/product_1/record_17_1_1778813435.wav,1,17,1,0,0,0,0,正常,,1150,1,19.1667,3.05267,0.455952,0,0,0,0,0,正常,正常,0,外圈,,,4650,5166.67,3.35593,3.08772,4.40822,6.55063,0,3.85,0.8848,,,0,0,0,0,0,0,[]
19700,/home/dayin/git/audio-labeling/backend/storage/audio/product_1/record_15_1_1778815232.wav,1,15,1,0,0,0,0,正常,,1150,1,19.1667,2.26866,0.833522,0,0,0,0,0,正常,正常,0,外圈,,,2833.33,3166.67,4.30363,3.75093,8.61996,12.9956,0,3.85,0.7488,,,0,0,0,0,0,0,[]
19701,/home/dayin/git/audio-labeling/backend/storage/audio/product_1/record_15_1_1778820991.wav,1,15,1,0,0,0,0,正常,,1150,1,19.1667,1.23385,0.148756,0,0,0,0,0,正常,正常,0,外圈,,,1,333.333,3.51928,3.16846,5.32538,7.94474,0,3.8,0.6946,,,0,0,0,0,0,0,[]
19702,/home/dayin/git/audio-labeling/backend/storage/audio/product_1/record_15_1_1778825760.wav,1,15,1,0,0,0,0,正常,,1150,1,19.1667,1.41971,0.15156,0,0,0,0,0,正常,正常,0,外圈,,,333.333,666.667,2.34963,3.08048,5.47488,8.13415,0,3.8,0.7068,,,0,0,0,0,0,0,[]
19703,/home/dayin/git/audio-labeling/backend/storage/audio/product_1/record_15_1_1778826451.wav,1,15,1,0,0,0,0,正常,,1150,1,19.1667,1.54681,0.201754,0,0,0,0,0,正常,正常,0,外圈,,,333.333,666.667,4.18489,3.12907,5.27454,7.8501,0,3.85,0.7504,,,0,0,0,0,0,0,[]
19704,/home/dayin/git/audio-labeling/backend/storage/audio/product_1/record_17_1_1778826541.wav,-1,轴承,0,1,1,0,0,轴承,,1179.51,0,19.6586,12.7593,1.75245,0,0,0,0,0,正常,正常,0,外圈,,,2666.67,3333.33,12.0907,7.80523,10.4074,18.0645,0,3.866,0.7221,,19.66!,3,1,1,0,0,0,"[{""f0"": 19.659, ""score"": 0.56, ""hits"": 3, ""cep_hits"": 1, ""interference"": true, ""guard"": ""低频梳(f0<20Hz,疑轴频族)"", ""band"": """", ""cls"": null, ""fr_hyp"": null}]"
19705,/home/dayin/git/audio-labeling/backend/storage/audio/product_1/record_17_1_1778826643.wav,1,17,1,0,0,0,0,正常,,1150,1,19.1667,2.8812,0.406087,0,0,0,0,0,正常,正常,0,外圈,,,1,333.333,2.29885,3.01193,4.48634,6.64227,0,3.8,0.6934,,,0,0,0,0,0,0,[]
19706,/home/dayin/git/audio-labeling/backend/storage/audio/product_1/record_17_1_1778827393.wav,1,17,1,0,0,0,0,正常,,1150,1,19.1667,2.31003,0.40232,0,0,0,0,0,正常,正常,0,外圈,,,4950,5500,3.41154,3.08898,4.49588,6.6871,0,3.8,0.7027,,,0,0,0,0,0,0,[]
19707,/home/dayin/git/audio-labeling/backend/storage/audio/product_1/record_17_1_1778828233.wav,1,17,1,0,0,0,0,正常,,1150,1,19.1667,2.01202,0.389668,0,0,0,0,0,正常,正常,0,外圈,,,666.667,1000,8.99495,3.1337,4.53827,6.76837,0,3.8,0.7037,,,0,0,0,0,0,0,[]
19708,/home/dayin/git/audio-labeling/backend/storage/audio/product_1/record_15_1_1778830284.wav,1,15,1,0,0,0,0,正常,,1150,1,19.1667,1.91465,0.387955,0,0,0,0,0,正常,正常,0,外圈,,,166.667,500,7.49904,3.10805,4.55932,6.78424,0,3.80675,0.6477,,,0,0,0,0,0,0,[]
19709,/home/dayin/git/audio-labeling/backend/storage/audio/product_1/record_15_1_1778831368.wav,1,15,1,0,0,0,0,正常,,1150,1,19.1667,3.2195,6.80529,0,0,0,0,0,正常,正常,0,外圈,,,1,333.333,3.76388,147.664,35.4997,57.8405,0,3.89087,0.6588,,,0,0,0,0,0,0,[]
19710,/home/dayin/git/audio-labeling/backend/storage/audio/product_1/record_15_1_1778831720.wav,1,15,1,0,0,0,0,正常,,1150,1,19.1667,1.47925,0.643929,0,0,0,0,0,正常,正常,0,外圈,,,4800,5333.33,4.68908,4.25047,7.04045,10.8155,0,3.85,0.7199,,,0,0,0,0,0,0,[]
19711,/home/dayin/git/audio-labeling/backend/storage/audio/product_1/record_17_1_1778831874.wav,1,17,1,0,0,0,0,正常,,1150,1,19.1667,2.8305,0.349441,0,0,0,0,0,正常,正常,0,外圈,,,4800,5333.33,3.40687,3.18385,4.69267,7.02227,0,3.8,0.6767,,,0,0,0,0,0,0,[]
19712,/home/dayin/git/audio-labeling/backend/storage/audio/product_1/record_15_1_1778835204.wav,1,15,1,0,0,0,0,正常,,1150,1,19.1667,2.39228,0.145494,0,0,0,0,0,正常,正常,0,外圈,,,333.333,666.667,4.75403,3.23587,6.03578,9.01154,0,3.85,0.7068,,,0,0,0,0,0,0,[]
19713,/home/dayin/git/audio-labeling/backend/storage/audio/product_1/record_15_1_1778839164.wav,-1,15,0,1,0,0,0,其他异常,,1150,1,19.1667,1.63584,1.82525,0,0,0,0,0,正常,正常,0,外圈,,,2333.33,3000,4.8281,5.23613,11.8874,17.9545,0,3.89938,0.7732,,,0,0,0,0,0,0,[]
19714,/home/dayin/git/audio-labeling/backend/storage/audio/product_1/record_15_1_1778841411.wav,1,15,1,0,0,0,0,正常,,1150,1,19.1667,2.32452,0.438304,0,0,0,0,0,正常,正常,0,外圈,,,1,500,2.93575,3.04614,4.37799,6.50118,0,3.91688,1.0849,,,0,0,0,0,0,0,[]
19715,/home/dayin/git/audio-labeling/backend/storage/audio/product_1/record_15_1_1778841953.wav,1,15,1,0,0,0,0,正常,,1150,1,19.1667,1.40195,0.355301,0,0,0,0,0,正常,正常,0,外圈,,,1,333.333,4.31733,3.01674,4.739,6.99798,0,3.8,0.8124,,,0,0,0,0,0,0,[]
19716,/home/dayin/git/audio-labeling/backend/storage/audio/product_1/record_15_1_1778842037.wav,1,15,1,0,0,0,0,正常,,1150,1,19.1667,2.23295,9.83067,1,0,0,0,0,异常,摩擦,1,外圈,,,166.667,500,5.34006,631.839,50.6318,125.175,0,3.91881,0.8588,,,0,0,0,0,0,0,[]
19717,/home/dayin/git/audio-labeling/backend/storage/audio/product_1/record_17_1_1778842187.wav,1,17,1,0,0,0,0,正常,,1150,1,19.1667,3.48596,0.373028,0,0,0,0,0,正常,正常,0,外圈,,,1,333.333,3.29447,3.11044,4.63854,6.90519,0,3.85,0.7063,,,0,0,0,0,0,0,[]
19718,/home/dayin/git/audio-labeling/backend/storage/audio/product_1/record_17_1_1778843488.wav,1,17,1,0,0,0,0,正常,,1150,1,19.1667,1.95625,0.170088,0,0,0,0,0,正常,正常,0,外圈,,,4500,5000,3.44551,3.12953,5.39488,8.01294,0,3.85,0.7044,,,0,0,0,0,0,0,[]
19719,/home/dayin/git/audio-labeling/backend/storage/audio/product_1/record_17_1_1778845381.wav,1,17,1,0,0,0,0,正常,,1150,1,19.1667,1.9855,0.126394,0,0,0,0,0,正常,正常,0,外圈,,,1000,1666.67,2.85975,3.17424,5.66948,8.45783,0,3.8,0.6927,,,0,0,0,0,0,0,[]
19720,/home/dayin/git/audio-labeling/backend/storage/audio/product_1/record_15_1_1778846494.wav,1,15,1,0,0,0,0,正常,,1150,1,19.1667,3.88036,0.190759,0,0,0,0,0,正常,正常,0,外圈,,,1166.67,1500,3.85896,3.22337,5.3504,7.97246,0,3.85,0.6962,,,1,0,0,0,0,0,[]
19721,/home/dayin/git/audio-labeling/backend/storage/audio/product_1/record_15_1_1778846987.wav,-1,轴承,0,1,1,0,0,轴承,,1150,1,19.1667,2.4501,5.15803,0,0,0,0,0,正常,正常,0,外圈,,,5333.33,7984,34.3595,34.1042,12.0839,31.9577,0,3.8,0.6532,,17.11!,1,1,1,0,0,0,"[{""f0"": 17.105, ""score"": 1.0, ""hits"": 5, ""cep_hits"": 3, ""interference"": true, ""guard"": ""低频梳(f0<20Hz,疑轴频族)"", ""band"": """", ""cls"": null, ""fr_hyp"": null}]"
19722,/home/dayin/git/audio-labeling/backend/storage/audio/product_1/record_15_1_1778848117.wav,-1,15,0,1,0,0,0,其他异常,,1150,1,19.1667,1.50663,0.245603,0,0,0,0,0,正常,正常,0,外圈,,,166.667,500,5.67956,3.30473,5.06481,7.63106,0,3.85,0.7292,,,0,0,0,0,0,0,[]
19723,/home/dayin/git/audio-labeling/backend/storage/audio/product_1/record_17_1_1778848361.wav,1,17,1,0,0,0,0,正常,,1150,1,19.1667,2.604,0.504236,0,0,0,0,0,正常,正常,0,外圈,,,166.667,500,3.91318,3.05932,4.11401,6.10736,0,3.8,0.6923,,,1,0,0,0,0,0,[]
19724,/home/dayin/git/audio-labeling/backend/storage/audio/product_1/record_15_1_1778891717.wav,-1,轴承,0,1,1,0,0,轴承,,1070.1,0,17.835,16.239,2.70713,0,0,0,0,0,正常,正常,0,外圈,,,500,1000,40.3866,6.65852,13.9105,23.0026,0,3.92488,0.6883,,17.83!,1,1,1,0,0,0,"[{""f0"": 17.835, ""score"": 0.4705, ""hits"": 4, ""cep_hits"": 1, ""interference"": true, ""guard"": ""低频梳(f0<20Hz,疑轴频族)"", ""band"": """", ""cls"": null, ""fr_hyp"": null}]"
19725,/home/dayin/git/audio-labeling/backend/storage/audio/product_1/record_17_1_1778893383.wav,1,17,1,0,0,0,0,正常,,1150,1,19.1667,2.29604,0.405485,0,0,0,0,0,正常,正常,0,外圈,,,1,333.333,4.49559,3.16207,4.56888,6.85677,0,3.8,0.6625,,,0,0,0,0,0,0,[]
19726,/home/dayin/git/audio-labeling/backend/storage/audio/product_1/record_17_1_1778895360.wav,1,17,1,0,0,0,0,正常,,1150,1,19.1667,2.72527,0.42759,0,0,0,0,0,正常,正常,0,外圈,,,5100,5666.67,2.60794,3.08656,4.41765,6.56576,0,3.85,0.7196,,,0,0,0,0,0,0,[]
19727,/home/dayin/git/audio-labeling/backend/storage/audio/product_1/record_17_1_1778899038.wav,1,17,1,0,0,0,0,正常,,1150,1,19.1667,1.93469,1.21908,0,0,0,0,0,正常,正常,0,外圈,,,4000,5000,10.8292,3.80222,9.78834,14.7989,0,3.86137,0.7231,,,0,0,0,0,0,0,[]
19728,/home/dayin/git/audio-labeling/backend/storage/audio/product_1/record_15_1_1778900084.wav,1,15,1,0,0,0,0,正常,,1150,1,19.1667,3.10974,0.380522,0,0,0,0,0,正常,正常,0,外圈,,,1,333.333,3.77187,3.04929,4.57588,6.79943,0,3.8,0.6743,,,0,0,0,0,0,0,[]
19729,/home/dayin/git/audio-labeling/backend/storage/audio/product_1/record_15_1_1778900929.wav,1,15,1,0,0,0,0,正常,,1150,1,19.1667,1.72198,0.436235,0,0,0,0,0,正常,正常,0,外圈,,,333.333,1000,3.41795,3.05887,4.36844,6.48223,0,3.85,0.8547,,,0,0,0,0,0,0,[]
19730,/home/dayin/git/audio-labeling/backend/storage/audio/product_1/record_15_1_1778901729.wav,1,15,1,0,0,0,0,正常,,1150,1,19.1667,2.09677,0.907702,0,0,0,0,0,正常,正常,0,外圈,,,4650,5166.67,3.61537,4.14313,9.12411,13.8352,0,3.8,0.8605,,,0,0,0,0,0,0,[]
19731,/home/dayin/git/audio-labeling/backend/storage/audio/product_1/record_17_1_1778901937.wav,1,17,1,0,0,0,0,正常,,1150,1,19.1667,1.37037,0.402979,0,0,0,0,0,正常,正常,0,外圈,,,5000,5666.67,2.51135,3.3482,4.4906,6.76231,0,3.8,0.7102,,,0,0,0,0,0,0,[]
19732,/home/dayin/git/audio-labeling/backend/storage/audio/product_1/record_15_1_1778902431.wav,1,15,1,0,0,0,0,正常,,1123.46,0,18.7244,5.42093,0.277981,0,0,0,0,0,正常,正常,0,外圈,,,2666.67,3000,2.57165,3.20299,4.96619,7.41278,0,3.84525,0.7563,,,0,0,0,0,0,0,[]
19733,/home/dayin/git/audio-labeling/backend/storage/audio/product_1/record_15_1_1778902804.wav,1,15,1,0,0,0,0,正常,,1150,1,19.1667,1.89796,0.224198,0,0,0,0,0,正常,正常,0,外圈,,,166.667,500,5.39158,3.17291,5.18274,7.74048,0,3.8,0.6656,,,0,0,0,0,0,0,[]
19734,/home/dayin/git/audio-labeling/backend/storage/audio/product_1/record_17_1_1778903043.wav,1,17,1,0,0,0,0,正常,,1150,1,19.1667,2.24275,0.305286,0,0,0,0,0,正常,正常,0,外圈,,,666.667,1333.33,2.25238,3.07901,4.87231,7.22439,0,3.8,0.6742,,,0,0,0,0,0,0,[]
19735,/home/dayin/git/audio-labeling/backend/storage/audio/product_1/record_15_1_1778903134.wav,1,15,1,0,0,0,0,正常,,1150,1,19.1667,2.49375,0.211273,0,0,0,0,0,正常,正常,0,外圈,,,333.333,666.667,2.93827,3.82128,6.38077,9.80543,0,3.8,0.6777,,,0,0,0,0,0,0,[]
19736,/home/dayin/git/audio-labeling/backend/storage/audio/product_1/record_15_1_1778908222.wav,1,15,1,0,0,0,0,正常,,1150,1,19.1667,1.73887,0.364547,0,0,0,0,0,正常,正常,0,外圈,,,166.667,500,4.34048,3.11492,4.65615,6.93895,0,3.87625,0.6557,,,0,0,0,0,0,0,[]
19737,/home/dayin/git/audio-labeling/backend/storage/audio/product_1/record_15_1_1778909699.wav,1,15,1,0,0,0,0,正常,,1150,1,19.1667,2.1166,0.261639,0,0,0,0,0,正常,正常,0,外圈,,,1,333.333,2.49385,3.14283,4.9588,7.39013,0,3.8,0.7146,,,0,0,0,0,0,0,[]
19738,/home/dayin/git/audio-labeling/backend/storage/audio/product_1/record_17_1_1778911913.wav,1,17,1,0,0,0,0,正常,,1150,1,19.1667,1.41979,0.701055,0,0,0,0,0,正常,正常,0,外圈,,,4000,4666.67,7.84708,4.23396,8.39643,12.7118,0,3.8,0.687,,,1,0,0,0,0,0,[]
19739,/home/dayin/git/audio-labeling/backend/storage/audio/product_1/record_17_1_1778912877.wav,1,17,1,0,0,0,0,正常,,1150,1,19.1667,1.24805,1.39968,0,0,0,0,0,正常,正常,0,外圈,,,6600,7333.33,32.6606,4.25932,10.5205,16.1001,0,3.8,0.6868,,,0,0,0,0,0,0,[]
19740,/home/dayin/git/audio-labeling/backend/storage/audio/product_1/record_17_1_1778912999.wav,1,17,1,0,0,0,0,正常,,1150,1,19.1667,1.75838,0.378872,0,0,0,0,0,正常,正常,0,外圈,,,5333.33,6666.67,3.0849,3.91877,6.92096,10.5877,0,3.85,0.7338,,,1,0,0,0,0,0,[]
19741,/home/dayin/git/audio-labeling/backend/storage/audio/product_1/record_15_1_1778913110.wav,1,15,1,0,0,0,0,正常,,1150,1,19.1667,1.74803,0.258507,0,0,0,0,0,正常,正常,0,外圈,,,833.333,1166.67,6.42934,3.0712,6.52999,9.69682,0,3.8,0.6844,,,0,0,0,0,0,0,[]
19742,/home/dayin/git/audio-labeling/backend/storage/audio/product_1/record_15_1_1778920292.wav,1,15,1,0,0,0,0,正常,,1150,1,19.1667,1.9352,0.408514,0,0,0,0,0,正常,正常,0,外圈,,,1,333.333,3.43925,3.04847,4.47353,6.64612,0,3.88125,0.7712,,,0,0,0,0,0,0,[]
19743,/home/dayin/git/audio-labeling/backend/storage/audio/product_1/record_17_1_1778920453.wav,1,17,1,0,0,0,0,正常,,1150,1,19.1667,1.92172,0.383564,0,0,0,0,0,正常,正常,0,外圈,,,333.333,666.667,2.55261,3.06873,4.64204,6.89713,0,3.85,0.7763,,,0,0,0,0,0,0,[]
19744,/home/dayin/git/audio-labeling/backend/storage/audio/product_1/record_15_1_1778921221.wav,1,15,1,0,0,0,0,正常,,1150,1,19.1667,1.94847,0.791444,0,0,0,0,0,正常,正常,0,外圈,,,666.667,1333.33,14.3302,3.35983,8.70338,12.9692,0,3.82825,0.7405,,,0,0,0,0,0,0,[]
19745,/home/dayin/git/audio-labeling/backend/storage/audio/product_1/record_17_1_1778921804.wav,1,17,1,0,0,0,0,正常,,1150,1,19.1667,1.80082,0.374606,0,0,0,0,0,正常,正常,0,外圈,,,333.333,666.667,16.7777,2.98599,4.60981,6.8158,0,3.85,0.8746,,,0,0,0,0,0,0,[]
19746,/home/dayin/git/audio-labeling/backend/storage/audio/product_1/record_17_1_1778927943.wav,1,17,1,0,0,0,0,正常,,1150,1,19.1667,1.514,0.276324,0,0,0,0,0,正常,正常,0,外圈,,,1000,1666.67,2.20843,3.04866,4.98665,7.38995,0,3.85,0.7095,,,0,0,0,0,0,0,[]
19747,/home/dayin/git/audio-labeling/backend/storage/audio/product_1/record_17_1_1778928657.wav,1,17,1,0,0,0,0,正常,,1150,1,19.1667,1.44418,0.298954,0,0,0,0,0,正常,正常,0,外圈,,,5100,5666.67,3.00585,3.36194,4.88984,7.38642,0,3.8,0.6745,,,0,0,0,0,0,0,[]
19748,/home/dayin/git/audio-labeling/backend/storage/audio/product_1/record_15_1_1778931132.wav,1,15,1,0,0,0,0,正常,,1150,1,19.1667,1.80895,0.179435,0,0,0,0,0,正常,正常,0,外圈,,,500,1000,5.34423,3.32193,6.00595,8.97658,0,3.8715,0.7598,,,0,0,0,0,0,0,[]
19749,/home/dayin/git/audio-labeling/backend/storage/audio/product_1/record_15_1_1778931232.wav,-1,轴承,0,1,1,0,0,轴承,,1150,1,19.1667,3.8894,2.00173,0,0.0647475,0.22793,0.919992,0.919992,异常,轴承,0,滚珠,,,2666.67,4000,17.1896,17.1256,10.9301,20.5908,0,3.85,0.7353,,26.49;33.51,4,2,0,0,2,1,"[{""f0"": 26.494, ""score"": 0.2498, ""hits"": 2, ""cep_hits"": 1, ""interference"": false, ""guard"": """", ""band"": """", ""cls"": null, ""fr_hyp"": null}, {""f0"": 33.506, ""score"": 0.92, ""hits"": 5, ""cep_hits"": 3, ""interference"": false, ""guard"": """", ""band"": ""滚珠(BSF基频带)"", ""cls"": ""ball"", ""fr_hyp"": 19.05288197548256}]"
19750,/home/dayin/git/audio-labeling/backend/storage/audio/product_1/record_17_1_1778977407.wav,-1,17,0,1,0,0,0,其他异常,,1150,1,19.1667,0.772366,11.6344,1,0,0,0,0,异常,摩擦,1,外圈,,,4000,6000,992.226,624.873,53.5889,122.173,0,3.8,0.6715,,,0,0,0,0,0,0,[]
19751,/home/dayin/git/audio-labeling/backend/storage/audio/product_1/record_15_1_1778977655.wav,1,15,1,0,0,0,0,正常,,1150,1,19.1667,2.01579,0.111645,0,0,0,0,0,正常,正常,0,外圈,,,6450,7166.67,10.7124,3.4376,5.86552,8.80252,0,3.81787,0.5503,,,0,0,0,0,0,0,[]
19752,/home/dayin/git/audio-labeling/backend/storage/audio/product_1/record_15_1_1778978470.wav,1,15,1,0,0,0,0,正常,,1150,1,19.1667,2.76472,0.323101,0,0,0,0,0,正常,正常,0,外圈,,,333.333,666.667,3.74666,3.09026,4.79572,7.14141,0,3.85,0.7457,,,0,0,0,0,0,0,[]
19753,/home/dayin/git/audio-labeling/backend/storage/audio/product_1/record_17_1_1778980404.wav,1,17,1,0,0,0,0,正常,,1150,1,19.1667,2.34994,0.20094,0,0,0,0,0,正常,正常,0,外圈,,,3333.33,4666.67,3.02136,3.60372,5.9745,9.01268,0,3.8,0.697,,,1,0,0,0,0,0,[]
19754,/home/dayin/git/audio-labeling/backend/storage/audio/product_1/record_17_1_1778984059.wav,1,17,1,0,0,0,0,正常,,1150,1,19.1667,1.6843,0.47534,0,0,0,0,0,正常,正常,0,外圈,,,5100,5666.67,2.74044,2.99504,4.22492,6.24202,0,3.8,0.7345,,,0,0,0,0,0,0,[]
19755,/home/dayin/git/audio-labeling/backend/storage/audio/product_1/record_17_1_1778984306.wav,1,17,1,0,0,0,0,正常,,1150,1,19.1667,2.6772,0.200311,0,0,0.414793,0.0225342,0.414793,异常,轴承,0,内圈,,,666.667,2000,2.91689,3.56901,5.29289,8.05648,0,3.85,0.7882,,85.97,1,1,0,0,1,1,"[{""f0"": 85.974, ""score"": 0.4148, ""hits"": 5, ""cep_hits"": 1, ""interference"": false, ""guard"": """", ""band"": ""内圈(BPFI带)"", ""cls"": ""inner"", ""fr_hyp"": 19.443746714829196}]"
19756,/home/dayin/git/audio-labeling/backend/storage/audio/product_1/record_17_1_1778984645.wav,1,17,1,0,0,0,0,正常,,1150,1,19.1667,1.67402,0.134387,0,0,0,0,0,正常,正常,0,外圈,,,1333.33,2000,2.36166,3.11817,5.67859,8.43698,0,3.85,0.8536,,,0,0,0,0,0,0,[]
19757,/home/dayin/git/audio-labeling/backend/storage/audio/product_1/record_17_1_1778986044.wav,1,17,1,0,0,0,0,正常,,1150,1,19.1667,1.14952,0.355938,0,0,0,0,0,正常,正常,0,外圈,,,6900,7666.67,9.3527,3.08867,4.6769,6.94648,0,3.8,0.7149,,,0,0,0,0,0,0,[]
19758,/home/dayin/git/audio-labeling/backend/storage/audio/product_1/record_15_1_1779070737.wav,1,15,1,0,0,0,0,正常,,1150,1,19.1667,3.50163,0.49138,0,0,0,0,0,正常,正常,0,外圈,,,333.333,1000,2.4859,3.02322,4.18716,6.21212,0,3.85,0.7417,,,0,0,0,0,0,0,[]
19759,/home/dayin/git/audio-labeling/backend/storage/audio/product_1/record_17_1_1779071280.wav,1,17,1,0,0,0,0,正常,,1150,1,19.1667,2.17917,0.363502,0,0,0,0,0,正常,正常,0,外圈,,,2333.33,2666.67,2.16697,3.04389,4.63354,6.87671,0,3.8,0.8248,,,0,0,0,0,0,0,[]
19760,/home/dayin/git/audio-labeling/backend/storage/audio/product_1/record_17_1_1779071556.wav,1,17,1,0,0,0,0,正常,,1150,1,19.1667,2.3527,0.225425,0,0,0,0,0,正常,正常,0,外圈,,,1000,2000,2.44691,3.18624,5.18007,7.72532,0,3.85,0.7924,,,0,0,0,0,0,0,[]
19761,/home/dayin/git/audio-labeling/backend/storage/audio/product_1/record_17_1_1779071771.wav,1,17,1,0,0,0,0,正常,,1150,1,19.1667,1.99883,0.184826,0,0,0,0,0,正常,正常,0,外圈,,,1,333.333,3.56827,3.17201,6.2621,9.3366,0,3.88569,0.6389,,,0,0,0,0,0,0,[]
19762,/home/dayin/git/audio-labeling/backend/storage/audio/product_1/record_15_1_1779072445.wav,1,15,1,0,0,0,0,正常,,1150,1,19.1667,2.82607,0.399814,0,0,0,0,0,正常,正常,0,外圈,,,1,333.333,2.9081,3.03546,4.5072,6.6823,0,3.85,0.7098,,,0,0,0,0,0,0,[]
19763,/home/dayin/git/audio-labeling/backend/storage/audio/product_1/record_17_1_1779075210.wav,1,17,1,0,0,0,0,正常,,1150,1,19.1667,1.77208,0.488767,0,0,0,0,0,正常,正常,0,外圈,,,1000,2000,2.25467,3.06973,4.30348,6.3814,0,3.8,0.6664,,,0,0,0,0,0,0,[]
19764,/home/dayin/git/audio-labeling/backend/storage/audio/product_1/record_17_1_1779075690.wav,1,17,1,0,0,0,0,正常,,1150,1,19.1667,1.55316,0.182539,0,0,0,0,0,正常,正常,0,外圈,,,1000,2000,2.24866,3.10917,5.38629,8.02089,0,3.8,0.6604,,,0,0,0,0,0,0,[]
19765,/home/dayin/git/audio-labeling/backend/storage/audio/product_1/record_17_1_1779084313.wav,1,17,1,0,0,0,0,正常,,1150,1,19.1667,1.91842,0.51113,0,0,0,0,0,正常,正常,0,外圈,,,5400,6000,2.11403,2.9876,4.08612,6.0546,0,3.87069,0.9642,,,0,0,0,0,0,0,[]
19766,/home/dayin/git/audio-labeling/backend/storage/audio/product_1/record_17_1_1779084384.wav,1,17,1,0,0,0,0,正常,,1150,1,19.1667,1.28483,0.436434,0,0,0,0,0,正常,正常,0,外圈,,,1000,1666.67,3.17115,3.03645,4.46955,6.63112,0,3.8,0.6466,,,0,0,0,0,0,0,[]
19767,/home/dayin/git/audio-labeling/backend/storage/audio/product_1/record_15_1_1779084984.wav,1,,1,0,0,0,0,正常,,1150,1,19.1667,1.79936,4.18322,0,0,0,0,0,正常,正常,0,外圈,,,3333.33,4666.67,12.4086,10.305,20.1268,30.5997,0,3.8,0.6628,,,0,0,0,0,0,0,[]
19768,/home/dayin/git/audio-labeling/backend/storage/audio/product_1/record_17_1_1779085625.wav,1,17,1,0,0,0,0,正常,,1215.58,0,20.2597,5.88355,0.157834,0,0,0,0,0,正常,正常,0,外圈,,,1,333.333,3.78766,3.06196,5.44774,8.07756,0,3.85,0.7015,,,0,0,0,0,0,0,[]
19769,/home/dayin/git/audio-labeling/backend/storage/audio/product_1/record_17_1_1779085844.wav,1,17,1,0,0,0,0,正常,,1150,1,19.1667,1.80983,0.49067,0,0,0,0,0,正常,正常,0,外圈,,,666.667,1333.33,2.48843,3.00842,4.19532,6.20263,0,3.85,0.7451,,,0,0,0,0,0,0,[]
19770,/home/dayin/git/audio-labeling/backend/storage/audio/product_1/record_17_1_1779086117.wav,1,17,1,0,0,0,0,正常,,1150,1,19.1667,2.79934,1.1213,0,0,0,0,0,正常,正常,0,外圈,,,3000,3333.33,3.60253,3.9886,8.34347,12.7569,0,3.8,0.6983,,,0,0,0,0,0,0,[]
19771,/home/dayin/git/audio-labeling/backend/storage/audio/product_1/record_15_1_1779086242.wav,1,15,1,0,0,0,0,正常,,1150,1,19.1667,2.86209,0.36513,0,0,0,0,0,正常,正常,0,外圈,,,333.333,666.667,8.35293,3.29993,6.9797,10.4156,0,3.80587,0.5833,,,0,0,0,0,0,0,[]
19772,/home/dayin/git/audio-labeling/backend/storage/audio/product_1/record_15_1_1779087088.wav,-1,摩擦,0,1,0,1,0,摩擦,,1150,1,19.1667,2.47464,3.39107,0,0,0,0,0,正常,正常,0,外圈,,,666.667,1333.33,91.1373,14.2896,17.2072,27.7701,0,3.85,0.7812,,,0,0,0,0,0,0,[]
19773,/home/dayin/git/audio-labeling/backend/storage/audio/product_1/record_17_1_1779087508.wav,1,17,1,0,0,0,0,正常,,1150,1,19.1667,1.30588,0.620776,0,0,0,0,0,正常,正常,0,外圈,,,4800,5333.33,2.40772,3.12432,8.07184,11.9779,0,3.81456,0.6708,,,0,0,0,0,0,0,[]
19774,/home/dayin/git/audio-labeling/backend/storage/audio/product_1/record_15_1_1779090934.wav,1,15,1,0,0,0,0,正常,,1150,1,19.1667,2.13429,0.383316,0,0,0,0,0,正常,正常,0,外圈,,,333.333,666.667,2.52964,3.04954,4.56961,6.77331,0,3.8,0.8389,,,0,0,0,0,0,0,[]
19775,/home/dayin/git/audio-labeling/backend/storage/audio/product_1/record_17_1_1779092707.wav,1,17,1,0,0,0,0,正常,,1150,1,19.1667,3.66819,0.189211,0,0,0,0,0,正常,正常,0,外圈,,,4650,5166.67,2.58045,3.11105,5.35816,7.96053,0,3.8,0.7675,,,0,0,0,0,0,0,[]
19776,/home/dayin/git/audio-labeling/backend/storage/audio/product_1/record_17_1_1779093447.wav,-1,摩擦,0,1,0,1,0,摩擦,,1150,1,19.1667,2.00446,4.09972,0,0,0,0,0,正常,正常,0,外圈,,,3000,3500,34.8642,10.5448,19.4452,30.4563,0,3.85,0.6988,,,0,0,0,0,0,0,[]
19777,/home/dayin/git/audio-labeling/backend/storage/audio/product_1/record_17_1_1779094013.wav,1,17,1,0,0,0,0,正常,,1150,1,19.1667,2.68223,0.250114,0,0,0,0,0,正常,正常,0,外圈,,,1500,1833.33,2.19832,3.06782,5.09431,7.54774,0,3.85,0.7082,,,0,0,0,0,0,0,[]
19778,/home/dayin/git/audio-labeling/backend/storage/audio/product_1/record_17_1_1779094978.wav,-1,轴承,0,1,1,0,0,轴承,,1122.08,0,18.7013,27.895,0.675118,0,0,0,0,0,正常,正常,0,外圈,,,2666.67,3333.33,7.6496,8.18898,7.36622,12.5567,0,3.85,0.735,,18.70!,1,1,1,0,0,0,"[{""f0"": 18.701, ""score"": 0.9478, ""hits"": 5, ""cep_hits"": 2, ""interference"": true, ""guard"": ""低频梳(f0<20Hz,疑轴频族)"", ""band"": """", ""cls"": null, ""fr_hyp"": null}]"
19779,/home/dayin/git/audio-labeling/backend/storage/audio/product_1/record_17_1_1779100109.wav,-1,17,0,1,0,0,0,其他异常,,1150,1,19.1667,4.56893,0.700934,0,0,0,0,0,正常,正常,0,外圈,,,1,500,4.64207,5.23581,8.02634,12.521,0,3.8,0.7041,,,0,0,0,0,0,0,[]
19780,/home/dayin/git/audio-labeling/backend/storage/audio/product_1/record_15_1_1779100256.wav,1,15,1,0,0,0,0,正常,,1150,1,19.1667,2.16722,0.525726,0,0,0,0,0,正常,正常,0,外圈,,,333.333,666.667,3.38263,3.00313,4.03484,5.97216,0,3.948,0.6887,,,0,0,0,0,0,0,[]
19781,/home/dayin/git/audio-labeling/backend/storage/audio/product_1/record_17_1_1779100835.wav,1,17,1,0,0,0,0,正常,,1150,1,19.1667,3.78349,0.445219,0,0,0,0,0,正常,正常,0,外圈,,,4800,5333.33,2.54557,3.01333,4.45796,6.60074,0,3.8,0.6818,,,0,0,0,0,0,0,[]
19782,/home/dayin/git/audio-labeling/backend/storage/audio/product_1/record_17_1_1779100854.wav,1,17,1,0,0,0,0,正常,,1150,1,19.1667,1.5371,0.517223,0,0,0,0,0,正常,正常,0,外圈,,,2166.67,2500,2.52277,2.98819,4.21056,6.21981,0,3.8,0.6972,,,0,0,0,0,0,0,[]
19783,/home/dayin/git/audio-labeling/backend/storage/audio/product_1/record_17_1_1779102974.wav,1,17,1,0,0,0,0,正常,,1150,1,19.1667,1.74908,1.53262,0,0,0,0,0,正常,正常,0,外圈,,,3333.33,4666.67,4.12076,4.30212,11.0693,16.6054,0,3.8,0.7059,,,0,0,0,0,0,0,[]
19784,/home/dayin/git/audio-labeling/backend/storage/audio/product_1/record_17_1_1779103313.wav,1,17,1,0,0,0,0,正常,,1150,1,19.1667,2.2746,0.144887,0,0,0,0,0,正常,正常,0,外圈,,,666.667,1000,11.9535,3.19044,5.59442,8.34431,0,3.85,0.7308,,,0,0,0,0,0,0,[]
19785,/home/dayin/git/audio-labeling/backend/storage/audio/product_1/record_17_1_1779106065.wav,1,17,1,0,0,0,0,正常,,1150,1,19.1667,2.68829,0.345995,0,0,0,0,0,正常,正常,0,外圈,,,1000,1666.67,2.76865,3.17379,4.76785,7.11287,0,3.8,0.6849,,,1,0,0,0,0,0,[]
19786,/home/dayin/git/audio-labeling/backend/storage/audio/product_1/record_15_1_1779106408.wav,1,15,1,0,0,0,0,正常,,1150,1,19.1667,2.22677,0.434593,0,0,0,0,0,正常,正常,0,外圈,,,333.333,666.667,6.33442,3.01126,4.47144,6.65275,0,3.8,0.675,,,0,0,0,0,0,0,[]
19787,/home/dayin/git/audio-labeling/backend/storage/audio/product_1/record_17_1_1779149195.wav,1,17,1,0,0,0,0,正常,,1150,1,19.1667,3.55012,0.315534,0,0,0,0,0,正常,正常,0,外圈,,,1000,2000,2.29992,3.19392,4.82292,7.22616,0,3.8,0.7023,,,0,0,0,0,0,0,[]
19788,/home/dayin/git/audio-labeling/backend/storage/audio/product_1/record_17_1_1779150937.wav,1,17,1,0,0,0,0,正常,,1150,1,19.1667,1.59039,0.423983,0,0,0,0,0,正常,正常,0,外圈,,,1,333.333,7.25502,3.02452,4.51158,6.6778,0,3.85,0.7094,,,0,0,0,0,0,0,[]
19789,/home/dayin/git/audio-labeling/backend/storage/audio/product_1/record_17_1_1779153459.wav,-1,17,0,1,0,0,0,其他异常,,1105.26,0,18.4211,9.2098,0.739507,0,0,0,0,0,正常,正常,0,外圈,,,166.667,500,34.9533,7.6433,8.21061,13.1886,0,3.8,0.8113,,,0,0,0,0,0,0,[]
19790,/home/dayin/git/audio-labeling/backend/storage/audio/product_1/record_17_1_1779153601.wav,1,17,1,0,0,0,0,正常,,1150,1,19.1667,1.41657,0.188745,0,0,0,0,0,正常,正常,0,外圈,,,4000,4666.67,4.09815,3.1914,5.33134,7.95692,0,3.8,0.8553,,,0,0,0,0,0,0,[]
19791,/home/dayin/git/audio-labeling/backend/storage/audio/product_1/record_17_1_1779154622.wav,1,17,1,0,0,0,0,正常,,1150,1,19.1667,3.84027,2.6615,0,0,0,0,0,正常,正常,0,外圈,,,833.333,1166.67,23.5109,3.76778,12.9577,19.3254,0,3.9,0.6538,,,0,0,0,0,0,0,[]
19792,/home/dayin/git/audio-labeling/backend/storage/audio/product_1/record_17_1_1779155804.wav,-1,轴承,0,1,1,0,0,轴承,,1150,1,19.1667,1.3231,0.751067,0,0,0,0,0,异常,轴承-未定位,0,外圈,,,1,333.333,9.69264,5.77196,7.94818,12.8314,0,3.8,0.7018,,73.95,1,1,0,1,1,0,"[{""f0"": 73.947, ""score"": 0.2674, ""hits"": 2, ""cep_hits"": 1, ""interference"": false, ""guard"": """", ""band"": """", ""cls"": null, ""fr_hyp"": null}]"
19793,/home/dayin/git/audio-labeling/backend/storage/audio/product_1/record_17_1_1779156846.wav,1,17,1,0,0,0,0,正常,,1150,1,19.1667,1.88194,0.181986,0,0,0,0,0,正常,正常,0,外圈,,,1000,2000,3.2643,3.29367,5.36261,8.03319,0,3.85,0.7086,,,1,0,0,0,0,0,[]
19794,/home/dayin/git/audio-labeling/backend/storage/audio/product_1/record_17_1_1779159482.wav,1,17,1,0,0,0,0,正常,,1150,1,19.1667,1.48029,0.169247,0,0,0,0,0,正常,正常,0,外圈,,,1,333.333,4.49949,3.06762,5.3867,7.9983,0,3.8,0.6722,,,0,0,0,0,0,0,[]
19795,/home/dayin/git/audio-labeling/backend/storage/audio/product_1/record_17_1_1779163540.wav,1,17,1,0,0,0,0,正常,,1150,1,19.1667,2.88716,0.301482,0,0,0,0,0,正常,正常,0,外圈,,,1000,2000,2.29636,3.16394,4.8847,7.27434,0,3.8,0.6728,,,0,0,0,0,0,0,[]
19796,/home/dayin/git/audio-labeling/backend/storage/audio/product_1/record_15_1_1779262436.wav,1,15,1,0,0,0,0,正常,,1150,1,19.1667,1.72414,0.342118,0,0,0,0,0,正常,正常,0,外圈,,,333.333,666.667,21.3734,3.07491,4.71301,6.99084,0,3.8,0.6679,,,0,0,0,0,0,0,[]
19797,/home/dayin/git/audio-labeling/backend/storage/audio/product_1/record_17_1_1779262602.wav,1,17,1,0,0,0,0,正常,,1150,1,19.1667,3.29049,0.466082,0,0,0,0,0,正常,正常,0,外圈,,,833.333,1166.67,9.76322,3.07582,4.25308,6.33039,0,3.8,0.6918,,,0,0,0,0,0,0,[]
19798,/home/dayin/git/audio-labeling/backend/storage/audio/product_1/record_17_1_1779265736.wav,1,17,1,0,0,0,0,正常,,1150,1,19.1667,0.711022,0.411664,0,0,0,0,0,正常,正常,0,外圈,,,666.667,1000,6.60243,3.04193,4.4771,6.63071,0,3.85,0.7,,,0,0,0,0,0,0,[]
19799,/home/dayin/git/audio-labeling/backend/storage/audio/product_1/record_15_1_1779267176.wav,1,15,1,0,0,0,0,正常,,1150,1,19.1667,2.25818,0.127576,0,0,0,0,0,正常,正常,0,外圈,,,333.333,666.667,23.0742,3.14639,5.74613,8.56107,0,3.8,0.6698,,,0,0,0,0,0,0,[]
19800,/home/dayin/git/audio-labeling/backend/storage/audio/product_1/record_17_1_1779271681.wav,1,17,1,0,0,0,0,正常,,1150,1,19.1667,1.76167,0.198468,0,0,0,0,0,正常,正常,0,外圈,,,1000,1666.67,2.31986,3.05475,5.31452,7.8876,0,3.8,0.6954,,,0,0,0,0,0,0,[]
19801,/home/dayin/git/audio-labeling/backend/storage/audio/product_1/record_17_1_1779323838.wav,-1,17,0,1,0,0,0,其他异常,,1150,1,19.1667,0.29845,7.10332,0,0,0,0,0,正常,正常,0,外圈,,,333.333,1000,302.398,255.425,37.9045,87.5616,0,3.8,0.7033,,,0,0,0,0,0,0,[]
19802,/home/dayin/git/audio-labeling/backend/storage/audio/product_1/record_15_1_1779324311.wav,1,15,1,0,0,0,0,正常,,1150,1,19.1667,2.18578,0.166112,0,0,0,0,0,正常,正常,0,外圈,,,333.333,666.667,20.806,3.09326,5.40209,8.02479,0,3.8,0.6699,,,0,0,0,0,0,0,[]
19803,/home/dayin/git/audio-labeling/backend/storage/audio/product_1/record_15_1_1779324516.wav,1,15,1,0,0,0,0,正常,,1150,1,19.1667,1.89254,0.264766,0,0,0,0,0,正常,正常,0,外圈,,,500,833.333,20.6578,3.05648,5.04165,7.47392,0,3.8,0.6818,,,0,0,0,0,0,0,[]
19804,/home/dayin/git/audio-labeling/backend/storage/audio/product_1/record_17_1_1779324597.wav,1,17,1,0,0,0,0,正常,,1150,1,19.1667,2.76273,0.204152,0,0,0,0,0,正常,正常,0,外圈,,,5100,5666.67,2.32957,3.02936,6.46217,9.56936,0,3.85,0.7665,,,0,0,0,0,0,0,[]
19805,/home/dayin/git/audio-labeling/backend/storage/audio/product_1/record_17_1_1779325427.wav,1,17,1,0,0,0,0,正常,,1150,1,19.1667,1.31534,0.545926,0,0,0,0,0,正常,正常,0,外圈,,,333.333,666.667,16.6818,3.26884,7.55098,11.2523,0,3.85,0.928,,,0,0,0,0,0,0,[]
19806,/home/dayin/git/audio-labeling/backend/storage/audio/product_1/record_15_1_1779325584.wav,1,15,1,0,0,0,0,正常,,1150,1,19.1667,2.34044,0.31845,0,0,0,0,0,正常,正常,0,外圈,,,333.333,666.667,6.64141,3.02858,4.82394,7.12969,0,3.85,0.7316,,,0,0,0,0,0,0,[]
19807,/home/dayin/git/audio-labeling/backend/storage/audio/product_1/record_15_1_1779326123.wav,1,15,1,0,0,0,0,正常,,1150,1,19.1667,1.63625,0.380354,0,0,0,0,0,正常,正常,0,外圈,,,333.333,666.667,7.15135,3.08315,4.5737,6.79863,0,3.8,0.6799,,,0,0,0,0,0,0,[]
19808,/home/dayin/git/audio-labeling/backend/storage/audio/product_1/record_17_1_1779326554.wav,1,17,1,0,0,0,0,正常,,1150,1,19.1667,2.54876,0.259313,0,0,0,0,0,正常,正常,0,外圈,,,4500,5000,3.27265,3.19591,6.51878,9.72161,0,3.8,0.6976,,,0,0,0,0,0,0,[]
19809,/home/dayin/git/audio-labeling/backend/storage/audio/product_1/record_15_1_1779327102.wav,1,15,1,0,0,0,0,正常,,1150,1,19.1667,1.7602,1.45025,0,0,0,0,0,正常,正常,0,外圈,,,1000,1666.67,32.7334,5.84003,11.1963,17.0811,0,3.85,0.7046,,,0,0,0,0,0,0,[]
19810,/home/dayin/git/audio-labeling/backend/storage/audio/product_1/record_15_1_1779327308.wav,1,15,1,0,0,0,0,正常,,1150,1,19.1667,3.07889,0.19949,0,0,0,0,0,正常,正常,0,外圈,,,166.667,500,31.8828,3.19177,6.29493,9.38932,0,3.85,0.7072,,,0,0,0,0,0,0,[]
19811,/home/dayin/git/audio-labeling/backend/storage/audio/product_1/record_17_1_1779328239.wav,1,17,1,0,0,0,0,正常,,1150,1,19.1667,1.71591,0.133417,0,0,0,0,0,正常,正常,0,外圈,,,4650,5166.67,5.13357,3.29125,5.56399,8.32428,0,3.85,0.7216,,,0,0,0,0,0,0,[]
19812,/home/dayin/git/audio-labeling/backend/storage/audio/product_1/record_17_1_1779350123.wav,1,17,1,0,0,0,0,正常,,1150,1,19.1667,2.79511,0.460252,0,0,0,0,0,正常,正常,0,外圈,,,5250,5833.33,2.25751,3.02265,4.30598,6.36354,0,3.85,0.7144,,,0,0,0,0,0,0,[]
19813,/home/dayin/git/audio-labeling/backend/storage/audio/product_1/record_15_1_1779351495.wav,1,15,1,0,0,0,0,正常,,1150,1,19.1667,2.27289,0.307965,0,0,0,0,0,正常,正常,0,外圈,,,333.333,666.667,4.64928,3.15995,6.75762,10.0769,0,3.88419,0.8391,,,0,0,0,0,0,0,[]
19814,/home/dayin/git/audio-labeling/backend/storage/audio/product_1/record_17_1_1779352155.wav,1,17,1,0,0,0,0,正常,,1150,1,19.1667,1.81726,0.371942,0,0,0,0,0,正常,正常,0,外圈,,,2333.33,2666.67,2.65826,3.04098,4.60778,6.82478,0,3.8,0.6739,,,0,0,0,0,0,0,[]
19815,/home/dayin/git/audio-labeling/backend/storage/audio/product_1/record_15_1_1779352229.wav,1,15,1,0,0,0,0,正常,,1150,1,19.1667,1.78075,0.453527,0,0,0,0,0,正常,正常,0,外圈,,,1166.67,1500,7.68342,3.16454,7.28067,10.8705,0,3.85,0.7196,,,0,0,0,0,0,0,[]
19816,/home/dayin/git/audio-labeling/backend/storage/audio/product_1/record_15_1_1779352828.wav,-1,轴承,0,1,1,0,0,轴承,,1150,1,19.1667,1.04694,5.92096,0,0,0,0,0,正常,正常,0,外圈,,,2333.33,3000,16.8847,20.1137,9.5805,29.1484,0,3.8,0.6627,,16.45!,1,1,1,0,0,0,"[{""f0"": 16.447, ""score"": 1.0, ""hits"": 5, ""cep_hits"": 3, ""interference"": true, ""guard"": ""低频梳(f0<20Hz,疑轴频族)"", ""band"": """", ""cls"": null, ""fr_hyp"": null}]"
19817,/home/dayin/git/audio-labeling/backend/storage/audio/product_1/record_17_1_1779353158.wav,1,17,1,0,0,0,0,正常,,1150,1,19.1667,1.83344,0.448538,0,0,0,0,0,正常,正常,0,外圈,,,333.333,666.667,2.64296,3.02346,4.34455,6.43269,0,3.85,0.7133,,,0,0,0,0,0,0,[]
19856,/home/dayin/git/audio-labeling/backend/storage/audio/product_1/record_17_1_1778986549_f118e858.wav,1,NG,1,0,0,0,0,正常,,1150,1,19.1667,1.58641,0.269295,0,0,0,0,0,正常,正常,0,外圈,,,1,500,11.8306,3.05159,6.57997,9.73315,0,3.8,0.6727,,,0,0,0,0,0,0,[]
19866,/home/dayin/git/audio-labeling/backend/storage/audio/product_1/record_17_1_1779417555_59cb69e7.wav,-1,轴承,0,1,1,0,0,轴承,,1150,1,19.1667,2.66607,5.40211,0,0.0793937,0.187551,0.678739,0.678739,异常,轴承,0,滚珠,,,3333.33,4666.67,41.6089,30.0975,12.3845,32.4265,0,3.8,0.7864,,25.53;32.11;71.84,5,3,0,0,3,1,"[{""f0"": 25.526, ""score"": 0.2356, ""hits"": 2, ""cep_hits"": 1, ""interference"": false, ""guard"": """", ""band"": """", ""cls"": null, ""fr_hyp"": null}, {""f0"": 32.105, ""score"": 0.6704, ""hits"": 5, ""cep_hits"": 3, ""interference"": false, ""guard"": """", ""band"": """", ""cls"": ""ball"", ""fr_hyp"": 18.333333333333332}, {""f0"": 71.842, ""score"": 0.2607, ""hits"": 3, ""cep_hits"": 1, ""interference"": false, ""guard"": """", ""band"": """", ""cls"": null, ""fr_hyp"": 20.0}]"
19867,/home/dayin/git/audio-labeling/backend/storage/audio/product_1/record_17_1_1779417657_e3680bc3.wav,-1,摩擦,0,1,0,1,0,摩擦,,1150,1,19.1667,1.1899,6.56754,0,0,0,0,0,正常,正常,0,外圈,,,1000,2000,142.994,110.427,33.6345,59.7912,0,3.8,0.7673,,,0,0,0,0,0,0,[]
19868,/home/dayin/git/audio-labeling/backend/storage/audio/product_1/record_17_1_1779425767_9220454c.wav,-1,轴承,0,1,1,0,0,轴承,,1150,1,19.1667,1.60587,1.16344,0,0,0,0,0,异常,轴承-未定位,0,外圈,,,4000,6000,3.20544,1.44745,2.04859,2.44377,0,3.95,0.6531,,20.76,1,1,0,1,1,0,"[{""f0"": 20.759, ""score"": 0.5465, ""hits"": 4, ""cep_hits"": 3, ""interference"": false, ""guard"": """", ""band"": """", ""cls"": null, ""fr_hyp"": null}]"
19869,/home/dayin/git/audio-labeling/backend/storage/audio/product_1/record_17_1_1779426298_4b7ad3fa.wav,-1,轴承,0,1,1,0,0,轴承,,1150,1,19.1667,1.83849,2.83192,0,0.115764,0.0943215,0.630514,0.630514,异常,轴承,0,滚珠,,,1000,2000,13.6274,15.9402,9.60504,21.3421,0,3.85,0.6955,,32.99,1,1,0,0,1,1,"[{""f0"": 32.987, ""score"": 0.6305, ""hits"": 5, ""cep_hits"": 3, ""interference"": false, ""guard"": """", ""band"": ""滚珠(BSF基频带)"", ""cls"": ""ball"", ""fr_hyp"": 18.75748845648283}]"
19870,/home/dayin/git/audio-labeling/backend/storage/audio/product_1/record_17_1_1779429880_832ffda1.wav,-1,轴承,0,1,1,0,0,轴承,,1150,1,19.1667,3.76282,0.630225,0,0,0,0,0,正常,正常,0,外圈,,,666.667,2000,7.81215,6.7925,6.50135,11.3667,0,3.8,0.7159,,,2,0,0,0,0,0,[]
19871,/home/dayin/git/audio-labeling/backend/storage/audio/product_1/record_17_1_1779431432_dfe0e155.wav,-1,摩擦,0,1,0,1,0,摩擦,,1150,1,19.1667,1.98742,13.7985,1,0,0,0,0,异常,摩擦,1,外圈,,,666.667,1333.33,156.691,143.488,33.5204,89.8204,0,3.8,0.6823,,,0,0,0,0,0,0,[]
19872,/home/dayin/git/audio-labeling/backend/storage/audio/product_1/record_17_1_1779440367_3abd2f37.wav,-1,轴承,0,1,1,0,0,轴承,,1150,1,19.1667,2.03959,4.95481,0,0,0,0,0,异常,轴承-未定位,0,外圈,,,666.667,2000,22.7215,22.6946,17.2016,35.1301,0,3.85,0.7037,,30.13,1,1,0,1,1,0,"[{""f0"": 30.13, ""score"": 0.3454, ""hits"": 3, ""cep_hits"": 2, ""interference"": false, ""guard"": """", ""band"": """", ""cls"": null, ""fr_hyp"": null}]"
19873,/home/dayin/git/audio-labeling/backend/storage/audio/product_1/record_17_1_1779444905_fd8223f6.wav,-1,摩擦,0,1,0,1,0,摩擦,,1150,1,19.1667,1.9952,5.91743,0,0,0,0,0,正常,正常,0,外圈,,,1000,2000,82.6943,45.9216,18.6162,42.1818,0,3.85,0.6825,,,0,0,0,0,0,0,[]
19874,/home/dayin/git/audio-labeling/backend/storage/audio/product_1/record_17_1_1779446579_e4347df0.wav,-1,轴承,0,1,1,0,0,轴承,,1150,1,19.1667,1.50274,2.18577,0,0,0,0,0,正常,正常,0,外圈,,,2666.67,5333.33,14.3367,15.6887,10.65,20.6966,0,3.8,0.6574,,38.03!,2,1,1,0,0,0,"[{""f0"": 38.026, ""score"": 0.1525, ""hits"": 3, ""cep_hits"": 1, ""interference"": true, ""guard"": ""轴频谐波2×19.167Hz"", ""band"": """", ""cls"": null, ""fr_hyp"": null}]"
19875,/home/dayin/git/audio-labeling/backend/storage/audio/product_1/record_17_1_1779583366_8b962e5d.wav,-1,轴承,0,1,1,0,0,轴承,,1150,1,19.1667,1.31795,2.71951,0,0,0,0,0,正常,正常,0,外圈,,,1333.33,2000,16.3738,20.9301,14.0573,25.5163,0,3.85,0.6806,,,0,0,0,0,0,0,[]
19876,/home/dayin/git/audio-labeling/backend/storage/audio/product_1/record_17_1_1779584495_36d6c05e.wav,-1,轴承,0,1,1,0,0,轴承,,1150,1,19.1667,1.16102,1.26407,0,0,0,0,0,正常,正常,0,外圈,,,2333.33,3000,8.9066,10.8901,7.58811,14.6415,0,3.8,0.6648,,,2,0,0,0,0,0,[]
19877,/home/dayin/git/audio-labeling/backend/storage/audio/product_1/record_17_1_1779585823_29592a21.wav,-1,轴承,0,1,1,0,0,轴承,,1150,1,19.1667,4.16091,0.657583,0,0,0,0,0,正常,正常,0,外圈,,,4000,6666.67,6.2937,6.15687,6.17216,10.9518,0,3.8235,0.7515,,,4,0,0,0,0,0,[]
19878,/home/dayin/git/audio-labeling/backend/storage/audio/product_1/record_17_1_1779585980_77298296.wav,-1,轴承,0,1,1,0,0,轴承,,1150,1,19.1667,3.21739,1.05242,0,0,0.155516,0.69788,0.69788,异常,轴承,0,滚珠,,,4000,6000,3.79128,1.61238,2.26611,3.18269,0,3.94994,0.8102,,32.66,1,1,0,0,1,1,"[{""f0"": 32.659, ""score"": 0.6979, ""hits"": 4, ""cep_hits"": 1, ""interference"": false, ""guard"": """", ""band"": ""滚珠(BSF基频带)"", ""cls"": ""ball"", ""fr_hyp"": 18.570824375223115}]"
19879,/home/dayin/git/audio-labeling/backend/storage/audio/product_1/record_17_1_1779591670_93aab336.wav,-1,轴承,0,1,1,0,0,轴承,,1150,1,19.1667,1.09423,4.34574,0,0,0,0,0,异常,轴承-未定位,0,外圈,,,1000,2000,14.1666,19.1339,7.54794,22.7649,0,3.85,0.6952,,29.35;44.16,4,2,0,1,2,0,"[{""f0"": 29.351, ""score"": 0.8786, ""hits"": 5, ""cep_hits"": 1, ""interference"": false, ""guard"": """", ""band"": """", ""cls"": null, ""fr_hyp"": null}, {""f0"": 44.156, ""score"": 0.7784, ""hits"": 5, ""cep_hits"": 1, ""interference"": false, ""guard"": """", ""band"": """", ""cls"": null, ""fr_hyp"": null}]"
19880,/home/dayin/git/audio-labeling/backend/storage/audio/product_1/record_17_1_1779593904_66496f11.wav,-1,摩擦,0,1,0,1,0,摩擦,,1150,1,19.1667,1.93097,11.844,1,0,0,0,0,异常,摩擦,1,外圈,,,1000,2000,160.882,183.672,34.8643,90.9295,0,3.85,0.6766,,,0,0,0,0,0,0,[]
19881,/home/dayin/git/audio-labeling/backend/storage/audio/product_1/record_17_1_1779600409_d3785d86.wav,-1,轴承,0,1,1,0,0,轴承,,1150,1,19.1667,2.17042,1.43024,0,0,0,0,0,正常,正常,0,外圈,,,6300,7000,43.4164,6.41099,4.96861,11.0934,0,3.93706,1.1566,,,0,0,0,0,0,0,[]
19882,/home/dayin/git/audio-labeling/backend/storage/audio/product_1/record_17_1_1779617700_1353d520.wav,-1,摩擦,0,1,0,1,0,摩擦,,1150,1,19.1667,2.34487,3.22619,0,0,0,0,0,正常,正常,0,外圈,,,3000,4000,21.871,19.5697,13.3709,26.5108,0,3.85,0.8964,,,1,0,0,0,0,0,[]
19883,/home/dayin/git/audio-labeling/backend/storage/audio/product_1/record_17_1_1779668567_c14a59c9.wav,-1,摩擦,0,1,0,1,0,摩擦,,1150,1,19.1667,2.22683,2.34492,0,0,0,0,0,正常,正常,0,外圈,,,2666.67,4000,16.3635,17.0744,13.4747,23.1257,0,3.8,0.8469,,,0,0,0,0,0,0,[]
19884,/home/dayin/git/audio-labeling/backend/storage/audio/product_1/record_17_1_1779676247_8be7a6d7.wav,-1,轴承,0,1,1,0,0,轴承,,1059.74,0,17.6623,9.36503,1.2018,0,0,0,0,0,正常,正常,0,外圈,,,4000,6666.67,10.5011,10.2151,8.62331,15.4133,0,3.85,0.8754,,,2,0,0,0,0,0,[]
19885,/home/dayin/git/audio-labeling/backend/storage/audio/product_1/record_17_1_1779679767_57dd513c.wav,-1,摩擦,0,1,0,1,0,摩擦,,1150,1,19.1667,1.47724,4.82629,0,0,0,0,0,正常,正常,0,外圈,,,2500,3000,55.7035,26.4051,22.897,36.8637,0,3.83462,0.8221,,,0,0,0,0,0,0,[]
19886,/home/dayin/git/audio-labeling/backend/storage/audio/product_1/record_17_1_1779687935_c3f609bb.wav,-1,摩擦,0,1,0,1,0,摩擦,,1150,1,19.1667,1.46124,4.19013,0,0,0,0,0,异常,轴承-未定位,0,外圈,,,1333.33,2000,31.472,30.8283,15.5618,32.659,0,3.85,0.7599,,28.05,1,1,0,1,1,0,"[{""f0"": 28.052, ""score"": 0.4293, ""hits"": 5, ""cep_hits"": 3, ""interference"": false, ""guard"": """", ""band"": """", ""cls"": null, ""fr_hyp"": null}]"
19887,/home/dayin/git/audio-labeling/backend/storage/audio/product_1/record_17_1_1779689789_46e873e3.wav,-1,轴承,0,1,1,0,0,轴承,,1150,1,19.1667,2.76899,1.90793,0,0,0,0,0,异常,轴承-未定位,0,外圈,,,3333.33,4666.67,20.5942,14.786,9.27741,18.5348,0,3.8,0.6947,,23.16;29.21,2,2,0,1,2,0,"[{""f0"": 23.158, ""score"": 0.1837, ""hits"": 2, ""cep_hits"": 1, ""interference"": false, ""guard"": """", ""band"": """", ""cls"": null, ""fr_hyp"": null}, {""f0"": 29.211, ""score"": 0.8868, ""hits"": 5, ""cep_hits"": 1, ""interference"": false, ""guard"": """", ""band"": """", ""cls"": null, ""fr_hyp"": null}]"
19888,/home/dayin/git/audio-labeling/backend/storage/audio/product_1/record_17_1_1779690297_b9eb8458.wav,-1,摩擦,0,1,0,1,0,摩擦,,1150,1,19.1667,2.19744,4.65619,0,0,0,0,0,正常,正常,0,外圈,,,1000,1666.67,89.9641,33.8277,18.3263,36.6322,0,3.85,0.7253,,,0,0,0,0,0,0,[]
19900,/home/dayin/git/audio-labeling/backend/storage/audio/product_1/record_15_1_1779421041.wav,-1,摩擦,0,1,0,1,0,摩擦,,1150,1,19.1667,1.28147,17.8545,1,0,0,0,0,异常,摩擦,0,外圈,,,1333.33,2000,150.096,121.846,22.4463,84.5544,0,3.85,0.7294,,,0,0,0,0,0,0,[]
19901,/home/dayin/git/audio-labeling/backend/storage/audio/product_1/record_15_1_1779425719.wav,-1,轴承,0,1,1,0,0,轴承,,1150,1,19.1667,1.89656,4.25719,0,0,0,0,0,异常,轴承-未定位,0,外圈,,,500,833.333,21.6913,25.3573,12.8427,29.5338,0,3.85,0.7328,,29.61,1,1,0,1,1,0,"[{""f0"": 29.61, ""score"": 0.1689, ""hits"": 2, ""cep_hits"": 1, ""interference"": false, ""guard"": """", ""band"": """", ""cls"": null, ""fr_hyp"": null}]"
19902,/home/dayin/git/audio-labeling/backend/storage/audio/product_1/record_15_1_1779429251.wav,-1,摩擦,0,1,0,1,0,摩擦,,1150,1,19.1667,2.37242,10.8977,1,0,0,0,0,异常,轴承-未定位,0,外圈,,,666.667,2000,54.8471,51.8608,21.5591,58.7321,0,3.85,0.7229,,30.78,1,1,0,1,1,0,"[{""f0"": 30.779, ""score"": 0.1977, ""hits"": 4, ""cep_hits"": 3, ""interference"": false, ""guard"": """", ""band"": """", ""cls"": null, ""fr_hyp"": null}]"
19903,/home/dayin/git/audio-labeling/backend/storage/audio/product_1/record_15_1_1779436471.wav,-1,轴承,0,1,1,0,0,轴承,,1150,1,19.1667,4.47483,8.30973,0,0,0,0,0,异常,轴承-未定位,0,外圈,,,666.667,2000,25.4918,36.6847,13.1362,41.0256,0,3.8,0.6894,,24.21;30.53,2,2,0,1,2,0,"[{""f0"": 24.211, ""score"": 0.2776, ""hits"": 3, ""cep_hits"": 1, ""interference"": false, ""guard"": """", ""band"": """", ""cls"": null, ""fr_hyp"": null}, {""f0"": 30.526, ""score"": 0.65, ""hits"": 5, ""cep_hits"": 2, ""interference"": false, ""guard"": """", ""band"": """", ""cls"": null, ""fr_hyp"": null}]"
19904,/home/dayin/git/audio-labeling/backend/storage/audio/product_1/record_15_1_1779437350.wav,-1,轴承,0,1,1,0,0,轴承,,1150,1,19.1667,1.39444,1.74816,0,0,0,0,0,正常,正常,0,外圈,,,500,833.333,18.3903,13.9143,9.35877,18.0828,0,3.85,0.7287,,,0,0,0,0,0,0,[]
19905,/home/dayin/git/audio-labeling/backend/storage/audio/product_1/record_15_1_1779446627.wav,-1,轴承,0,1,1,0,0,轴承,,1121.05,0,18.6842,18.0108,1.25706,0,0,0,0,0,正常,正常,0,外圈,,,5333.33,6666.67,13.177,9.73054,7.88147,14.7975,0,3.8,0.697,,18.55!,1,1,1,0,0,0,"[{""f0"": 18.553, ""score"": 0.5357, ""hits"": 5, ""cep_hits"": 3, ""interference"": true, ""guard"": ""低频梳(f0<20Hz,疑轴频族)"", ""band"": """", ""cls"": null, ""fr_hyp"": null}]"
19906,/home/dayin/git/audio-labeling/backend/storage/audio/product_1/record_15_1_1779449399.wav,-1,轴承,0,1,1,0,0,轴承,,1150,1,19.1667,2.29906,0.880018,0,0,0,0,0,正常,正常,0,外圈,,,1333.33,2000,5.32,5.38182,8.55186,13.4678,0,3.85,0.7364,,,3,0,0,0,0,0,[]
19907,/home/dayin/git/audio-labeling/backend/storage/audio/product_1/record_15_1_1779522551.wav,-1,轴承,0,1,1,0,0,轴承,,1150,1,19.1667,2.26369,2.46331,0,0,0,0,0,异常,轴承-未定位,0,外圈,,,2666.67,4000,18.7203,20.6225,11.5799,22.9522,0,3.85,0.7334,,27.79,1,1,0,1,1,0,"[{""f0"": 27.792, ""score"": 0.5463, ""hits"": 5, ""cep_hits"": 1, ""interference"": false, ""guard"": """", ""band"": """", ""cls"": null, ""fr_hyp"": null}]"
19908,/home/dayin/git/audio-labeling/backend/storage/audio/product_1/record_15_1_1779523324.wav,-1,轴承-微弱,0,1,0,0,0,其他异常,,1150,1,19.1667,2.18089,1.38444,0,0,0,0,0,异常,轴承-未定位,0,外圈,,,1333.33,2000,10.4854,10.1821,9.84216,16.8192,0,3.85,0.717,,29.09,1,1,0,1,1,0,"[{""f0"": 29.091, ""score"": 0.4219, ""hits"": 5, ""cep_hits"": 1, ""interference"": false, ""guard"": """", ""band"": """", ""cls"": null, ""fr_hyp"": null}]"
19909,/home/dayin/git/audio-labeling/backend/storage/audio/product_1/record_15_1_1779523745.wav,-1,轴承-微弱,0,1,0,0,0,其他异常,,1150,1,19.1667,2.99491,2.43393,0,0,0,0,0,正常,正常,0,外圈,,,2666.67,4000,27.4631,24.2206,14.4926,24.896,0,3.8,0.6729,,,0,0,0,0,0,0,[]
19910,/home/dayin/git/audio-labeling/backend/storage/audio/product_1/record_15_1_1779523896.wav,-1,轴承,0,1,1,0,0,轴承,,1150,1,19.1667,1.83812,2.32768,0,0,0,0,0,异常,轴承-未定位,0,外圈,,,2666.67,4000,15.7757,18.2565,10.7004,21.4732,0,3.8,0.7853,,29.47,3,1,0,1,1,0,"[{""f0"": 29.474, ""score"": 0.7335, ""hits"": 5, ""cep_hits"": 3, ""interference"": false, ""guard"": """", ""band"": """", ""cls"": null, ""fr_hyp"": null}]"
19911,/home/dayin/git/audio-labeling/backend/storage/audio/product_1/record_15_1_1779524292.wav,-1,摩擦,0,1,0,1,0,摩擦,,1150,1,19.1667,2.09622,1.6706,0,0,0,0,0,正常,正常,0,外圈,,,2500,3000,21.2912,7.79152,11.2966,17.911,0,3.85,0.8209,,,0,0,0,0,0,0,[]
19912,/home/dayin/git/audio-labeling/backend/storage/audio/product_1/record_15_1_1779534909.wav,-1,轴承,0,1,1,0,0,轴承,,1150,1,19.1667,2.24718,0.81025,0,0,0,0,0,正常,正常,0,外圈,,,4666.67,6000,13.5487,7.63241,7.91114,13.3101,0,3.8,0.6927,,,3,0,0,0,0,0,[]
19913,/home/dayin/git/audio-labeling/backend/storage/audio/product_1/record_15_1_1779536447.wav,-1,轴承,0,1,1,0,0,轴承,,1150,1,19.1667,2.14267,6.0702,0,0.1292,0,0,0.1292,异常,轴承-未定位,0,外圈,,,4000,6666.67,20.8684,21.1747,9.0892,28.9977,0,3.83412,0.6864,,31.04,1,1,0,1,1,0,"[{""f0"": 31.037, ""score"": 0.4546, ""hits"": 4, ""cep_hits"": 2, ""interference"": false, ""guard"": """", ""band"": """", ""cls"": null, ""fr_hyp"": null}]"
19914,/home/dayin/git/audio-labeling/backend/storage/audio/product_1/record_15_1_1779536865.wav,-1,爆量程,0,1,0,0,0,其他异常,,1061.54,0,17.6923,90.4223,1.10767,0,0,0,0,0,正常,正常,0,外圈,,,4000,6000,3.77334,1.59664,2.16576,2.79983,0,3.9,0.6733,,17.56!,1,1,1,0,0,0,"[{""f0"": 17.564, ""score"": 0.8905, ""hits"": 4, ""cep_hits"": 1, ""interference"": true, ""guard"": ""低频梳(f0<20Hz,疑轴频族)"", ""band"": """", ""cls"": null, ""fr_hyp"": null}]"
19915,/home/dayin/git/audio-labeling/backend/storage/audio/product_1/record_15_1_1779537351.wav,-1,轴承,0,1,1,0,0,轴承,,1150,1,19.1667,2.04898,4.6299,0,0,0,0,0,异常,轴承-未定位,0,外圈,,,3000,4000,16.973,18.3948,11.0054,27.5959,0,3.8,0.8447,,30.26,2,1,0,1,1,0,"[{""f0"": 30.263, ""score"": 0.8754, ""hits"": 5, ""cep_hits"": 2, ""interference"": false, ""guard"": """", ""band"": """", ""cls"": null, ""fr_hyp"": null}]"
19916,/home/dayin/git/audio-labeling/backend/storage/audio/product_1/record_15_1_1779616329.wav,-1,轴承,0,1,1,0,0,轴承,,1150,1,19.1667,1.6157,2.13411,0,0.0573268,0.0669243,0.344993,0.344993,异常,轴承,0,滚珠,,,2000,4000,12.5244,14.2225,12.3323,21.4329,0,3.8,0.7511,,32.63,1,1,0,0,1,1,"[{""f0"": 32.632, ""score"": 0.345, ""hits"": 5, ""cep_hits"": 2, ""interference"": false, ""guard"": """", ""band"": ""滚珠(BSF基频带)"", ""cls"": ""ball"", ""fr_hyp"": 18.55537710137775}]"
19917,/home/dayin/git/audio-labeling/backend/storage/audio/product_1/record_15_1_1779707986.wav,-1,摩擦,0,1,0,1,0,摩擦,,1150,1,19.1667,1.54673,3.71494,0,0,0,0,0,正常,正常,0,外圈,,,2666.67,3333.33,24.4246,24.5192,18.8189,31.3247,0,3.8,0.6931,,,0,0,0,0,0,0,[]
19918,/home/dayin/git/audio-labeling/backend/storage/audio/product_1/record_15_1_1779764939.wav,-1,摩擦,0,1,0,1,0,摩擦,,1150,1,19.1667,1.93627,6.20469,0,0,0,0,0,正常,正常,0,外圈,,,2666.67,5333.33,24.348,29.5055,25.8702,45.0814,0,3.8,0.7186,,,0,0,0,0,0,0,[]
19919,/home/dayin/git/audio-labeling/backend/storage/audio/product_1/record_15_1_1779775709.wav,-1,摩擦,0,1,0,1,0,摩擦,,1150,1,19.1667,1.23848,9.85927,1,0,0,0,0,异常,摩擦,1,外圈,,,6000,7000,802.24,611.671,35.6576,125.424,0,3.8,0.7408,,,0,0,0,0,0,0,[]
19920,/home/dayin/git/audio-labeling/backend/storage/audio/product_1/record_15_1_1779777036.wav,-1,摩擦,0,1,0,1,0,摩擦,,1150,1,19.1667,3.17338,3.74195,0,0,0,0,0,正常,正常,0,外圈,,,2666.67,4000,39.9342,34.8463,19.1775,33.4906,0,3.8,0.714,,,1,0,0,0,0,0,[]
19921,/home/dayin/git/audio-labeling/backend/storage/audio/product_1/record_15_1_1779777557.wav,-1,摩擦,0,1,0,1,0,摩擦,,1150,1,19.1667,1.8813,4.51598,0,0,0,0,0,正常,正常,0,外圈,,,2666.67,4000,42.7793,46.9945,20.1196,39.1858,0,3.8,0.7263,,,0,0,0,0,0,0,[]
19922,/home/dayin/git/audio-labeling/backend/storage/audio/product_1/record_15_1_1779778120.wav,-1,轴承,0,1,1,0,0,轴承,,1150,1,19.1667,1.39987,1.69904,0,0,0,0,0,异常,轴承-未定位,0,外圈,,,2666.67,4000,10.3039,10.8165,10.4006,18.339,0,3.8,0.7303,,36.84,1,1,0,1,1,0,"[{""f0"": 36.842, ""score"": 0.5807, ""hits"": 5, ""cep_hits"": 1, ""interference"": false, ""guard"": """", ""band"": """", ""cls"": null, ""fr_hyp"": null}]"
19923,/home/dayin/git/audio-labeling/backend/storage/audio/product_1/record_15_1_1779778717.wav,-1,轴承,0,1,1,0,0,轴承,,1150,1,19.1667,1.91912,1.06733,0,0,0,0,0,正常,正常,0,外圈,,,4500,5000,9.7714,9.42099,7.71772,14.1043,0,3.85,0.7175,,,0,0,0,0,0,0,[]
19924,/home/dayin/git/audio-labeling/backend/storage/audio/product_1/record_15_1_1779786306.wav,-1,轴承,0,1,1,0,0,轴承,,1150,1,19.1667,4.95435,0.950908,0,0.673293,0.66017,0.144004,0.673293,异常,轴承,0,外圈,,,1000,1666.67,5.71954,7.01052,6.81284,12.5294,0,3.8,0.7425,,50.26!;85.53,2,2,1,0,1,1,"[{""f0"": 50.263, ""score"": 0.6863, ""hits"": 5, ""cep_hits"": 2, ""interference"": true, ""guard"": ""工频50Hz"", ""band"": """", ""cls"": null, ""fr_hyp"": null}, {""f0"": 85.526, ""score"": 0.6602, ""hits"": 4, ""cep_hits"": 2, ""interference"": false, ""guard"": """", ""band"": ""内圈(BPFI带)"", ""cls"": ""inner"", ""fr_hyp"": 19.342493303331242}]"
19925,/home/dayin/git/audio-labeling/backend/storage/audio/product_1/record_15_1_1779792247.wav,-1,摩擦,0,1,0,1,0,摩擦,,1150,1,19.1667,1.50484,2.85507,0,0,0,0,0,正常,正常,0,外圈,,,4333.33,5000,15.5847,10.0833,15.0552,24.3692,0,3.8,0.8865,,,0,0,0,0,0,0,[]
19926,/home/dayin/git/audio-labeling/backend/storage/audio/product_1/record_15_1_1779792441.wav,-1,轴承,0,1,1,0,0,轴承,,1150,1,19.1667,2.01047,1.51277,0,0,0,0,0,异常,轴承-未定位,0,外圈,,,2666.67,4000,14.2132,14.2838,9.81138,17.8488,0,3.81487,0.7818,,20.05,4,1,0,1,1,0,"[{""f0"": 20.053, ""score"": 0.1757, ""hits"": 3, ""cep_hits"": 2, ""interference"": false, ""guard"": """", ""band"": """", ""cls"": null, ""fr_hyp"": null}]"
19927,/home/dayin/git/audio-labeling/backend/storage/audio/product_1/record_15_1_1779841135.wav,-1,轴承,0,1,1,0,0,轴承,,1168.83,0,19.4805,86.2852,2.7952,0,0,0,0,0,正常,正常,0,外圈,,,2500,2833.33,18.2825,8.67325,5.49291,15.2782,0,3.85,0.793,,19.61!,1,1,1,0,0,0,"[{""f0"": 19.61, ""score"": 0.2933, ""hits"": 2, ""cep_hits"": 1, ""interference"": true, ""guard"": ""低频梳(f0<20Hz,疑轴频族)"", ""band"": """", ""cls"": null, ""fr_hyp"": null}]"
19928,/home/dayin/git/audio-labeling/backend/storage/audio/product_1/record_15_1_1779842161.wav,-1,摩擦,0,1,0,1,0,摩擦,,1150,1,19.1667,1.47443,5.69545,0,0,0,0,0,正常,正常,0,外圈,,,2666.67,4000,97.0696,102.461,27.1349,55.3296,0,3.85,0.7421,,,0,0,0,0,0,0,[]
19929,/home/dayin/git/audio-labeling/backend/storage/audio/product_1/record_15_1_1779842355.wav,-1,摩擦,0,1,0,1,0,摩擦,,1150,1,19.1667,1.42913,11.8646,1,0,0,0,0,异常,摩擦,1,外圈,,,6000,6666.67,56.5513,58.6631,19.9445,60.1012,0,3.85,0.7258,,,0,0,0,0,0,0,[]
19930,/home/dayin/git/audio-labeling/backend/storage/audio/product_1/record_15_1_1779843040.wav,-1,摩擦,0,1,0,1,0,摩擦,,1150,1,19.1667,1.98784,13.2501,1,0,0.110074,0,0.110074,异常,轴承-未定位,0,内圈,,,666.667,1333.33,132.98,77.7013,16.8892,61.9084,0,3.8,0.7341,,73.16,1,1,0,1,1,0,"[{""f0"": 73.158, ""score"": 0.2961, ""hits"": 5, ""cep_hits"": 1, ""interference"": false, ""guard"": """", ""band"": """", ""cls"": null, ""fr_hyp"": null}]"
19931,/home/dayin/git/audio-labeling/backend/storage/audio/product_1/record_15_1_1779843528.wav,-1,摩擦,0,1,0,1,0,摩擦,,1150,1,19.1667,1.73811,5.48629,0,0,0,0,0,正常,正常,0,外圈,,,2666.67,4000,52.4979,48.57,24.1802,44.8534,0,3.85,0.7334,,,0,0,0,0,0,0,[]
19932,/home/dayin/git/audio-labeling/backend/storage/audio/product_1/record_15_1_1779846736.wav,-1,摩擦,0,1,0,1,0,摩擦,,1150,1,19.1667,2.14587,7.52712,0,0,0,0,0,正常,正常,0,外圈,,,2666.67,4000,230.962,144.464,38.4988,70.7549,0,3.8,0.7057,,,0,0,0,0,0,0,[]
19933,/home/dayin/git/audio-labeling/backend/storage/audio/product_1/record_15_1_1779859841.wav,-1,轴承,0,1,1,0,0,轴承,,1150,1,19.1667,1.55612,2.86748,0,0,0,0,0,异常,轴承-未定位,0,外圈,,,4000,6666.67,34.6058,16.1236,11.1377,23.0562,0,3.8,0.6968,,40.00,1,1,0,1,1,0,"[{""f0"": 40.0, ""score"": 1.0, ""hits"": 5, ""cep_hits"": 2, ""interference"": false, ""guard"": """", ""band"": """", ""cls"": null, ""fr_hyp"": null}]"
19934,/home/dayin/git/audio-labeling/backend/storage/audio/product_1/record_15_1_1779860686.wav,-1,轴承,0,1,1,0,0,轴承,,1105.26,0,18.4211,11.0596,2.21502,0,0,0,0,0,正常,正常,0,外圈,,,3000,4000,7.78967,7.64941,10.1168,19.2214,0,3.8,0.6404,,18.42!,4,1,1,0,0,0,"[{""f0"": 18.421, ""score"": 0.3871, ""hits"": 3, ""cep_hits"": 2, ""interference"": true, ""guard"": ""低频梳(f0<20Hz,疑轴频族)"", ""band"": """", ""cls"": null, ""fr_hyp"": null}]"
19935,/home/dayin/git/audio-labeling/backend/storage/audio/product_1/record_15_1_1779862702.wav,-1,摩擦,0,1,0,1,0,摩擦,,1150,1,19.1667,1.14633,2.37454,0,0,0,0,0,异常,轴承-未定位,0,外圈,,,4333.33,5000,23.5446,13.0552,13.6429,22.5201,0,3.8,0.5962,,37.89,1,1,0,1,1,0,"[{""f0"": 37.895, ""score"": 0.4897, ""hits"": 5, ""cep_hits"": 3, ""interference"": false, ""guard"": """", ""band"": """", ""cls"": null, ""fr_hyp"": null}]"
19936,/home/dayin/git/audio-labeling/backend/storage/audio/product_1/record_15_1_1779935506.wav,-1,ng z,0,1,0,0,0,其他异常,,1150,1,19.1667,3.37181,1.54588,0,0,0,0,0,正常,正常,0,外圈,,,4500,5000,6.94681,6.68786,9.53369,16.648,0,3.8,0.5912,,,0,0,0,0,0,0,[]
19937,/home/dayin/git/audio-labeling/backend/storage/audio/product_1/record_15_1_1779936758.wav,-1,,0,1,0,0,0,其他异常,,1150,1,19.1667,4.69196,0.753612,0,0,0,0,0,正常,正常,0,外圈,,,4650,5166.67,22.5585,5.6164,7.22163,12.2902,0,3.85,0.6165,,,0,0,0,0,0,0,[]
19938,/home/dayin/git/audio-labeling/backend/storage/audio/product_1/record_15_1_1779951001.wav,-1,轴承,0,1,1,0,0,轴承,,1150,1,19.1667,1.7203,2.90604,0,0,0,0,0,正常,正常,0,外圈,,,4500,5000,43.2012,12.6587,10.8935,22.4726,0,3.85,0.6148,,,0,0,0,0,0,0,[]
19939,/home/dayin/git/audio-labeling/backend/storage/audio/product_1/record_15_1_1779957822.wav,-1,轴承,0,1,1,0,0,轴承,,1150,1,19.1667,3.80139,1.31349,0,0,0,0,0,正常,正常,0,外圈,,,5000,5666.67,7.66162,8.20788,8.64086,15.471,0,3.85,0.6384,,,1,0,0,0,0,0,[]
19940,/home/dayin/git/audio-labeling/backend/storage/audio/product_1/record_15_1_1779964487.wav,-1,爆量程,0,1,0,0,0,其他异常,,1150,1,19.1667,1.8377,5.67619,0,0,0,0,0,异常,轴承-未定位,0,外圈,,,5333.33,6666.67,30.3171,15.5819,7.44518,25.342,0,3.85,0.645,,30.13,1,1,0,1,1,0,"[{""f0"": 30.13, ""score"": 0.7264, ""hits"": 5, ""cep_hits"": 2, ""interference"": false, ""guard"": """", ""band"": """", ""cls"": null, ""fr_hyp"": null}]"
19941,/home/dayin/git/audio-labeling/backend/storage/audio/product_1/record_15_1_1780020726.wav,-1,轴承,0,1,1,0,0,轴承,,1121.05,0,18.6842,35.7687,0.449005,0,0,0,0,0,正常,正常,0,外圈,,,1333.33,2666.67,5.97359,7.21788,6.6793,11.1675,0,3.8,0.6464,,18.16!,2,1,1,0,0,0,"[{""f0"": 18.158, ""score"": 0.7986, ""hits"": 5, ""cep_hits"": 2, ""interference"": true, ""guard"": ""低频梳(f0<20Hz,疑轴频族)"", ""band"": """", ""cls"": null, ""fr_hyp"": null}]"
19942,/home/dayin/git/audio-labeling/backend/storage/audio/product_1/record_15_1_1780032011.wav,-1,摩擦,0,1,0,1,0,摩擦,,1150,1,19.1667,3.68284,4.63932,0,0,0,0,0,正常,正常,0,外圈,,,6300,7000,28.5564,32.0034,21.2407,37.5744,0,3.85,0.672,,,0,0,0,0,0,0,[]
19943,/home/dayin/git/audio-labeling/backend/storage/audio/product_1/record_15_1_1780033757.wav,-1,摩擦,0,1,0,1,0,摩擦,,1150,1,19.1667,1.87981,3.26169,0,0,0,0,0,正常,正常,0,外圈,,,2666.67,4000,13.1083,17.4028,16.8451,27.7741,0,3.8,0.6391,,,0,0,0,0,0,0,[]
19944,/home/dayin/git/audio-labeling/backend/storage/audio/product_1/record_15_1_1780033868.wav,-1,轴承,0,1,1,0,0,轴承,,1150,1,19.1667,1.69741,2.54471,0,0,0,0,0,异常,轴承-未定位,0,外圈,,,2666.67,4000,23.3081,22.0241,13.6418,24.8373,0,3.8,0.6404,,30.53,1,1,0,1,1,0,"[{""f0"": 30.526, ""score"": 0.455, ""hits"": 5, ""cep_hits"": 1, ""interference"": false, ""guard"": """", ""band"": """", ""cls"": null, ""fr_hyp"": null}]"
19945,/home/dayin/git/audio-labeling/backend/storage/audio/product_1/record_15_1_1780034816.wav,-1,摩擦,0,1,0,1,0,摩擦,,1150,1,19.1667,2.43215,1.83376,0,0,0,0,0,异常,轴承-未定位,0,外圈,,,3333.33,4000,12.8489,6.5174,11.6696,18.5149,0,3.8,0.6571,,29.74,1,1,0,1,1,0,"[{""f0"": 29.737, ""score"": 0.5686, ""hits"": 5, ""cep_hits"": 3, ""interference"": false, ""guard"": """", ""band"": """", ""cls"": null, ""fr_hyp"": null}]"
19946,/home/dayin/git/audio-labeling/backend/storage/audio/product_1/record_15_1_1780037190.wav,-1,摩擦,0,1,0,1,0,摩擦,,1150,1,19.1667,2.5594,2.75691,0,0,0,0,0,正常,正常,0,外圈,,,2666.67,4000,20.7603,21.4392,14.8538,26.0183,0,3.85,0.6727,,,0,0,0,0,0,0,[]
19947,/home/dayin/git/audio-labeling/backend/storage/audio/product_1/record_15_1_1780040241.wav,-1,摩擦,0,1,0,1,0,摩擦,,1150,1,19.1667,2.48359,3.8331,0,0,0,0,0,正常,正常,0,外圈,,,1000,2000,20.6047,28.5189,17.4362,32.4798,0,3.85,0.6719,,,0,0,0,0,0,0,[]
19948,/home/dayin/git/audio-labeling/backend/storage/audio/product_1/record_15_1_1780040364.wav,-1,摩擦,0,1,0,1,0,摩擦,,1150,1,19.1667,2.63605,1.86867,0,0,0,0,0,正常,正常,0,外圈,,,4000,4666.67,26.959,9.30092,11.9583,19.2199,0,3.85,0.6643,,,0,0,0,0,0,0,[]
19949,/home/dayin/git/audio-labeling/backend/storage/audio/product_1/record_15_1_1780041589.wav,-1,摩擦,0,1,0,1,0,摩擦,,1150,1,19.1667,1.91396,8.63859,0,0,0,0,0,正常,正常,0,外圈,,,1000,2000,104.874,92.6791,26.2527,62.6998,0,3.85,0.6609,,,0,0,0,0,0,0,[]
19950,/home/dayin/git/audio-labeling/backend/storage/audio/product_1/record_15_1_1780044993.wav,-1,ng,0,1,0,0,0,其他异常,,1150,1,19.1667,1.77109,0.548987,0,0,0,0,0,异常,轴承-未定位,0,外圈,,,1000,2000,6.73103,5.50201,7.05757,11.55,0,3.85,0.6784,,61.30,1,1,0,1,1,0,"[{""f0"": 61.299, ""score"": 0.6723, ""hits"": 5, ""cep_hits"": 1, ""interference"": false, ""guard"": """", ""band"": """", ""cls"": null, ""fr_hyp"": null}]"
19951,/home/dayin/git/audio-labeling/backend/storage/audio/product_1/record_15_1_1780045013.wav,-1,轴承,0,1,1,0,0,轴承,,1150,1,19.1667,1.73176,0.605967,0,0,0,0,0,正常,正常,0,外圈,,,500,833.333,8.84469,6.4526,7.31166,12.0599,0,3.8,0.6379,,,0,0,0,0,0,0,[]
19952,/home/dayin/git/audio-labeling/backend/storage/audio/product_1/record_15_1_1780047830.wav,-1,,0,1,0,0,0,其他异常,,1150,1,19.1667,2.19455,0.929242,0,0.123093,0,0,0.123093,异常,轴承-未定位,0,外圈,,,2666.67,5333.33,5.86336,5.60791,8.335,13.6576,0,3.85,0.6572,,31.17,1,1,0,1,1,0,"[{""f0"": 31.169, ""score"": 0.3968, ""hits"": 5, ""cep_hits"": 1, ""interference"": false, ""guard"": """", ""band"": """", ""cls"": null, ""fr_hyp"": null}]"
19953,/home/dayin/git/audio-labeling/backend/storage/audio/product_1/record_15_1_1780049541.wav,-1,摩擦,0,1,0,1,0,摩擦,,1150,1,19.1667,1.18851,4.30848,0,0,0,0,0,正常,正常,0,外圈,,,1333.33,4000,11.3042,13.7013,19.9082,32.3684,0,3.91988,0.5795,,,0,0,0,0,0,0,[]
19954,/home/dayin/git/audio-labeling/backend/storage/audio/product_1/record_15_1_1780051040.wav,-1,摩擦,0,1,0,1,0,摩擦,,1150,1,19.1667,2.02572,4.77696,0,0,0,0,0,异常,轴承-未定位,0,外圈,,,1000,2000,42.2961,31.5925,17.5786,36.1346,0,3.8,0.6379,,60.79,1,1,0,1,1,0,"[{""f0"": 60.789, ""score"": 0.5379, ""hits"": 5, ""cep_hits"": 2, ""interference"": false, ""guard"": """", ""band"": """", ""cls"": null, ""fr_hyp"": null}]"
19955,/home/dayin/git/audio-labeling/backend/storage/audio/product_1/record_15_1_1780051126.wav,-1,摩擦,0,1,0,1,0,摩擦,,1150,1,19.1667,4.03831,1.68798,0,0.0309047,0.0892454,0.161649,0.161649,异常,轴承,1,滚珠,,,1333.33,4000,6.90118,9.43282,11.2367,18.3589,0,3.8,0.6425,,64.21,1,1,0,0,1,1,"[{""f0"": 64.211, ""score"": 0.3496, ""hits"": 4, ""cep_hits"": 1, ""interference"": false, ""guard"": """", ""band"": """", ""cls"": ""ball"", ""fr_hyp"": 18.333333333333332}]"
19956,/home/dayin/git/audio-labeling/backend/storage/audio/product_1/record_15_1_1780051622.wav,-1,摩擦,0,1,0,1,0,摩擦,,1150,1,19.1667,3.17015,2.26091,0,0,0,0,0,异常,轴承-未定位,0,外圈,,,1000,1666.67,15.2639,14.1706,11.758,21.5744,0,3.85,0.6699,,30.39,1,1,0,1,1,0,"[{""f0"": 30.39, ""score"": 0.8503, ""hits"": 5, ""cep_hits"": 3, ""interference"": false, ""guard"": """", ""band"": """", ""cls"": null, ""fr_hyp"": null}]"
19957,/home/dayin/git/audio-labeling/backend/storage/audio/product_1/record_15_1_1780052098.wav,-1,摩擦,0,1,0,1,0,摩擦,,1150,1,19.1667,1.38085,2.79736,0,0,0,0,0,正常,正常,0,外圈,,,2666.67,4000,14.7744,22.8196,14.6046,26.352,0,3.8,0.6377,,,1,0,0,0,0,0,[]
19958,/home/dayin/git/audio-labeling/backend/storage/audio/product_1/record_15_1_1780052144.wav,-1,轴承,0,1,1,0,0,轴承,,1150,1,19.1667,2.88953,0.986232,0,0.884136,0.0310313,0.072536,0.884136,异常,轴承,0,外圈,,,2666.67,3333.33,7.32037,8.43996,7.87316,13.9094,0,3.85,0.6627,,50.91,1,1,0,0,1,1,"[{""f0"": 50.909, ""score"": 0.8841, ""hits"": 5, ""cep_hits"": 3, ""interference"": false, ""guard"": """", ""band"": ""外圈(BPFO带)"", ""cls"": ""outer"", ""fr_hyp"": 19.74506302906191}]"
19959,/home/dayin/git/audio-labeling/backend/storage/audio/product_1/record_15_1_1780055534.wav,-1,ng,0,1,0,0,0,其他异常,,1150,1,19.1667,1.39139,0.774203,0,0,0,0,0,正常,正常,0,外圈,,,2666.67,4000,5.4718,7.59997,8.1,13.2919,0,3.8,0.642,,,1,0,0,0,0,0,[]
19960,/home/dayin/git/audio-labeling/backend/storage/audio/product_1/record_15_1_1780055891.wav,-1,轴承,0,1,1,0,0,轴承,,1152.63,0,19.2105,15.3276,0.468175,0,0,0,0,0,正常,正常,0,外圈,,,1333.33,2666.67,4.60599,6.49808,6.88132,11.3107,0,3.8,0.6467,,,3,0,0,0,0,0,[]
19961,/home/dayin/git/audio-labeling/backend/storage/audio/product_1/record_15_1_1780056370.wav,-1,ng,0,1,0,0,0,其他异常,,1150,1,19.1667,2.16099,0.597841,0,0,0,0,0,异常,轴承-未定位,0,外圈,,,2666.67,5333.33,6.19086,6.58015,6.99493,11.7855,0,3.85,0.6769,,54.29,1,1,0,1,1,0,"[{""f0"": 54.286, ""score"": 0.9013, ""hits"": 5, ""cep_hits"": 1, ""interference"": false, ""guard"": """", ""band"": """", ""cls"": null, ""fr_hyp"": null}]"
19962,/home/dayin/git/audio-labeling/backend/storage/audio/product_1/record_15_1_1780056547.wav,-1,摩擦,0,1,0,1,0,摩擦,,1150,1,19.1667,2.92981,4.07117,0,0.161903,0.126622,0.0528992,0.161903,异常,轴承-未定位,0,外圈,,,2666.67,3333.33,40.1173,39.112,18.9072,35.7134,0,3.85,0.6757,,31.17;18.70!,5,2,1,1,1,0,"[{""f0"": 31.169, ""score"": 0.569, ""hits"": 5, ""cep_hits"": 3, ""interference"": false, ""guard"": """", ""band"": """", ""cls"": null, ""fr_hyp"": 18.333333333333332}, {""f0"": 18.701, ""score"": 0.1847, ""hits"": 3, ""cep_hits"": 1, ""interference"": true, ""guard"": ""低频梳(f0<20Hz,疑轴频族)"", ""band"": """", ""cls"": null, ""fr_hyp"": null}]"
19963,/home/dayin/git/audio-labeling/backend/storage/audio/product_1/record_15_1_1780099573.wav,-1,轴承,0,1,1,0,0,轴承,,1150,1,19.1667,1.60158,0.303922,0,0,0,0,0,正常,正常,0,外圈,,,2666.67,5333.33,3.7261,5.4675,6.31905,10.1846,0,3.85,0.6725,,,1,0,0,0,0,0,[]
19964,/home/dayin/git/audio-labeling/backend/storage/audio/product_1/record_15_1_1780101023.wav,-1,ng,0,1,0,0,0,其他异常,,1150,1,19.1667,2.53724,0.250575,0,0,0.0481971,0.490075,0.490075,异常,轴承,0,滚珠,,,1000,2000,5.47179,5.24275,6.05033,9.71462,0,3.8,0.6501,,33.42,1,1,0,0,1,1,"[{""f0"": 33.421, ""score"": 0.4901, ""hits"": 4, ""cep_hits"": 2, ""interference"": false, ""guard"": """", ""band"": ""滚珠(BSF基频带)"", ""cls"": ""ball"", ""fr_hyp"": 19.00429751512076}]"
19965,/home/dayin/git/audio-labeling/backend/storage/audio/product_1/record_15_1_1780101073.wav,-1,摩擦,0,1,0,1,0,摩擦,,1150,1,19.1667,2.72179,2.31555,0,0.0520623,0,0.0465777,0.0520623,异常,轴承-未定位,0,外圈,,,1333.33,2666.67,9.25669,13.0446,12.1835,21.8535,0,3.8,0.6413,,63.16,2,1,0,1,1,0,"[{""f0"": 63.158, ""score"": 0.4877, ""hits"": 5, ""cep_hits"": 2, ""interference"": false, ""guard"": """", ""band"": """", ""cls"": null, ""fr_hyp"": 18.333333333333332}]"
19966,/home/dayin/git/audio-labeling/backend/storage/audio/product_1/record_15_1_1780102406.wav,-1,爆量程,0,1,0,0,0,其他异常,,1150,1,19.1667,2.58211,4.45013,0,0,0,0,0,正常,正常,0,外圈,,,4000,4500,24.7187,8.01324,4.46496,17.6257,0,3.89787,0.6931,,,0,0,0,0,0,0,[]
19967,/home/dayin/git/audio-labeling/backend/storage/audio/product_1/record_15_1_1780103241.wav,-1,轴承,0,1,1,0,0,轴承,,1075.32,0,17.9221,95.4428,3.4868,0,0,0,0,0,正常,正常,0,外圈,,,1000,2000,8.55447,11.3995,7.2593,19.5419,0,3.85,0.6659,,18.05!,1,1,1,0,0,0,"[{""f0"": 18.052, ""score"": 0.9035, ""hits"": 5, ""cep_hits"": 3, ""interference"": true, ""guard"": ""低频梳(f0<20Hz,疑轴频族)"", ""band"": """", ""cls"": null, ""fr_hyp"": null}]"
20003,/home/dayin/git/audio-labeling/backend/storage/audio/product_1/record_17_1_1779758429.wav,-1,摩擦,0,1,0,1,0,摩擦,,1150,1,19.1667,2.05409,5.40175,0,0,0,0,0,正常,正常,0,外圈,,,4666.67,6000,139.178,51.3143,23.6179,44.7905,0,3.8,0.6443,,,0,0,0,0,0,0,[]
20004,/home/dayin/git/audio-labeling/backend/storage/audio/product_1/record_17_1_1779758611.wav,-1,摩擦,0,1,0,1,0,摩擦,,1150,1,19.1667,1.23482,7.41139,0,0,0,0,0,正常,正常,0,外圈,,,3666.67,4333.33,43.6187,58.8059,16.9547,45.8774,0,3.8,0.643,,,0,0,0,0,0,0,[]
20005,/home/dayin/git/audio-labeling/backend/storage/audio/product_1/record_17_1_1779763743.wav,-1,摩擦,0,1,0,1,0,摩擦,,1150,1,19.1667,1.88803,3.3857,0,0,0,0,0,正常,正常,0,外圈,,,666.667,1333.33,74.0656,16.1043,17.2164,28.1302,0,3.8,0.6389,,,0,0,0,0,0,0,[]
20006,/home/dayin/git/audio-labeling/backend/storage/audio/product_1/record_17_1_1779764315.wav,-1,摩擦,0,1,0,1,0,摩擦,,1150,1,19.1667,1.18478,24.8992,1,0,0,0,0,异常,摩擦,0,外圈,,,4000,7984,388.252,245.307,31.8543,126.445,0,3.8,0.6352,,,0,0,0,0,0,0,[]
20007,/home/dayin/git/audio-labeling/backend/storage/audio/product_1/record_17_1_1779773728.wav,-1,轴承,0,1,1,0,0,轴承,,1150,1,19.1667,1.7159,3.62024,0,0,0,0,0,异常,轴承-未定位,0,外圈,,,1333.33,4000,27.4907,39.6935,17.5392,33.4686,0,3.8,0.6142,,29.21,2,1,0,1,1,0,"[{""f0"": 29.211, ""score"": 0.4503, ""hits"": 5, ""cep_hits"": 1, ""interference"": false, ""guard"": """", ""band"": """", ""cls"": null, ""fr_hyp"": null}]"
20008,/home/dayin/git/audio-labeling/backend/storage/audio/product_1/record_17_1_1779774942.wav,-1,摩擦,0,1,0,1,0,摩擦,,1150,1,19.1667,2.05688,3.53871,0,0,0,0,0,正常,正常,0,外圈,,,2666.67,4000,32.2932,22.3163,17.6104,30.1802,0,3.85,0.6421,,,0,0,0,0,0,0,[]
20009,/home/dayin/git/audio-labeling/backend/storage/audio/product_1/record_17_1_1779775794.wav,-1,轴承,0,1,1,0,0,轴承,,1073.68,0,17.8947,9.65172,22.0042,1,0,0,0,0,异常,摩擦,0,外圈,,,6000,7000,457.364,197.985,25.0166,105.87,0,3.8,0.6063,,,1,0,0,0,0,0,[]
20010,/home/dayin/git/audio-labeling/backend/storage/audio/product_1/record_17_1_1779779899.wav,-1,轴承,0,1,1,0,0,轴承,,1150,1,19.1667,1.28336,1.52815,0,0,0,0,0,正常,正常,0,外圈,,,333.333,666.667,54.4177,10.0678,9.97398,17.3848,0,3.8,0.6094,,,0,0,0,0,0,0,[]
20011,/home/dayin/git/audio-labeling/backend/storage/audio/product_1/record_17_1_1779780164.wav,-1,轴承,0,1,1,0,0,轴承,,1150,1,19.1667,0.744501,4.50592,0,0,0,0,0,异常,轴承-未定位,0,外圈,,,1333.33,2666.67,32.2481,30.1785,14.3932,32.3532,0,3.8,0.6111,,28.42,1,1,0,1,1,0,"[{""f0"": 28.421, ""score"": 0.1722, ""hits"": 3, ""cep_hits"": 3, ""interference"": false, ""guard"": """", ""band"": """", ""cls"": null, ""fr_hyp"": null}]"
20012,/home/dayin/git/audio-labeling/backend/storage/audio/product_1/record_17_1_1779780353.wav,-1,摩擦,0,1,0,1,0,摩擦,,1150,1,19.1667,1.55251,5.5057,0,0,0,0,0,异常,轴承-未定位,0,外圈,,,1333.33,4000,86.7532,120.635,28.2622,57.6479,0,3.8,0.6173,,29.47,1,1,0,1,1,0,"[{""f0"": 29.474, ""score"": 0.1934, ""hits"": 4, ""cep_hits"": 3, ""interference"": false, ""guard"": """", ""band"": """", ""cls"": null, ""fr_hyp"": null}]"
20013,/home/dayin/git/audio-labeling/backend/storage/audio/product_1/record_17_1_1779782974.wav,-1,摩擦,0,1,0,1,0,摩擦,,1150,1,19.1667,2.76245,7.82231,0,0,0,0,0,正常,正常,0,外圈,,,1000,1666.67,174.584,212.809,28.2851,76.9115,0,3.8,0.6033,,,0,0,0,0,0,0,[]
20014,/home/dayin/git/audio-labeling/backend/storage/audio/product_1/record_17_1_1779842509.wav,-1,摩擦,0,1,0,1,0,摩擦,,1150,1,19.1667,2.09752,5.81945,0,0,0,0,0,正常,正常,0,外圈,,,3333.33,4666.67,27.7768,37.9501,16.7439,39.1025,0,3.85,0.6538,,,0,0,0,0,0,0,[]
20015,/home/dayin/git/audio-labeling/backend/storage/audio/product_1/record_17_1_1779859372.wav,-1,摩擦,0,1,0,1,0,摩擦,,1150,1,19.1667,1.80658,7.03147,0,0,0,0,0,正常,正常,0,外圈,,,3000,4000,50.5349,60.0625,27.7066,54.2578,0,3.85,0.6898,,,0,0,0,0,0,0,[]
20016,/home/dayin/git/audio-labeling/backend/storage/audio/product_1/record_17_1_1779864049.wav,-1,轴承,0,1,1,0,0,轴承,,1150,1,19.1667,1.39863,1.96977,0,0,0,0,0,异常,轴承-未定位,0,外圈,,,1333.33,2666.67,8.6545,12.9468,9.01608,18.193,0,3.8,0.6275,,37.11,1,1,0,1,1,0,"[{""f0"": 37.105, ""score"": 0.723, ""hits"": 5, ""cep_hits"": 2, ""interference"": false, ""guard"": """", ""band"": """", ""cls"": null, ""fr_hyp"": null}]"
20017,/home/dayin/git/audio-labeling/backend/storage/audio/product_1/record_17_1_1779875175.wav,-1,摩擦,0,1,0,1,0,摩擦,,1150,1,19.1667,1.82948,9.56295,1,0,0,0,0,异常,轴承-未定位,0,外圈,,,666.667,2000,121.935,129.249,26.7555,70.1867,0,3.8,0.6341,,36.84,1,1,0,1,1,0,"[{""f0"": 36.842, ""score"": 0.2416, ""hits"": 4, ""cep_hits"": 3, ""interference"": false, ""guard"": """", ""band"": """", ""cls"": null, ""fr_hyp"": null}]"
20018,/home/dayin/git/audio-labeling/backend/storage/audio/product_1/record_17_1_1779928251.wav,-1,摩擦,0,1,0,1,0,摩擦,,1150,1,19.1667,1.15819,5.12895,0,0,0,0,0,正常,正常,0,外圈,,,3333.33,4666.67,86.3178,112.932,28.0591,54.1819,0,3.8,0.6602,,,0,0,0,0,0,0,[]
20019,/home/dayin/git/audio-labeling/backend/storage/audio/product_1/record_17_1_1779929643.wav,-1,摩擦,0,1,0,1,0,摩擦,,1150,1,19.1667,1.89897,4.83886,0,0,0,0,0,正常,正常,0,外圈,,,1333.33,4000,21.141,31.742,22.0923,38.541,0,3.8,0.6621,,,0,0,0,0,0,0,[]
20020,/home/dayin/git/audio-labeling/backend/storage/audio/product_1/record_17_1_1779929783.wav,-1,摩擦,0,1,0,1,0,摩擦,,1150,1,19.1667,1.38812,4.45566,0,0,0,0,0,正常,正常,0,外圈,,,2333.33,3000,88.5705,94.7982,25.7836,45.9407,0,3.8,0.6345,,,0,0,0,0,0,0,[]
20021,/home/dayin/git/audio-labeling/backend/storage/audio/product_1/record_17_1_1779930025.wav,-1,摩擦,0,1,0,1,0,摩擦,,1150,1,19.1667,2.06645,14.5236,1,0,0,0,0,异常,摩擦,1,外圈,,,666.667,2000,168.693,208.005,33.4391,99.1863,0,3.8,0.6526,,,0,0,0,0,0,0,[]
20022,/home/dayin/git/audio-labeling/backend/storage/audio/product_1/record_17_1_1779930465.wav,-1,轴承,0,1,1,0,0,轴承,,1105.26,0,18.4211,5.67377,5.51668,0,0,0,0,0,正常,正常,0,外圈,,,3000,3333.33,19.0476,15.6328,16.0281,34.7335,0,3.8,0.6413,,,0,0,0,0,0,0,[]
20023,/home/dayin/git/audio-labeling/backend/storage/audio/product_1/record_17_1_1779944035.wav,-1,摩擦,0,1,0,1,0,摩擦,,1150,1,19.1667,1.91463,6.61387,0,0,0,0,0,正常,正常,0,外圈,,,2000,4000,56.9742,65.3726,30.135,53.5624,0,3.8,0.6396,,,0,0,0,0,0,0,[]
20024,/home/dayin/git/audio-labeling/backend/storage/audio/product_1/record_17_1_1779948333.wav,-1,摩擦,0,1,0,1,0,摩擦,,1150,1,19.1667,4.63683,3.77624,0,0,0,0,0,正常,正常,0,外圈,,,3000,4000,14.4431,11.1598,18.0126,29.228,0,3.85,0.6649,,,2,0,0,0,0,0,[]
20025,/home/dayin/git/audio-labeling/backend/storage/audio/product_1/record_17_1_1779948854.wav,-1,摩擦,0,1,0,1,0,摩擦,,1150,1,19.1667,1.92046,4.96712,0,0,0,0,0,正常,正常,0,外圈,,,2666.67,3333.33,59.3427,38.1457,23.4077,40.2451,0,3.8,0.6501,,,0,0,0,0,0,0,[]
20026,/home/dayin/git/audio-labeling/backend/storage/audio/product_1/record_17_1_1779953056.wav,-1,摩擦,0,1,0,1,0,摩擦,,1150,1,19.1667,1.8326,7.85509,0,0,0,0,0,正常,正常,0,外圈,,,1000,1666.67,145.784,100.119,35.1294,66.3248,0,3.8,0.6314,,,0,0,0,0,0,0,[]
20027,/home/dayin/git/audio-labeling/backend/storage/audio/product_1/record_17_1_1779956879.wav,-1,轴承,0,1,1,0,0,轴承,,1150,1,19.1667,2.08779,0.736363,0,0,0,0,0,正常,正常,0,外圈,,,4500,5000,11.4396,7.40573,7.99663,13.069,0,3.85,0.6735,,,0,0,0,0,0,0,[]
20028,/home/dayin/git/audio-labeling/backend/storage/audio/product_1/record_17_1_1779964528.wav,-1,轴承,0,1,1,0,0,轴承,,1150,1,19.1667,0.946227,1.24682,0,0,0.0830718,0.394634,0.394634,异常,轴承,0,滚珠,,,3333.33,4666.67,12.1059,9.01445,9.64344,16.0027,0,3.8,0.6359,,32.63,1,1,0,0,1,1,"[{""f0"": 32.632, ""score"": 0.3946, ""hits"": 5, ""cep_hits"": 2, ""interference"": false, ""guard"": """", ""band"": ""滚珠(BSF基频带)"", ""cls"": ""ball"", ""fr_hyp"": 18.55537710137775}]"
20029,/home/dayin/git/audio-labeling/backend/storage/audio/product_1/record_17_1_1779964654.wav,-1,轴承,0,1,1,0,0,轴承,,1150,1,19.1667,1.29066,0.919616,0,0,0,0,0,正常,正常,0,外圈,,,333.333,666.667,15.5856,6.08674,8.35459,13.7098,0,3.8,0.6361,,,0,0,0,0,0,0,[]
20030,/home/dayin/git/audio-labeling/backend/storage/audio/product_1/record_17_1_1779968095.wav,-1,摩擦,0,1,0,1,0,摩擦,,1150,1,19.1667,1.78906,4.33432,0,0,0,0,0,正常,正常,0,外圈,,,1000,1666.67,41.8969,25.5139,16.1249,32.8215,0,3.92219,0.6273,,,0,0,0,0,0,0,[]
20031,/home/dayin/git/audio-labeling/backend/storage/audio/product_1/record_17_1_1779969459.wav,-1,摩擦,0,1,0,1,0,摩擦,,1150,1,19.1667,2.33468,16.1023,1,0,0,0,0,异常,摩擦,1,外圈,,,1000,1666.67,142.857,157.337,20.3115,81.6122,0,3.85,0.6577,,,0,0,0,0,0,0,[]
20032,/home/dayin/git/audio-labeling/backend/storage/audio/product_1/record_17_1_1780013530.wav,-1,摩擦,0,1,0,1,0,摩擦,,1150,1,19.1667,2.4766,6.56525,0,0.03359,0.0917785,0.328533,0.328533,异常,轴承,0,滚珠,,,3333.33,4666.67,55.3725,48.5456,22.6648,47.8306,0,3.85,0.6771,,34.29,1,1,0,0,1,1,"[{""f0"": 34.286, ""score"": 0.3285, ""hits"": 5, ""cep_hits"": 1, ""interference"": false, ""guard"": """", ""band"": ""滚珠(BSF基频带)"", ""cls"": ""ball"", ""fr_hyp"": 19.495972253982153}]"
20033,/home/dayin/git/audio-labeling/backend/storage/audio/product_1/record_17_1_1780014383.wav,-1,轴承,0,1,1,0,0,轴承,,1168.83,0,19.4805,31.5886,3.3953,0,0,0,0,0,正常,正常,0,外圈,,,4650,5166.67,22.0623,21.4899,9.24322,22.9313,0,3.85,0.7003,,19.35!,1,1,1,0,0,0,"[{""f0"": 19.351, ""score"": 0.2131, ""hits"": 3, ""cep_hits"": 2, ""interference"": true, ""guard"": ""低频梳(f0<20Hz,疑轴频族)"", ""band"": """", ""cls"": null, ""fr_hyp"": null}]"
20034,/home/dayin/git/audio-labeling/backend/storage/audio/product_1/record_17_1_1780023098.wav,-1,摩擦,0,1,0,1,0,摩擦,,1150,1,19.1667,1.50946,5.02299,0,0,0.0283656,0.0337364,0.0337364,异常,轴承-未定位,0,滚珠,,,1333.33,2666.67,31.8127,41.1345,22.8413,41.2022,0,3.8,0.631,,64.08,1,1,0,1,1,0,"[{""f0"": 64.079, ""score"": 0.1668, ""hits"": 4, ""cep_hits"": 2, ""interference"": false, ""guard"": """", ""band"": """", ""cls"": null, ""fr_hyp"": 18.333333333333332}]"
20035,/home/dayin/git/audio-labeling/backend/storage/audio/product_1/record_17_1_1780023284.wav,-1,摩擦,0,1,0,1,0,摩擦,,1150,1,19.1667,2.20597,5.98922,0,0,0,0,0,正常,正常,0,外圈,,,3150,3500,79.8473,42.2762,27.4538,45.7598,0,3.8,0.6349,,,0,0,0,0,0,0,[]
20036,/home/dayin/git/audio-labeling/backend/storage/audio/product_1/record_17_1_1780024385.wav,-1,轴承,0,1,1,0,0,轴承,,1105.26,0,18.4211,6.81419,5.95054,0,0.164042,0.162518,0.642318,0.642318,异常,轴承,0,滚珠,,,3333.33,4666.67,40.8485,33.8072,19.866,41.7498,0,3.8,0.6518,,31.84;19.21!;70.53,4,3,1,0,2,1,"[{""f0"": 31.842, ""score"": 0.6246, ""hits"": 5, ""cep_hits"": 3, ""interference"": false, ""guard"": """", ""band"": """", ""cls"": ""ball"", ""fr_hyp"": 18.333333333333332}, {""f0"": 19.211, ""score"": 0.1923, ""hits"": 3, ""cep_hits"": 1, ""interference"": true, ""guard"": ""低频梳(f0<20Hz,疑轴频族)"", ""band"": """", ""cls"": null, ""fr_hyp"": null}, {""f0"": 70.526, ""score"": 0.1841, ""hits"": 2, ""cep_hits"": 1, ""interference"": false, ""guard"": """", ""band"": """", ""cls"": null, ""fr_hyp"": 20.0}]"
20037,/home/dayin/git/audio-labeling/backend/storage/audio/product_1/record_17_1_1780030554.wav,-1,ng,0,1,0,0,0,其他异常,,1150,1,19.1667,2.63312,0.232639,0,0,0,0,0,正常,正常,0,外圈,,,333.333,666.667,13.7591,3.9253,6.43653,9.79242,0,3.8,0.646,,,0,0,0,0,0,0,[]
20038,/home/dayin/git/audio-labeling/backend/storage/audio/product_1/record_17_1_1780030708.wav,-1,摩擦,0,1,0,1,0,摩擦,,1150,1,19.1667,1.74864,3.80138,0,0,0,0,0,正常,正常,0,外圈,,,2666.67,3333.33,19.8599,16.6227,18.7872,30.1707,0,3.85,0.6683,,,0,0,0,0,0,0,[]
20040,/home/dayin/git/audio-labeling/backend/storage/audio/product_1/record_17_1_1780037703.wav,-1,摩擦,0,1,0,1,0,摩擦,,1150,1,19.1667,2.0021,3.15935,0,0.156799,0.098878,0.44299,0.44299,异常,轴承,0,滚珠,,,3333.33,4666.67,37.3221,30.039,16.6918,29.6708,0,3.85,0.6679,,32.21,4,1,0,0,1,1,"[{""f0"": 32.208, ""score"": 0.4431, ""hits"": 5, ""cep_hits"": 2, ""interference"": false, ""guard"": """", ""band"": """", ""cls"": ""ball"", ""fr_hyp"": 18.333333333333332}]"
20041,/home/dayin/git/audio-labeling/backend/storage/audio/product_1/record_17_1_1780040403.wav,-1,摩擦,0,1,0,1,0,摩擦,,1150,1,19.1667,1.63615,11.8547,1,0,0,0,0,异常,摩擦,1,外圈,,,5333.33,6666.67,960.901,102.405,28.4357,74.5709,0,3.8,0.6299,,,0,0,0,0,0,0,[]
20042,/home/dayin/git/audio-labeling/backend/storage/audio/product_1/record_17_1_1780042927.wav,-1,摩擦,0,1,0,1,0,摩擦,,1150,1,19.1667,1.18226,6.0014,0,0.0297575,0.112598,0.332674,0.332674,异常,轴承,0,滚珠,,,3666.67,4333.33,79.1964,95.6558,28.4764,55.9396,0,3.85,0.686,,32.99,2,1,0,0,1,1,"[{""f0"": 32.987, ""score"": 0.3327, ""hits"": 5, ""cep_hits"": 2, ""interference"": false, ""guard"": """", ""band"": ""滚珠(BSF基频带)"", ""cls"": ""ball"", ""fr_hyp"": 18.75748845648283}]"
20043,/home/dayin/git/audio-labeling/backend/storage/audio/product_1/record_17_1_1780043097.wav,-1,轴承,0,1,1,0,0,轴承,,1105.26,0,18.4211,23.0328,0.505913,0,0,0,0,0,正常,正常,0,外圈,,,333.333,666.667,3.36657,3.27287,4.14569,6.28696,0,3.8,0.645,,,0,0,0,0,0,0,[]
20044,/home/dayin/git/audio-labeling/backend/storage/audio/product_1/record_17_1_1780043262.wav,-1,轴承,0,1,1,0,0,轴承,,1150,1,19.1667,3.07514,1.75142,0,0,0,0,0,异常,轴承-未定位,0,外圈,,,1000,2000,18.2524,11.1083,11.7035,18.9688,0,3.8,0.6322,,30.26,1,1,0,1,1,0,"[{""f0"": 30.263, ""score"": 0.2109, ""hits"": 2, ""cep_hits"": 2, ""interference"": false, ""guard"": """", ""band"": """", ""cls"": null, ""fr_hyp"": null}]"
20045,/home/dayin/git/audio-labeling/backend/storage/audio/product_1/record_17_1_1780044450.wav,-1,轴承,0,1,1,0,0,轴承,,1150,1,19.1667,3.07203,1.96259,0,0.150817,0,0.244257,0.244257,异常,轴承,0,滚珠,,,2333.33,3000,8.82309,11.162,11.2835,19.8165,0,3.85,0.6767,,31.43,3,1,0,0,1,1,"[{""f0"": 31.429, ""score"": 0.5507, ""hits"": 5, ""cep_hits"": 1, ""interference"": false, ""guard"": """", ""band"": """", ""cls"": ""ball"", ""fr_hyp"": 18.333333333333332}]"
20046,/home/dayin/git/audio-labeling/backend/storage/audio/product_1/record_17_1_1780050003.wav,-1,摩擦,0,1,0,1,0,摩擦,,1150,1,19.1667,1.28905,5.52974,0,0,0,0,0,正常,正常,0,外圈,,,2666.67,4000,56.8067,63.9377,27.2366,47.3335,0,3.8,0.6429,,,0,0,0,0,0,0,[]
20047,/home/dayin/git/audio-labeling/backend/storage/audio/product_1/record_17_1_1780050608.wav,-1,ng,0,1,0,0,0,其他异常,,1150,1,19.1667,1.97499,0.610937,0,0,0,0,0,正常,正常,0,外圈,,,166.667,500,11.0006,6.06799,7.53323,12.157,0,3.8,0.6397,,,0,0,0,0,0,0,[]
20048,/home/dayin/git/audio-labeling/backend/storage/audio/product_1/record_17_1_1780050777.wav,-1,ng,0,1,0,0,0,其他异常,,1150,1,19.1667,2.24446,0.589294,0,0.10068,0.115095,0.276269,0.276269,异常,轴承,0,滚珠,,,666.667,2000,5.83221,6.167,6.91129,11.6268,0,3.85,0.6745,,64.42;97.14,2,2,0,0,2,2,"[{""f0"": 64.416, ""score"": 0.571, ""hits"": 5, ""cep_hits"": 2, ""interference"": false, ""guard"": """", ""band"": """", ""cls"": ""ball"", ""fr_hyp"": 18.333333333333332}, {""f0"": 97.143, ""score"": 0.2554, ""hits"": 3, ""cep_hits"": 1, ""interference"": false, ""guard"": """", ""band"": """", ""cls"": ""ball"", ""fr_hyp"": 18.41286268431648}]"
20049,/home/dayin/git/audio-labeling/backend/storage/audio/product_1/record_17_1_1780051105.wav,-1,摩擦,0,1,0,1,0,摩擦,,1150,1,19.1667,1.91575,2.20791,0,0,0,0,0,正常,正常,0,外圈,,,5000,6000,7.41627,8.77215,12.8801,20.8633,0,3.85,0.6752,,,1,0,0,0,0,0,[]
20050,/home/dayin/git/audio-labeling/backend/storage/audio/product_1/record_17_1_1780052316.wav,-1,轴承,0,1,1,0,0,轴承,,1150,1,19.1667,2.78144,1.3459,0,0,0,0,0,正常,正常,0,外圈,,,333.333,666.667,35.2493,9.0052,9.79785,16.4598,0,3.8,0.6444,,,0,0,0,0,0,0,[]
20051,/home/dayin/git/audio-labeling/backend/storage/audio/product_1/record_17_1_1780055494.wav,-1,轴承,0,1,1,0,0,轴承,,1168.83,0,19.4805,5.36624,0.880407,0,0,0,0,0,正常,正常,0,外圈,,,500,1000,8.25313,8.45108,8.29938,13.9167,0,3.85,0.676,,,0,0,0,0,0,0,[]
20053,/home/dayin/git/audio-labeling/backend/storage/audio/product_1/record_17_1_1780056298.wav,-1,ng,0,1,0,0,0,其他异常,,1150,1,19.1667,2.43604,3.73238,0,0,0.0732949,0.399324,0.399324,异常,轴承,0,滚珠,,,3333.33,4666.67,20.5922,28.6289,16.0163,31.3251,0,3.85,0.6764,,33.77,2,1,0,0,1,1,"[{""f0"": 33.766, ""score"": 0.3993, ""hits"": 5, ""cep_hits"": 1, ""interference"": false, ""guard"": """", ""band"": ""滚珠(BSF基频带)"", ""cls"": ""ball"", ""fr_hyp"": 19.20057873498242}]"
20054,/home/dayin/git/audio-labeling/backend/storage/audio/product_1/record_17_1_1780056398.wav,-1,ng,0,1,0,0,0,其他异常,,1150,1,19.1667,2.39597,1.09604,0,0,0.774284,0.0272897,0.774284,异常,轴承,0,内圈,,,1333.33,2666.67,6.23456,8.32642,7.9054,14.2218,0,3.8,0.646,,90.00,1,1,0,0,1,1,"[{""f0"": 90.0, ""score"": 0.7711, ""hits"": 5, ""cep_hits"": 1, ""interference"": false, ""guard"": """", ""band"": """", ""cls"": ""inner"", ""fr_hyp"": 20.0}]"
20055,/home/dayin/git/audio-labeling/backend/storage/audio/product_1/record_17_1_1780056548.wav,-1,轴承,0,1,1,0,0,轴承,,1150,1,19.1667,1.36455,1.2047,0,0.0395789,0.143107,0.195322,0.195322,异常,轴承,1,滚珠,,,1333.33,4000,8.03256,10.7402,9.04459,15.8175,0,3.85,0.6752,,34.55,4,1,0,0,1,1,"[{""f0"": 34.545, ""score"": 0.1953, ""hits"": 3, ""cep_hits"": 1, ""interference"": false, ""guard"": """", ""band"": ""滚珠(BSF基频带)"", ""cls"": ""ball"", ""fr_hyp"": 19.643669013482015}]"
20056,/home/dayin/git/audio-labeling/backend/storage/audio/product_1/record_17_1_1780100084.wav,-1,轴承,0,1,1,0,0,轴承,,1150,1,19.1667,2.20767,1.33118,0,0,0.119838,0.627992,0.627992,异常,轴承,0,滚珠,,,3333.33,4666.67,8.44549,8.90135,8.15705,15.1627,0,3.85,0.6767,,35.84,1,1,0,0,1,1,"[{""f0"": 35.844, ""score"": 0.6245, ""hits"": 5, ""cep_hits"": 1, ""interference"": false, ""guard"": """", ""band"": """", ""cls"": ""ball"", ""fr_hyp"": 20.0}]"
20057,/home/dayin/git/audio-labeling/backend/storage/audio/product_1/record_17_1_1780101881.wav,-1,轴承,0,1,1,0,0,轴承,,1150,1,19.1667,1.48976,5.45615,0,0,0,0,0,异常,轴承-未定位,0,外圈,,,1333.33,2666.67,18.8232,27.7757,10.5755,30.1454,0,3.8,0.6397,,21.05,1,1,0,1,1,0,"[{""f0"": 21.053, ""score"": 1.0, ""hits"": 5, ""cep_hits"": 3, ""interference"": false, ""guard"": """", ""band"": """", ""cls"": null, ""fr_hyp"": null}]"
20058,/home/dayin/git/audio-labeling/backend/storage/audio/product_1/record_17_1_1780102370.wav,-1,轴承-微弱,0,1,0,0,0,其他异常,,1150,1,19.1667,1.32431,1.25714,0,0,0,0,0,正常,正常,0,外圈,,,333.333,666.667,24.2484,7.41912,9.74672,15.7824,0,3.85,0.6784,,,0,0,0,0,0,0,[]
20097,/home/dayin/git/audio-labeling/backend/storage/audio/product_1/record_15_1_1780468299_2aff9898.wav,-1,6-3-2,0,1,0,0,0,其他异常,,1150,1,19.1667,1.71381,0.849122,0,0,0,0,0,异常,轴承-未定位,0,外圈,,,2666.67,4000,9.98044,8.60501,7.81033,13.4908,0,3.80881,0.7155,,25.20,1,1,0,1,1,0,"[{""f0"": 25.205, ""score"": 0.4819, ""hits"": 5, ""cep_hits"": 1, ""interference"": false, ""guard"": """", ""band"": """", ""cls"": null, ""fr_hyp"": null}]"
20099,/home/dayin/git/audio-labeling/backend/storage/audio/product_1/record_15_1_1780468403_b0a3f8b9.wav,-1,测试,0,1,0,0,0,其他异常,,1150,1,19.1667,2.32187,0.285259,0,0,0.0338484,0.216436,0.216436,异常,轴承,0,滚珠,,,1000,2000,5.60841,4.75526,6.4021,10.1102,0,3.85,0.6707,,65.97,1,1,0,0,1,1,"[{""f0"": 65.974, ""score"": 0.5714, ""hits"": 5, ""cep_hits"": 1, ""interference"": false, ""guard"": """", ""band"": ""滚珠(2×BSF主峰带)"", ""cls"": ""ball"", ""fr_hyp"": 18.75748845648283}]"
20100,/home/dayin/git/audio-labeling/backend/storage/audio/product_1/record_15_1_1780468618_9f88e3b9.wav,-1,6-3-6,0,1,0,0,0,其他异常,,1150,1,19.1667,2.22465,0.878114,0,0,0,0,0,正常,正常,0,外圈,,,1333.33,4000,7.69133,8.69213,8.399,14.0005,0,3.85,0.6754,,,5,0,0,0,0,0,[]
20101,/home/dayin/git/audio-labeling/backend/storage/audio/product_1/ZWR31-8B1_2ok.wav,1,噪音房ok,1,0,0,0,0,正常,,1150,1,19.1667,2.40223,5.41066,0,0,0,0,0,正常,正常,0,外圈,,,1166.67,1500,2.28655,5.6949,24.0443,35.6261,0,10,1.574,重采样48000→16000Hz(resample_poly 1/3),,0,0,0,0,0,0,[]
20105,/home/dayin/git/audio-labeling/backend/storage/audio/product_1/record_16_1_1788397635_d69914733633.wav,-1,1号外圈不良声音不明显,0,1,0,0,1,其他异常,外圈,1150,1,19.1667,2.06301,0.423566,0,0,0,0,0,正常,正常,0,外圈,,,1000,2000,2.25,3.1566,4.43572,6.62647,0,3.85,0.6738,,,0,0,0,0,0,0,[]
20106,/home/dayin/git/audio-labeling/backend/storage/audio/product_1/record_16_1_1788397980_221ce85efffe.wav,-1,1号外圈不良,0,1,0,0,1,其他异常,外圈,1150,1,19.1667,1.61428,0.374803,0,0,0,0,0,正常,正常,0,外圈,,,4000,5000,2.24634,2.98609,4.61416,6.8099,0,3.8,0.6394,,,0,0,0,0,0,0,[]
20107,/home/dayin/git/audio-labeling/backend/storage/audio/product_1/record_16_1_1788398050_3f9106726a74.wav,-1,1号外圈不良,0,1,0,0,1,其他异常,外圈,1150,1,19.1667,2.13901,0.508184,0,0,0,0,0,正常,正常,0,外圈,,,6300,7000,2.24165,2.99316,4.1582,6.13157,0,3.8,0.6311,,,0,0,0,0,0,0,[]
20108,/home/dayin/git/audio-labeling/backend/storage/audio/product_1/record_16_1_1788398108_7dab7e778049.wav,-1,2号外圈不良有声音不明显,0,1,0,0,1,其他异常,外圈,1150,1,19.1667,1.96228,0.367558,0,0,0,0,0,正常,正常,0,外圈,,,6150,6833.33,2.6265,3.16027,4.62819,6.91698,0,3.8,0.6388,,,0,0,0,0,0,0,[]
20109,/home/dayin/git/audio-labeling/backend/storage/audio/product_1/record_16_1_1788398190_69166a1195f9.wav,-1,2号外圈不良,0,1,0,0,1,其他异常,外圈,1150,1,19.1667,2.38444,0.27905,0,0,0,0,0,正常,正常,0,外圈,,,666.667,1000,2.63336,3.15717,6.62257,9.8255,0,3.8,0.6292,,17.89!,1,1,1,0,0,0,"[{""f0"": 17.895, ""score"": 0.353, ""hits"": 4, ""cep_hits"": 2, ""interference"": true, ""guard"": ""低频梳(f0<20Hz,疑轴频族)"", ""band"": """", ""cls"": null, ""fr_hyp"": null}]"
20110,/home/dayin/git/audio-labeling/backend/storage/audio/product_1/record_16_1_1788398242_9a202dd8bbc8.wav,-1,2号外圈不良,0,1,0,0,1,其他异常,外圈,1150,1,19.1667,2.14138,0.44609,0,0,0,0,0,正常,正常,0,外圈,,,3900,4333.33,2.52656,3.04613,4.35597,6.48628,0,3.8,0.6283,,,0,0,0,0,0,0,[]
20111,/home/dayin/git/audio-labeling/backend/storage/audio/product_1/record_16_1_1788398327_9629619b02cf.wav,-1,3号外圈不良有声音不明显,0,1,0,0,1,其他异常,外圈,1150,1,19.1667,1.96343,0.291284,0,0,0,0,0,正常,正常,0,外圈,,,1,333.333,8.91742,3.11101,4.89948,7.29697,0,3.85,0.6335,,,0,0,0,0,0,0,[]
20112,/home/dayin/git/audio-labeling/backend/storage/audio/product_1/record_16_1_1788398464_4a6b80569686.wav,-1,3号外圈不良,0,1,0,0,1,其他异常,外圈,1150,1,19.1667,1.59896,0.373974,0,0,0,0,0,正常,正常,0,外圈,,,6150,6833.33,2.38405,3.10379,4.6123,6.85176,0,3.85,0.6416,,,0,0,0,0,0,0,[]
20113,/home/dayin/git/audio-labeling/backend/storage/audio/product_1/record_16_1_1788398635_a94fc3894c7a.wav,-1,4号外圈不良有声音不明显,0,1,0,0,1,其他异常,外圈,1150,1,19.1667,1.56622,0.529888,0,0,0,0,0,正常,正常,0,外圈,,,6000,6666.67,2.3533,3.04801,4.07386,6.05837,0,3.8,0.6188,,,0,0,0,0,0,0,[]
20114,/home/dayin/git/audio-labeling/backend/storage/audio/product_1/record_16_1_1788398758_4fda18580267.wav,-1,4号外圈不良,0,1,0,0,1,其他异常,外圈,1150,1,19.1667,1.80645,0.496692,0,0,0,0,0,正常,正常,0,外圈,,,3900,4333.33,2.67099,3.01731,4.19333,6.20229,0,3.8,0.6084,,,0,0,0,0,0,0,[]
20115,/home/dayin/git/audio-labeling/backend/storage/audio/product_1/record_16_1_1788398898_10e16979e8b5.wav,-1,4号外圈不良,0,1,0,0,1,其他异常,外圈,1150,1,19.1667,2.13752,0.467054,0,0,0,0,0,正常,正常,0,外圈,,,3900,4333.33,2.28629,3.02261,4.29229,6.35657,0,3.8,0.6092,,,0,0,0,0,0,0,[]
20116,/home/dayin/git/audio-labeling/backend/storage/audio/product_1/record_16_1_1788398968_eef2321f3d20.wav,-1,5号外圈不良坏,0,1,0,0,1,其他异常,外圈,1150,1,19.1667,3.93108,0.246381,0,0,0,0,0,正常,正常,0,外圈,,,2333.33,3000,3.5687,4.50065,6.28662,9.85344,0,3.85,0.6331,,,1,0,0,0,0,0,[]
20117,/home/dayin/git/audio-labeling/backend/storage/audio/product_1/record_16_1_1788399035_72c06a41fd16.wav,-1,5号外圈不良,0,1,0,0,1,其他异常,外圈,1105.26,0,18.4211,5.9652,0.156624,0,0,0,0,0,正常,正常,0,外圈,,,2333.33,3000,3.81197,3.93592,5.89076,9.08764,0,3.8,0.6221,,,1,0,0,0,0,0,[]
20118,/home/dayin/git/audio-labeling/backend/storage/audio/product_1/record_16_1_1788399092_4f5760a7944f.wav,-1,5号外圈不良,0,1,0,0,1,其他异常,外圈,1150,1,19.1667,1.44809,0.385988,0,0,0,0,0,正常,正常,0,外圈,,,2333.33,3000,3.77704,4.09656,6.85105,10.6412,0,3.85,0.6563,,76.88!,1,1,1,0,0,0,"[{""f0"": 76.883, ""score"": 0.4714, ""hits"": 4, ""cep_hits"": 1, ""interference"": true, ""guard"": ""轴频谐波4×19.167Hz"", ""band"": """", ""cls"": null, ""fr_hyp"": null}]"
20119,/home/dayin/git/audio-labeling/backend/storage/audio/product_1/record_16_1_1788399153_5c85c5a6fc59.wav,-1,1号滚珠不良转到某个角度有声音,0,1,0,0,1,其他异常,滚珠,1150,1,19.1667,1.97832,0.42469,0,0,0,0,0,正常,正常,0,外圈,,,3600,4000,2.35233,3.02202,4.43281,6.57996,0,3.8,0.6246,,,0,0,0,0,0,0,[]
20120,/home/dayin/git/audio-labeling/backend/storage/audio/product_1/record_16_1_1788399275_31ff3a226c0c.wav,-1,1号滚珠不良,0,1,0,0,1,其他异常,滚珠,1150,1,19.1667,2.56898,0.444735,0,0,0,0,0,正常,正常,0,外圈,,,6300,7000,2.27258,3.00137,4.36937,6.46237,0,3.85,0.6632,,,0,0,0,0,0,0,[]
20121,/home/dayin/git/audio-labeling/backend/storage/audio/product_1/record_16_1_1788399325_9fe1d18f99c1.wav,-1,1号滚珠不良,0,1,0,0,1,其他异常,滚珠,1150,1,19.1667,1.647,0.435955,0,0,0,0,0,正常,正常,0,外圈,,,4050,4500,2.28182,2.98374,4.40064,6.50039,0,3.8,0.6512,,,0,0,0,0,0,0,[]
20122,/home/dayin/git/audio-labeling/backend/storage/audio/product_1/record_16_1_1788399375_e447e1baa1d7.wav,-1,1号滚珠不良,0,1,0,0,1,其他异常,滚珠,1150,1,19.1667,1.94621,0.365657,0,0,0,0,0,正常,正常,0,外圈,,,3750,4166.67,2.28139,2.99056,4.64375,6.86177,0,3.8,0.6312,,,0,0,0,0,0,0,[]
20123,/home/dayin/git/audio-labeling/backend/storage/audio/product_1/record_16_1_1788399502_f4a0b3daf43d.wav,-1,2号滚珠不良有声音不明显,0,1,0,0,1,其他异常,滚珠,1150,1,19.1667,1.71254,0.423742,0,0,0,0,0,正常,正常,0,外圈,,,6150,6833.33,2.33042,3.0519,4.44173,6.58127,0,3.8,0.6339,,,0,0,0,0,0,0,[]
20124,/home/dayin/git/audio-labeling/backend/storage/audio/product_1/record_16_1_1788399563_ccea89fb2498.wav,-1,2号滚珠不良,0,1,0,0,1,其他异常,滚珠,1150,1,19.1667,1.90019,0.562626,0,0,0,0,0,正常,正常,0,外圈,,,4000,7984,2.21673,3.02181,3.96631,5.88068,0,3.8,0.6323,,,0,0,0,0,0,0,[]
20125,/home/dayin/git/audio-labeling/backend/storage/audio/product_1/record_16_1_1788399611_cb843715d5e5.wav,-1,2号滚珠不良,0,1,0,0,1,其他异常,滚珠,1150,1,19.1667,2.1492,0.492273,0,0,0,0,0,正常,正常,0,外圈,,,6150,6833.33,2.26483,2.9817,4.20785,6.21612,0,3.8,0.6254,,,0,0,0,0,0,0,[]
20126,/home/dayin/git/audio-labeling/backend/storage/audio/product_1/record_16_1_1788399678_8b9898435a31.wav,-1,3号滚珠不良有声音不明显,0,1,0,0,1,其他异常,滚珠,1150,1,19.1667,1.65008,0.285553,0,0,0,0,0,正常,正常,0,外圈,,,6750,7500,2.33037,3.10273,4.92434,7.31557,0,3.8,0.6452,,,0,0,0,0,0,0,[]
20127,/home/dayin/git/audio-labeling/backend/storage/audio/product_1/record_16_1_1788399760_1d2e7117caca.wav,-1,3号滚珠不良,0,1,0,0,1,其他异常,滚珠,1150,1,19.1667,3.06592,0.519781,0,0,0,0,0,正常,正常,0,外圈,,,3900,4333.33,2.57168,3.03179,4.11856,6.08379,0,3.8,0.6385,,,0,0,0,0,0,0,[]
20128,/home/dayin/git/audio-labeling/backend/storage/audio/product_1/record_16_1_1788399814_70f103c69df2.wav,-1,3号滚珠不良,0,1,0,0,1,其他异常,滚珠,1150,1,19.1667,1.97323,0.443558,0,0,0,0,0,正常,正常,0,外圈,,,4000,7984,2.19948,3.04988,4.36995,6.48789,0,3.8,0.6316,,,0,0,0,0,0,0,[]
20129,/home/dayin/git/audio-labeling/backend/storage/audio/product_1/record_16_1_1788399902_972bfc8d2a62.wav,-1,4号滚珠不良有点声音,0,1,0,0,1,其他异常,滚珠,1200,0,20,5.07063,0.423022,0,0,0,0,0,正常,正常,0,外圈,,,1,333.333,2.71551,2.97653,4.44251,6.56874,0,3.8,0.6445,,,0,0,0,0,0,0,[]
20130,/home/dayin/git/audio-labeling/backend/storage/audio/product_1/record_16_1_1788400014_397fc3d9145f.wav,-1,4号滚珠不良,0,1,0,0,1,其他异常,滚珠,1150,1,19.1667,2.88946,0.294903,0,0,0,0,0,正常,正常,0,外圈,,,6150,6833.33,2.5701,3.02331,4.88981,7.24806,0,3.8,0.6278,,,0,0,0,0,0,0,[]
20131,/home/dayin/git/audio-labeling/backend/storage/audio/product_1/record_16_1_1788400146_17b4f2e310b6.wav,-1,5号滚珠不良转到某个地方有损坏的声音,0,1,0,0,1,其他异常,滚珠,1150,1,19.1667,1.97015,0.518121,0,0,0,0,0,正常,正常,0,外圈,,,6000,6666.67,2.56908,3.01795,4.11532,6.10529,0,3.85,0.6554,,,0,0,0,0,0,0,[]
20132,/home/dayin/git/audio-labeling/backend/storage/audio/product_1/record_16_1_1788400236_4ee57c21f15a.wav,-1,5号滚珠不良,0,1,0,0,1,其他异常,滚珠,1150,1,19.1667,2.00899,0.195653,0,0,0,0,0,正常,正常,0,外圈,,,6000,6666.67,2.50715,3.1273,5.26094,7.84602,0,3.85,0.6679,,,0,0,0,0,0,0,[]
20133,/home/dayin/git/audio-labeling/backend/storage/audio/product_1/record_16_1_1788400290_2dd42f7b96df.wav,-1,5号滚珠不良,0,1,0,0,1,其他异常,滚珠,1150,1,19.1667,1.84611,0.388396,0,0,0,0,0,正常,正常,0,外圈,,,4050,4500,2.63849,3.08023,4.55986,6.7767,0,3.8,0.6352,,,0,0,0,0,0,0,[]
20134,/home/dayin/git/audio-labeling/backend/storage/audio/product_1/record_16_1_1788400373_cbd7493cf4b5.wav,-1,1号内圈不良有声音中度明星,0,1,0,0,1,其他异常,内圈,1136.84,0,18.9474,9.0608,0.484211,0,0,0,0,0,正常,正常,0,外圈,,,6300,7000,2.40229,2.88438,4.23969,6.22544,0,3.8,0.6275,,,0,0,0,0,0,0,[]
20135,/home/dayin/git/audio-labeling/backend/storage/audio/product_1/record_16_1_1788400514_dfd1ab7338f6.wav,-1,1号内圈不良,0,1,0,0,1,其他异常,内圈,1089.47,0,18.1579,16.7939,0.481603,0,0,0.0363412,0,0.0363412,异常,轴承-未定位,0,内圈,,,1,666.667,2.2067,3.0129,4.24258,6.28089,0,3.8,0.6517,,54.74;72.89,2,2,0,1,2,0,"[{""f0"": 54.737, ""score"": 0.3012, ""hits"": 2, ""cep_hits"": 2, ""interference"": false, ""guard"": """", ""band"": """", ""cls"": null, ""fr_hyp"": null}, {""f0"": 72.895, ""score"": 0.4202, ""hits"": 4, ""cep_hits"": 3, ""interference"": false, ""guard"": """", ""band"": """", ""cls"": null, ""fr_hyp"": null}]"
20136,/home/dayin/git/audio-labeling/backend/storage/audio/product_1/record_16_1_1788400619_cf2989629f22.wav,-1,2号内圈不良有声音不明显,0,1,0,0,1,其他异常,内圈,1122.08,0,18.7013,5.33978,0.444599,0,0,0,0,0,正常,正常,0,外圈,,,6300,7000,2.59356,3.14219,4.36351,6.51589,0,3.85,0.6876,,,0,0,0,0,0,0,[]
20137,/home/dayin/git/audio-labeling/backend/storage/audio/product_1/record_16_1_1788400704_237f97adb19d.wav,-1,2号内圈不良,0,1,0,0,1,其他异常,内圈,1150,1,19.1667,4.95536,0.485209,0,0,0,0,0,正常,正常,0,外圈,,,6300,7000,2.68165,3.05961,4.22564,6.28537,0,3.8,0.645,,,0,0,0,0,0,0,[]
20138,/home/dayin/git/audio-labeling/backend/storage/audio/product_1/record_16_1_1788400759_0f9e0d0918c0.wav,-1,2号内圈不良,0,1,0,0,1,其他异常,内圈,1121.05,0,18.6842,5.17116,0.476383,0,0,0,0,0,正常,正常,0,外圈,,,3600,4000,2.47608,3.07937,4.25372,6.34023,0,3.8,0.6394,,,0,0,0,0,0,0,[]
20139,/home/dayin/git/audio-labeling/backend/storage/audio/product_1/record_16_1_1788400830_a8349dc70da1.wav,-1,3号内圈不良转到某个角度有异音,0,1,0,0,1,其他异常,内圈,1150,1,19.1667,3.89588,0.335393,0,0,0,0,0,正常,正常,0,外圈,,,1000,1666.67,2.15682,2.99044,4.75151,7.01665,0,3.8,0.6604,,,0,0,0,0,0,0,[]
20140,/home/dayin/git/audio-labeling/backend/storage/audio/product_1/record_16_1_1788400928_22afb79880ec.wav,-1,3号内圈不良,0,1,0,0,1,其他异常,内圈,1150,1,19.1667,3.71395,0.556285,0,0,0,0,0,正常,正常,0,外圈,,,1000,1333.33,2.29424,2.88509,4.00183,5.8538,0,3.8,0.6371,,,0,0,0,0,0,0,[]
20141,/home/dayin/git/audio-labeling/backend/storage/audio/product_1/record_16_1_1788400997_75afb56fef62.wav,-1,3号内圈不良,0,1,0,0,1,其他异常,内圈,1150,1,19.1667,3.71472,0.444161,0,0,0,0,0,正常,正常,0,外圈,,,6600,7333.33,2.23621,3.03353,4.37019,6.47579,0,3.8,0.6406,,,0,0,0,0,0,0,[]
20142,/home/dayin/git/audio-labeling/backend/storage/audio/product_1/record_16_1_1788401056_28de9f12c551.wav,-1,4号内圈不良有声音不明显,0,1,0,0,1,其他异常,内圈,1150,1,19.1667,2.34428,0.412,0,0,0,0,0,异常,轴承-未定位,0,外圈,,,166.667,500,2.32056,2.99782,4.48731,6.61888,0,3.8,0.6302,,73.95,1,1,0,1,1,0,"[{""f0"": 73.947, ""score"": 0.5291, ""hits"": 3, ""cep_hits"": 1, ""interference"": false, ""guard"": """", ""band"": """", ""cls"": null, ""fr_hyp"": null}]"
20143,/home/dayin/git/audio-labeling/backend/storage/audio/product_1/record_16_1_1788401121_bfa3c2f96c8f.wav,-1,4号内圈不良,0,1,0,0,1,其他异常,内圈,1150,1,19.1667,4.20916,0.45368,0,0,0,0,0,正常,正常,0,外圈,,,3600,4000,2.58244,3.02142,4.33562,6.42839,0,3.8,0.6372,,,0,0,0,0,0,0,[]
20144,/home/dayin/git/audio-labeling/backend/storage/audio/product_1/record_16_1_1788401163_62fd3287f059.wav,-1,4号内圈不良,0,1,0,0,1,其他异常,内圈,1150,1,19.1667,4.16163,0.38625,0,0,0,0,0,正常,正常,0,外圈,,,3600,4000,2.70454,2.95404,4.57981,6.73601,0,3.8,0.6345,,,0,0,0,0,0,0,[]
20145,/home/dayin/git/audio-labeling/backend/storage/audio/product_1/record_16_1_1788401252_155daef28604.wav,-1,5号内圈不良有声音中度明星,0,1,0,0,1,其他异常,内圈,1150,1,19.1667,3.22036,0.306018,0,0,0,0,0,正常,正常,0,外圈,,,1,500,2.43549,3.10557,4.85355,7.20175,0,3.85,0.6559,,18.44!,1,1,1,0,0,0,"[{""f0"": 18.442, ""score"": 0.7553, ""hits"": 4, ""cep_hits"": 1, ""interference"": true, ""guard"": ""低频梳(f0<20Hz,疑轴频族)"", ""band"": """", ""cls"": null, ""fr_hyp"": null}]"
20146,/home/dayin/git/audio-labeling/backend/storage/audio/product_1/record_16_1_1788401341_6980e5212321.wav,-1,5号内圈不良,0,1,0,0,1,其他异常,内圈,1057.89,0,17.6316,5.73204,0.291993,0,0,0,0,0,正常,正常,0,外圈,,,1500,1833.33,2.51488,3.2133,4.89938,7.31441,0,3.8,0.6426,,,1,0,0,0,0,0,[]
20147,/home/dayin/git/audio-labeling/backend/storage/audio/product_1/record_16_1_1788401391_d2e2f96aee09.wav,-1,5号内圈不良,0,1,0,0,1,其他异常,内圈,1122.08,0,18.7013,5.53954,0.212883,0,0,0,0,0,正常,正常,0,外圈,,,1,500,2.46125,3.17688,5.19651,7.73799,0,3.85,0.6671,,18.57!,1,1,1,0,0,0,"[{""f0"": 18.571, ""score"": 0.7386, ""hits"": 5, ""cep_hits"": 2, ""interference"": true, ""guard"": ""低频梳(f0<20Hz,疑轴频族)"", ""band"": """", ""cls"": null, ""fr_hyp"": null}]"
20148,/home/dayin/git/audio-labeling/backend/storage/audio/product_1/record_17_1_1788397635_533d5a3d5021.wav,-1,1号外圈不良声音不明显,0,1,0,0,1,其他异常,外圈,1150,1,19.1667,1.30248,0.810111,0,0,0,0,0,正常,正常,0,外圈,,,2333.33,3000,18.5337,3.85654,8.41374,11.6827,0,3.8,0.6163,,,0,0,0,0,0,0,[]
20149,/home/dayin/git/audio-labeling/backend/storage/audio/product_1/record_17_1_1788397980_43dc924c80ed.wav,-1,1号外圈不良,0,1,0,0,1,其他异常,外圈,1150,1,19.1667,2.63416,0.590111,0,0,0,0,0,异常,轴承-未定位,0,外圈,,,833.333,1166.67,12.3536,3.03288,6.93469,9.05324,0,3.85,0.6562,,23.77,1,1,0,1,1,0,"[{""f0"": 23.766, ""score"": 0.2685, ""hits"": 4, ""cep_hits"": 2, ""interference"": false, ""guard"": """", ""band"": """", ""cls"": null, ""fr_hyp"": null}]"
20150,/home/dayin/git/audio-labeling/backend/storage/audio/product_1/record_17_1_1788398050_c6bdf258ce51.wav,-1,1号外圈不良,0,1,0,0,1,其他异常,外圈,1057.89,0,17.6316,6.49665,0.571647,0,0,0,0.0592904,0.0592904,异常,轴承-未定位,0,滚珠,,,1333.33,4000,21.3278,6.42616,7.76955,12.0751,0,3.8,0.6154,,71.84,2,1,0,1,1,0,"[{""f0"": 71.842, ""score"": 0.2062, ""hits"": 3, ""cep_hits"": 1, ""interference"": false, ""guard"": """", ""band"": """", ""cls"": null, ""fr_hyp"": 20.0}]"
20151,/home/dayin/git/audio-labeling/backend/storage/audio/product_1/record_17_1_1788398108_79a5677091c5.wav,-1,2号外圈不良有声音不明显,0,1,0,0,1,其他异常,外圈,1075.32,0,17.9221,8.28233,0.12453,0,0,0,0,0,正常,正常,0,外圈,,,1000,2000,2.6325,3.26223,5.81833,8.7595,0,3.85,0.639,,18.05!,1,1,1,0,0,0,"[{""f0"": 18.052, ""score"": 0.3486, ""hits"": 4, ""cep_hits"": 1, ""interference"": true, ""guard"": ""低频梳(f0<20Hz,疑轴频族)"", ""band"": """", ""cls"": null, ""fr_hyp"": null}]"
20152,/home/dayin/git/audio-labeling/backend/storage/audio/product_1/record_17_1_1788398190_f7de183966b5.wav,-1,2号外圈不良,0,1,0,0,1,其他异常,外圈,1057.89,0,17.6316,8.60746,0.355057,0,0,0.037086,0.109293,0.109293,异常,轴承-未定位,0,滚珠,,,666.667,1333.33,8.31776,3.78611,6.88022,9.85317,0,3.8,0.6193,,23.68;73.16,2,2,0,1,2,0,"[{""f0"": 23.684, ""score"": 0.1864, ""hits"": 4, ""cep_hits"": 1, ""interference"": false, ""guard"": """", ""band"": """", ""cls"": null, ""fr_hyp"": null}, {""f0"": 73.158, ""score"": 0.242, ""hits"": 3, ""cep_hits"": 1, ""interference"": false, ""guard"": """", ""band"": """", ""cls"": null, ""fr_hyp"": 20.0}]"
20153,/home/dayin/git/audio-labeling/backend/storage/audio/product_1/record_17_1_1788398242_ec33b4f317fb.wav,-1,2号外圈不良,0,1,0,0,1,其他异常,外圈,1073.68,0,17.8947,8.79671,0.491729,0,0,0,0,0,正常,正常,0,外圈,,,1000,1333.33,3.80197,3.51496,7.36901,11.0296,0,3.8,0.6114,,,1,0,0,0,0,0,[]
20154,/home/dayin/git/audio-labeling/backend/storage/audio/product_1/record_17_1_1788398327_1bd8ea70ba95.wav,-1,3号外圈不良有声音不明显,0,1,0,0,1,其他异常,外圈,1059.74,0,17.6623,7.47532,0.222617,0,0,0,0,0,正常,正常,0,外圈,,,1000,1333.33,4.16763,3.2241,6.42312,9.421,0,3.85,0.6497,,,0,0,0,0,0,0,[]
20155,/home/dayin/git/audio-labeling/backend/storage/audio/product_1/record_17_1_1788398464_ff0a0706f041.wav,-1,3号外圈不良,0,1,0,0,1,其他异常,外圈,1150,1,19.1667,3.7502,0.596332,0,0,0,0,0,正常,正常,0,外圈,,,1000,1333.33,24.3826,4.21476,7.19246,11.6051,0,3.8,0.6203,,,0,0,0,0,0,0,[]
20156,/home/dayin/git/audio-labeling/backend/storage/audio/product_1/record_17_1_1788398635_e43034e7004c.wav,-1,4号外圈不良有声音不明显,0,1,0,0,1,其他异常,外圈,1057.89,0,17.6316,9.63749,1.04328,0,0,0,0,0,正常,正常,0,外圈,,,1000,1333.33,5.7285,4.1392,9.18075,13.9732,0,3.8,0.6136,,,0,0,0,0,0,0,[]
20157,/home/dayin/git/audio-labeling/backend/storage/audio/product_1/record_17_1_1788398758_c7fb3d097324.wav,-1,4号外圈不良,0,1,0,0,1,其他异常,外圈,1057.89,0,17.6316,11.4649,0.509975,0,0,0,0,0,正常,正常,0,外圈,,,1000,1333.33,3.06118,2.57845,4.22915,5.97955,0,3.8,0.6272,,,0,0,0,0,0,0,[]
20158,/home/dayin/git/audio-labeling/backend/storage/audio/product_1/record_17_1_1788398898_3cf1bc800eae.wav,-1,4号外圈不良,0,1,0,0,1,其他异常,外圈,1150,1,19.1667,2.03437,0.132358,0,0,0,0,0,正常,正常,0,外圈,,,1000,1333.33,3.85988,2.89215,5.85521,8.55363,0,3.88388,0.6807,,,0,0,0,0,0,0,[]
20159,/home/dayin/git/audio-labeling/backend/storage/audio/product_1/record_17_1_1788398968_7c7ac8acd3e6.wav,-1,5号外圈不良坏,0,1,0,0,1,其他异常,外圈,1150,1,19.1667,4.94283,0.720529,0,0,0,0,0,正常,正常,0,外圈,,,1000,1333.33,18.2143,3.4668,8.15462,12.1166,0,3.8,0.6277,,,0,0,0,0,0,0,[]
20160,/home/dayin/git/audio-labeling/backend/storage/audio/product_1/record_17_1_1788399035_67697cad7145.wav,-1,5号外圈不良,0,1,0,0,1,其他异常,外圈,1105.26,0,18.4211,6.56081,0.590397,0,0,0,0,0,正常,正常,0,外圈,,,1000,1333.33,13.3031,3.59816,7.71496,11.5265,0,3.8,0.6316,,,0,0,0,0,0,0,[]
20161,/home/dayin/git/audio-labeling/backend/storage/audio/product_1/record_17_1_1788399092_e0e5a4c128b0.wav,-1,5号外圈不良,0,1,0,0,1,其他异常,外圈,1150,1,19.1667,1.89983,0.322652,0,0,0,0,0,正常,正常,0,外圈,,,6450,7166.67,3.18538,2.54665,4.99298,7.01414,0,3.8,0.6239,,,0,0,0,0,0,0,[]
20162,/home/dayin/git/audio-labeling/backend/storage/audio/product_1/record_17_1_1788399153_049c0cf8355c.wav,-1,1号滚珠不良转到某个角度有声音,0,1,0,0,1,其他异常,滚珠,1150,1,19.1667,3.88407,0.548137,0,0,0,0,0,正常,正常,0,外圈,,,833.333,1166.67,15.7895,3.48441,7.45629,10.3844,0,3.8,0.6382,,,0,0,0,0,0,0,[]
20163,/home/dayin/git/audio-labeling/backend/storage/audio/product_1/record_17_1_1788399275_47a7e614fa2f.wav,-1,1号滚珠不良,0,1,0,0,1,其他异常,滚珠,1075.32,0,17.9221,6.57949,0.533553,0,0,0,0,0,正常,正常,0,外圈,,,833.333,1166.67,8.1867,3.62736,7.56187,11.1227,0,3.85,0.6589,,,0,0,0,0,0,0,[]
20164,/home/dayin/git/audio-labeling/backend/storage/audio/product_1/record_17_1_1788399325_0144c05c235d.wav,-1,1号滚珠不良,0,1,0,0,1,其他异常,滚珠,1057.89,0,17.6316,7.8732,0.399122,0,0,0,0,0,正常,正常,0,外圈,,,833.333,1166.67,2.23044,3.07772,4.52603,6.71438,0,3.8,0.629,,,0,0,0,0,0,0,[]
20165,/home/dayin/git/audio-labeling/backend/storage/audio/product_1/record_17_1_1788399375_c30de0d77911.wav,-1,1号滚珠不良,0,1,0,0,1,其他异常,滚珠,1053.11,0,17.5519,5.13004,0.162274,0,0,0,0,0,正常,正常,0,外圈,,,833.333,1166.67,3.34536,2.91232,5.45428,7.99926,0,3.81725,0.6803,,,0,0,0,0,0,0,[]
20166,/home/dayin/git/audio-labeling/backend/storage/audio/product_1/record_17_1_1788399502_9562b0cace1b.wav,-1,2号滚珠不良有声音不明显,0,1,0,0,1,其他异常,滚珠,1089.47,0,18.1579,8.6154,0.275973,0,0,0,0,0,正常,正常,0,外圈,,,1000,1333.33,3.37125,3.54547,6.51817,9.94617,0,3.8,0.6265,,,0,0,0,0,0,0,[]
20167,/home/dayin/git/audio-labeling/backend/storage/audio/product_1/record_17_1_1788399563_c4c57d5741b2.wav,-1,2号滚珠不良,0,1,0,0,1,其他异常,滚珠,1150,1,19.1667,1.69233,0.201017,0,0,0.0296829,0.0273995,0.0296829,异常,轴承-未定位,0,内圈,,,1000,2000,2.52647,2.90146,5.28245,7.73186,0,3.8,0.6191,,138.68,1,1,0,1,1,0,"[{""f0"": 138.684, ""score"": 0.1751, ""hits"": 2, ""cep_hits"": 1, ""interference"": false, ""guard"": """", ""band"": """", ""cls"": null, ""fr_hyp"": 19.71508817021386}]"
20168,/home/dayin/git/audio-labeling/backend/storage/audio/product_1/record_17_1_1788399611_f1cf02efb73f.wav,-1,2号滚珠不良,0,1,0,0,1,其他异常,滚珠,1150,1,19.1667,4.23548,0.253462,0,0,0,0,0,正常,正常,0,外圈,,,3300,3666.67,2.24319,2.99967,5.03009,7.49716,0,3.8,0.6195,,,0,0,0,0,0,0,[]
20169,/home/dayin/git/audio-labeling/backend/storage/audio/product_1/record_17_1_1788399678_0e87ef40cc06.wav,-1,3号滚珠不良有声音不明显,0,1,0,0,1,其他异常,滚珠,1150,1,19.1667,2.38966,0.164706,0,0,0,0,0,正常,正常,0,外圈,,,1000,1500,2.99523,3.01549,6.15217,9.03137,0,3.8,0.6195,,,0,0,0,0,0,0,[]
20170,/home/dayin/git/audio-labeling/backend/storage/audio/product_1/record_17_1_1788399760_72b43e50e6d6.wav,-1,3号滚珠不良,0,1,0,0,1,其他异常,滚珠,1150,1,19.1667,2.64941,0.256111,0,0,0,0,0,正常,正常,0,外圈,,,833.333,1166.67,2.7473,3.02526,6.53797,9.60777,0,3.8,0.62,,,0,0,0,0,0,0,[]
20171,/home/dayin/git/audio-labeling/backend/storage/audio/product_1/record_17_1_1788399814_7678038076ea.wav,-1,3号滚珠不良,0,1,0,0,1,其他异常,滚珠,1150,1,19.1667,1.7497,0.391109,0,0,0,0,0,正常,正常,0,外圈,,,833.333,1166.67,5.55599,2.5022,4.69758,6.60022,0,3.85,0.6469,,,0,0,0,0,0,0,[]
20172,/home/dayin/git/audio-labeling/backend/storage/audio/product_1/record_17_1_1788399902_b93578eaeff9.wav,-1,4号滚珠不良有点声音,0,1,0,0,1,其他异常,滚珠,1150,1,19.1667,3.53365,0.484807,0,0,0,0,0,正常,正常,0,外圈,,,1000,2000,12.3555,2.35004,4.80002,6.313,0,3.8,0.6234,,,0,0,0,0,0,0,[]
20173,/home/dayin/git/audio-labeling/backend/storage/audio/product_1/record_17_1_1788400014_98371c946398.wav,-1,4号滚珠不良,0,1,0,0,1,其他异常,滚珠,1122.08,0,18.7013,6.60094,0.469628,0,0,0,0,0,正常,正常,0,外圈,,,1000,1500,7.85221,2.39095,5.10456,6.64544,0,3.85,0.6867,,,1,0,0,0,0,0,[]
20174,/home/dayin/git/audio-labeling/backend/storage/audio/product_1/record_17_1_1788400146_675cceb5d9af.wav,-1,5号滚珠不良转到某个地方有损坏的声音,0,1,0,0,1,其他异常,滚珠,1057.89,0,17.6316,7.92327,0.30595,0,0,0,0,0,正常,正常,0,外圈,,,1000,1333.33,2.76825,3.04039,4.84024,7.21867,0,3.8,0.6377,,,0,0,0,0,0,0,[]
20175,/home/dayin/git/audio-labeling/backend/storage/audio/product_1/record_17_1_1788400236_ddf34792c8ca.wav,-1,5号滚珠不良,0,1,0,0,1,其他异常,滚珠,1150,1,19.1667,2.24015,0.553636,0,0,0,0,0,正常,正常,0,外圈,,,1000,1333.33,3.42049,2.61973,4.07867,5.76269,0,3.85,0.6641,,,0,0,0,0,0,0,[]
20176,/home/dayin/git/audio-labeling/backend/storage/audio/product_1/record_17_1_1788400290_03be6d7581ed.wav,-1,5号滚珠不良,0,1,0,0,1,其他异常,滚珠,1150,1,19.1667,2.71942,0.287681,0,0,0,0,0,正常,正常,0,外圈,,,1000,1333.33,3.09746,2.73593,4.97065,7.19612,0,3.8,0.6317,,,0,0,0,0,0,0,[]
20177,/home/dayin/git/audio-labeling/backend/storage/audio/product_1/record_17_1_1788400373_9ea329cf8369.wav,-1,1号内圈不良有声音中度明星,0,1,0,0,1,其他异常,内圈,1136.84,0,18.9474,14.8505,0.226474,0,0,0,0,0,正常,正常,0,外圈,,,2333.33,3000,3.90559,2.90612,5.3873,7.67707,0,3.8,0.6425,,,0,0,0,0,0,0,[]
20178,/home/dayin/git/audio-labeling/backend/storage/audio/product_1/record_17_1_1788400514_77fcff7c2f86.wav,-1,1号内圈不良,0,1,0,0,1,其他异常,内圈,1150,1,19.1667,4.9522,0.28903,0,0,0,0,0,正常,正常,0,外圈,,,2333.33,3000,2.41221,3.36767,4.90573,7.45557,0,3.87619,0.7168,,,0,0,0,0,0,0,[]
20179,/home/dayin/git/audio-labeling/backend/storage/audio/product_1/record_17_1_1788400619_4177d4514ab9.wav,-1,2号内圈不良有声音不明显,0,1,0,0,1,其他异常,内圈,1106.49,0,18.4416,10.1343,0.267562,0,0,0,0,0,正常,正常,0,外圈,,,2333.33,3000,6.08454,3.45552,6.60931,9.66199,0,3.85,0.6757,,,0,0,0,0,0,0,[]
20180,/home/dayin/git/audio-labeling/backend/storage/audio/product_1/record_17_1_1788400704_d5a21461f4de.wav,-1,2号内圈不良,0,1,0,0,1,其他异常,内圈,1122.08,0,18.7013,9.51423,0.269309,0,0,0,0,0,正常,正常,0,外圈,,,1000,1333.33,5.5082,3.09639,6.32829,8.90657,0,3.85,0.6649,,,0,0,0,0,0,0,[]
20181,/home/dayin/git/audio-labeling/backend/storage/audio/product_1/record_17_1_1788400759_aefb5c117239.wav,-1,2号内圈不良,0,1,0,0,1,其他异常,内圈,1150,1,19.1667,4.49863,0.235499,0,0,0,0,0,正常,正常,0,外圈,,,1000,1500,3.73548,2.87578,5.83358,8.16583,0,3.8,0.633,,,0,0,0,0,0,0,[]
20182,/home/dayin/git/audio-labeling/backend/storage/audio/product_1/record_17_1_1788400830_bf229af7deae.wav,-1,3号内圈不良转到某个角度有异音,0,1,0,0,1,其他异常,内圈,1073.68,0,17.8947,23.0018,0.523376,0,0,0,0,0,正常,正常,0,外圈,,,1000,2000,2.44546,2.75673,4.12158,5.98027,0,3.8,0.6334,,,1,0,0,0,0,0,[]
20183,/home/dayin/git/audio-labeling/backend/storage/audio/product_1/record_17_1_1788400928_06bc65090537.wav,-1,3号内圈不良,0,1,0,0,1,其他异常,内圈,1121.05,0,18.6842,9.61468,0.367634,0,0,0,0,0,正常,正常,0,外圈,,,1000,2000,2.99887,3.43677,4.62842,7.11724,0,3.8,0.6337,,18.68!,1,1,1,0,0,0,"[{""f0"": 18.684, ""score"": 0.5506, ""hits"": 5, ""cep_hits"": 3, ""interference"": true, ""guard"": ""低频梳(f0<20Hz,疑轴频族)"", ""band"": """", ""cls"": null, ""fr_hyp"": null}]"
20184,/home/dayin/git/audio-labeling/backend/storage/audio/product_1/record_17_1_1788400997_647f733886ad.wav,-1,3号内圈不良,0,1,0,0,1,其他异常,内圈,1073.68,0,17.8947,13.9155,0.456231,0,0,0,0,0,正常,正常,0,外圈,,,3000,3333.33,2.30845,3.02195,4.31949,6.43249,0,3.8,0.633,,,0,0,0,0,0,0,[]
20185,/home/dayin/git/audio-labeling/backend/storage/audio/product_1/record_17_1_1788401056_dc2672ca5635.wav,-1,4号内圈不良有声音不明显,0,1,0,0,1,其他异常,内圈,1150,1,19.1667,4.64074,0.301925,0,0,0,0,0,正常,正常,0,外圈,,,2000,4000,2.24464,3.09251,4.84712,7.31726,0,3.8,0.6224,,,1,0,0,0,0,0,[]
20186,/home/dayin/git/audio-labeling/backend/storage/audio/product_1/record_17_1_1788401121_0a169e923871.wav,-1,4号内圈不良,0,1,0,0,1,其他异常,内圈,1134.55,0,18.9091,8.59253,0.251479,0,0,0,0,0,异常,轴承-未定位,0,外圈,,,1000,2000,2.70073,2.96748,5.05399,7.46444,0,3.80769,0.7341,,56.73;75.64,2,2,0,1,2,0,"[{""f0"": 56.727, ""score"": 0.2249, ""hits"": 2, ""cep_hits"": 1, ""interference"": false, ""guard"": """", ""band"": """", ""cls"": null, ""fr_hyp"": null}, {""f0"": 75.636, ""score"": 0.3763, ""hits"": 4, ""cep_hits"": 1, ""interference"": false, ""guard"": """", ""band"": """", ""cls"": null, ""fr_hyp"": null}]"
20187,/home/dayin/git/audio-labeling/backend/storage/audio/product_1/record_17_1_1788401163_fa5f3b727669.wav,-1,4号内圈不良,0,1,0,0,1,其他异常,内圈,1089.47,0,18.1579,5.97546,0.465922,0,0,0,0,0,正常,正常,0,外圈,,,1000,2000,12.2644,2.85571,6.60829,8.80537,0,3.8,0.6406,,,0,0,0,0,0,0,[]
20188,/home/dayin/git/audio-labeling/backend/storage/audio/product_1/record_17_1_1788401252_c8552d3a636d.wav,-1,5号内圈不良有声音中度明星,0,1,0,0,1,其他异常,内圈,1105.26,0,18.4211,27.7761,0.454141,0,0,0,0,0,正常,正常,0,外圈,,,1000,2000,2.69872,3.36888,4.32696,6.5654,0,3.8,0.6491,,18.42!,1,1,1,0,0,0,"[{""f0"": 18.421, ""score"": 0.5621, ""hits"": 4, ""cep_hits"": 3, ""interference"": true, ""guard"": ""低频梳(f0<20Hz,疑轴频族)"", ""band"": """", ""cls"": null, ""fr_hyp"": null}]"
20189,/home/dayin/git/audio-labeling/backend/storage/audio/product_1/record_17_1_1788401341_5284724cb38b.wav,-1,5号内圈不良,0,1,0,0,1,其他异常,内圈,1073.68,0,17.8947,22.9482,0.561334,0,0,0,0,0,正常,正常,0,外圈,,,3333.33,4666.67,2.79881,2.49159,4.10054,5.69163,0,3.8,0.6443,,,1,0,0,0,0,0,[]
20190,/home/dayin/git/audio-labeling/backend/storage/audio/product_1/record_17_1_1788401391_c6d1cec7d313.wav,-1,5号内圈不良,0,1,0,0,1,其他异常,内圈,1105.26,0,18.4211,22.4182,0.381361,0,0,0,0,0,正常,正常,0,外圈,,,3333.33,4666.67,2.73784,2.89391,4.63104,6.72097,0,3.8,0.6574,,18.55!,1,1,1,0,0,0,"[{""f0"": 18.553, ""score"": 0.46, ""hits"": 3, ""cep_hits"": 1, ""interference"": true, ""guard"": ""低频梳(f0<20Hz,疑轴频族)"", ""band"": """", ""cls"": null, ""fr_hyp"": null}]"
