id	storage_path	file_label_status	description
9913	/home/dayin/git/audio-labeling/backend/storage/audio/product_1/record_17_1_1778467288.wav	1	
10012	/home/dayin/git/audio-labeling/backend/storage/audio/product_1/record_17_1_1778981824.wav	-1	轴承
10013	/home/dayin/git/audio-labeling/backend/storage/audio/product_1/record_17_1_1778983300.wav	1	17
10040	/home/dayin/git/audio-labeling/backend/storage/audio/product_1/record_15_1_1779098906.wav	-1	摩擦
10054	/home/dayin/git/audio-labeling/backend/storage/audio/product_1/record_17_1_1779164282.wav	1	17
10085	/home/dayin/git/audio-labeling/backend/storage/audio/product_1/record_17_1_1778657102.wav	-1	17
10098	/home/dayin/git/audio-labeling/backend/storage/audio/product_1/record_17_1_1778723551.wav	-1	轴承
10117	/home/dayin/git/audio-labeling/backend/storage/audio/product_1/record_17_1_1778747853.wav	-1	摩擦
10145	/home/dayin/git/audio-labeling/backend/storage/audio/product_1/record_15_1_1778840737.wav	-1	摩擦
10165	/home/dayin/git/audio-labeling/backend/storage/audio/product_1/record_17_1_1778910241.wav	-1	摩擦
10172	/home/dayin/git/audio-labeling/backend/storage/audio/product_1/record_17_1_1778931034.wav	-1	摩擦
10173	/home/dayin/git/audio-labeling/backend/storage/audio/product_1/record_17_1_1778976691.wav	-1	摩擦
10181	/home/dayin/git/audio-labeling/backend/storage/audio/product_1/record_17_1_1778981194.wav	-1	摩擦
10239	/home/dayin/git/audio-labeling/backend/storage/audio/product_1/record_15_1_1778470042.wav	-1	轴承
10257	/home/dayin/git/audio-labeling/backend/storage/audio/product_1/record_17_1_1778729660.wav	-1	轴承
10261	/home/dayin/git/audio-labeling/backend/storage/audio/product_1/record_17_1_1778743410.wav	-1	摩擦
10273	/home/dayin/git/audio-labeling/backend/storage/audio/product_1/record_15_1_1778813032.wav	-1	轴承
10288	/home/dayin/git/audio-labeling/backend/storage/audio/product_1/record_17_1_1778840760.wav	-1	摩擦
10300	/home/dayin/git/audio-labeling/backend/storage/audio/product_1/record_17_1_1778891361.wav	-1	摩擦
10311	/home/dayin/git/audio-labeling/backend/storage/audio/product_1/record_17_1_1778901647.wav	-1	摩擦
10317	/home/dayin/git/audio-labeling/backend/storage/audio/product_1/record_17_1_1778912183.wav	-1	摩擦
10357	/home/dayin/git/audio-labeling/backend/storage/audio/product_1/record_15_1_1779267473.wav	-1	摩擦
10364	/home/dayin/git/audio-labeling/backend/storage/audio/product_1/record_17_1_1779330893.wav	1	17
10366	/home/dayin/git/audio-labeling/backend/storage/audio/product_1/record_17_1_1778469813.wav	-1	17
10371	/home/dayin/git/audio-labeling/backend/storage/audio/product_1/record_17_1_1778656785.wav	-1	17
10382	/home/dayin/git/audio-labeling/backend/storage/audio/product_1/record_17_1_1778726271.wav	-1	摩擦
10383	/home/dayin/git/audio-labeling/backend/storage/audio/product_1/record_15_1_1778728437.wav	-1	摩擦
10430	/home/dayin/git/audio-labeling/backend/storage/audio/product_1/record_15_1_1778840813.wav	-1	摩擦
10472	/home/dayin/git/audio-labeling/backend/storage/audio/product_1/record_15_1_1778929227.wav	-1	轴承
10476	/home/dayin/git/audio-labeling/backend/storage/audio/product_1/record_17_1_1778977506.wav	-1	摩擦
10498	/home/dayin/git/audio-labeling/backend/storage/audio/product_1/record_17_1_1779090591.wav	-1	摩擦
10508	/home/dayin/git/audio-labeling/backend/storage/audio/product_1/record_15_1_1779106675.wav	1	15
10515	/home/dayin/git/audio-labeling/backend/storage/audio/product_1/record_17_1_1779265794.wav	1	17
10527	/home/dayin/git/audio-labeling/backend/storage/audio/product_1/record_15_1_1779352908.wav	-1	摩擦
10535	/home/dayin/git/audio-labeling/backend/storage/audio/product_1/record_17_1_1778718438.wav	-1	摩擦
10541	/home/dayin/git/audio-labeling/backend/storage/audio/product_1/record_17_1_1778723965.wav	-1	摩擦
10579	/home/dayin/git/audio-labeling/backend/storage/audio/product_1/record_17_1_1778831701.wav	-1	摩擦
10585	/home/dayin/git/audio-labeling/backend/storage/audio/product_1/record_17_1_1778841052.wav	-1	摩擦
10632	/home/dayin/git/audio-labeling/backend/storage/audio/product_1/record_17_1_1778984516.wav	1	17
10662	/home/dayin/git/audio-labeling/backend/storage/audio/product_1/record_17_1_1779162960.wav	-1	轴承
10675	/home/dayin/git/audio-labeling/backend/storage/audio/product_1/record_17_1_1779325615.wav	-1	摩擦
10690	/home/dayin/git/audio-labeling/backend/storage/audio/product_1/record_15_1_1778659959.wav	-1	15
10788	/home/dayin/git/audio-labeling/backend/storage/audio/product_1/record_17_1_1779065394.wav	-1	摩擦
10797	/home/dayin/git/audio-labeling/backend/storage/audio/product_1/record_17_1_1779074882.wav	-1	摩擦
10801	/home/dayin/git/audio-labeling/backend/storage/audio/product_1/record_17_1_1779087410.wav	-1	轴承
10839	/home/dayin/git/audio-labeling/backend/storage/audio/product_1/record_17_1_1779270832.wav	1	17
10873	/home/dayin/git/audio-labeling/backend/storage/audio/product_1/record_17_1_1778730120.wav	-1	故障
10878	/home/dayin/git/audio-labeling/backend/storage/audio/product_1/record_15_1_1778741110.wav	-1	摩擦
10880	/home/dayin/git/audio-labeling/backend/storage/audio/product_1/record_15_1_1778744027.wav	-1	轴承
10890	/home/dayin/git/audio-labeling/backend/storage/audio/product_1/record_15_1_1778806674.wav	-1	摩擦
10913	/home/dayin/git/audio-labeling/backend/storage/audio/product_1/record_15_1_1778839482.wav	-1	摩擦
10922	/home/dayin/git/audio-labeling/backend/storage/audio/product_1/record_15_1_1778891430.wav	-1	摩擦
10928	/home/dayin/git/audio-labeling/backend/storage/audio/product_1/record_15_1_1778895833.wav	-1	摩擦
10955	/home/dayin/git/audio-labeling/backend/storage/audio/product_1/record_15_1_1778986587.wav	1	15
10959	/home/dayin/git/audio-labeling/backend/storage/audio/product_1/record_17_1_1779069215.wav	-1	摩擦
10994	/home/dayin/git/audio-labeling/backend/storage/audio/product_1/record_17_1_1779163032.wav	-1	17
10998	/home/dayin/git/audio-labeling/backend/storage/audio/product_1/record_17_1_1779263856.wav	-1	摩擦
11007	/home/dayin/git/audio-labeling/backend/storage/audio/product_1/record_17_1_1779323092.wav	-1	摩擦
11036	/home/dayin/git/audio-labeling/backend/storage/audio/product_1/record_17_1_1778725148.wav	-1	故障
11047	/home/dayin/git/audio-labeling/backend/storage/audio/product_1/record_17_1_1778740807.wav	-1	摩擦
11048	/home/dayin/git/audio-labeling/backend/storage/audio/product_1/record_17_1_1778744164.wav	-1	摩擦
11057	/home/dayin/git/audio-labeling/backend/storage/audio/product_1/record_17_1_1778755949.wav	-1	摩擦
11060	/home/dayin/git/audio-labeling/backend/storage/audio/product_1/record_17_1_1778806499.wav	-1	摩擦
11109	/home/dayin/git/audio-labeling/backend/storage/audio/product_1/record_15_1_1778925058.wav	-1	摩擦
11121	/home/dayin/git/audio-labeling/backend/storage/audio/product_1/record_15_1_1778985984.wav	1	15
11144	/home/dayin/git/audio-labeling/backend/storage/audio/product_1/record_17_1_1779154092.wav	1	17
11146	/home/dayin/git/audio-labeling/backend/storage/audio/product_1/record_15_1_1779155739.wav	-1	故障
11167	/home/dayin/git/audio-labeling/backend/storage/audio/product_1/record_17_1_1778652120.wav	-1	轴承
11176	/home/dayin/git/audio-labeling/backend/storage/audio/product_1/record_17_1_1778736432.wav	-1	轴承
11221	/home/dayin/git/audio-labeling/backend/storage/audio/product_1/record_17_1_1778900471.wav	-1	摩擦
11225	/home/dayin/git/audio-labeling/backend/storage/audio/product_1/record_17_1_1778909668.wav	-1	摩擦
11244	/home/dayin/git/audio-labeling/backend/storage/audio/product_1/record_15_1_1779086693.wav	-1	轴承
11247	/home/dayin/git/audio-labeling/backend/storage/audio/product_1/record_17_1_1779090903.wav	-1	摩擦
11271	/home/dayin/git/audio-labeling/backend/storage/audio/product_1/record_15_1_1779159643.wav	-1	15mc 轻微
11272	/home/dayin/git/audio-labeling/backend/storage/audio/product_1/record_15_1_1779159669.wav	1	15
11273	/home/dayin/git/audio-labeling/backend/storage/audio/product_1/record_17_1_1779164474.wav	-1	17
11281	/home/dayin/git/audio-labeling/backend/storage/audio/product_1/record_17_1_1779271483.wav	-1	摩擦
11307	/home/dayin/git/audio-labeling/backend/storage/audio/product_1/record_15_1_1778728640.wav	-1	轴承
11309	/home/dayin/git/audio-labeling/backend/storage/audio/product_1/record_17_1_1778729505.wav	-1	摩擦
11313	/home/dayin/git/audio-labeling/backend/storage/audio/product_1/record_17_1_1778736067.wav	-1	轴承
11339	/home/dayin/git/audio-labeling/backend/storage/audio/product_1/record_17_1_1778825692.wav	-1	摩擦
11347	/home/dayin/git/audio-labeling/backend/storage/audio/product_1/record_17_1_1778832441.wav	-1	摩擦
11373	/home/dayin/git/audio-labeling/backend/storage/audio/product_1/record_17_1_1778900670.wav	-1	摩擦
11428	/home/dayin/git/audio-labeling/backend/storage/audio/product_1/record_17_1_1779158260.wav	1	17
11430	/home/dayin/git/audio-labeling/backend/storage/audio/product_1/record_17_1_1779158792.wav	1	17
11445	/home/dayin/git/audio-labeling/backend/storage/audio/product_1/record_17_1_1779350272.wav	-1	摩擦
11459	/home/dayin/git/audio-labeling/backend/storage/audio/product_1/record_15_1_1778725077.wav	-1	轴承
11462	/home/dayin/git/audio-labeling/backend/storage/audio/product_1/record_15_1_1778727793.wav	-1	轴承
11463	/home/dayin/git/audio-labeling/backend/storage/audio/product_1/record_17_1_1778728006.wav	-1	摩擦
11474	/home/dayin/git/audio-labeling/backend/storage/audio/product_1/record_17_1_1778743947.wav	-1	摩擦
11517	/home/dayin/git/audio-labeling/backend/storage/audio/product_1/record_17_1_1778892381.wav	-1	摩擦
11546	/home/dayin/git/audio-labeling/backend/storage/audio/product_1/record_17_1_1778985717.wav	-1	轴承
11547	/home/dayin/git/audio-labeling/backend/storage/audio/product_1/record_15_1_1778986322.wav	1	15
11580	/home/dayin/git/audio-labeling/backend/storage/audio/product_1/record_15_1_1779155612.wav	-1	轴承
11582	/home/dayin/git/audio-labeling/backend/storage/audio/product_1/record_15_1_1779157785.wav	1	15
11597	/home/dayin/git/audio-labeling/backend/storage/audio/product_1/record_17_1_1779351375.wav	-1	轴承
11602	/home/dayin/git/audio-labeling/backend/storage/audio/product_1/record_15_1_1778659373.wav	-1	15
11603	/home/dayin/git/audio-labeling/backend/storage/audio/product_1/record_17_1_1778666302.wav	-1	17
11622	/home/dayin/git/audio-labeling/backend/storage/audio/product_1/record_17_1_1778740367.wav	-1	摩擦
11623	/home/dayin/git/audio-labeling/backend/storage/audio/product_1/record_17_1_1778740623.wav	-1	
11654	/home/dayin/git/audio-labeling/backend/storage/audio/product_1/record_15_1_1778831058.wav	-1	轴承
11656	/home/dayin/git/audio-labeling/backend/storage/audio/product_1/record_15_1_1778833842.wav	-1	轴承
11662	/home/dayin/git/audio-labeling/backend/storage/audio/product_1/record_17_1_1778845116.wav	-1	摩擦
11697	/home/dayin/git/audio-labeling/backend/storage/audio/product_1/record_17_1_1778985535.wav	-1	轴承
11725	/home/dayin/git/audio-labeling/backend/storage/audio/product_1/record_15_1_1779149683.wav	-1	15弱轴音
11748	/home/dayin/git/audio-labeling/backend/storage/audio/product_1/record_17_1_1779330606.wav	-1	摩擦
11753	/home/dayin/git/audio-labeling/backend/storage/audio/product_1/record_17_1_1778657355.wav	-1	17
11775	/home/dayin/git/audio-labeling/backend/storage/audio/product_1/record_15_1_1778739947.wav	-1	摩擦
11792	/home/dayin/git/audio-labeling/backend/storage/audio/product_1/record_17_1_1778815690.wav	-1	摩擦
11799	/home/dayin/git/audio-labeling/backend/storage/audio/product_1/record_17_1_1778827272.wav	-1	摩擦
11807	/home/dayin/git/audio-labeling/backend/storage/audio/product_1/record_15_1_1778838434.wav	-1	摩擦
11810	/home/dayin/git/audio-labeling/backend/storage/audio/product_1/record_17_1_1778842215.wav	-1	摩擦
11821	/home/dayin/git/audio-labeling/backend/storage/audio/product_1/record_17_1_1778900084.wav	-1	摩擦
11835	/home/dayin/git/audio-labeling/backend/storage/audio/product_1/record_17_1_1778929464.wav	-1	摩擦
11873	/home/dayin/git/audio-labeling/backend/storage/audio/product_1/record_17_1_1779158241.wav	1	17
11882	/home/dayin/git/audio-labeling/backend/storage/audio/product_1/record_15_1_1779267649.wav	-1	摩擦
11891	/home/dayin/git/audio-labeling/backend/storage/audio/product_1/record_17_1_1779324159.wav	-1	摩擦
11912	/home/dayin/git/audio-labeling/backend/storage/audio/product_1/record_17_1_1778651540.wav	-1	故障
11919	/home/dayin/git/audio-labeling/backend/storage/audio/product_1/record_17_1_1778721976.wav	-1	摩擦
11921	/home/dayin/git/audio-labeling/backend/storage/audio/product_1/record_17_1_1778723271.wav	-1	摩擦
11932	/home/dayin/git/audio-labeling/backend/storage/audio/product_1/record_17_1_1778738506.wav	-1	故障
11936	/home/dayin/git/audio-labeling/backend/storage/audio/product_1/record_17_1_1778742860.wav	-1	轴承
11960	/home/dayin/git/audio-labeling/backend/storage/audio/product_1/record_17_1_1778816304.wav	-1	摩擦
11965	/home/dayin/git/audio-labeling/backend/storage/audio/product_1/record_15_1_1778825814.wav	-1	摩擦
11967	/home/dayin/git/audio-labeling/backend/storage/audio/product_1/record_17_1_1778829923.wav	-1	轴承
11972	/home/dayin/git/audio-labeling/backend/storage/audio/product_1/record_15_1_1778840904.wav	-1	故障
11992	/home/dayin/git/audio-labeling/backend/storage/audio/product_1/record_17_1_1778909940.wav	-1	摩擦
12016	/home/dayin/git/audio-labeling/backend/storage/audio/product_1/record_15_1_1778981868.wav	-1	摩擦
12017	/home/dayin/git/audio-labeling/backend/storage/audio/product_1/record_17_1_1778983252.wav	1	17
12041	/home/dayin/git/audio-labeling/backend/storage/audio/product_1/record_17_1_1779153915.wav	-1	摩擦
12046	/home/dayin/git/audio-labeling/backend/storage/audio/product_1/record_15_1_1779159795.wav	-1	15
12047	/home/dayin/git/audio-labeling/backend/storage/audio/product_1/record_15_1_1779164301.wav	-1	15
12048	/home/dayin/git/audio-labeling/backend/storage/audio/product_1/record_17_1_1779164551.wav	-1	轴承
12069	/home/dayin/git/audio-labeling/backend/storage/audio/product_1/record_15_1_1778652367.wav	-1	轴承
12135	/home/dayin/git/audio-labeling/backend/storage/audio/product_1/record_17_1_1778911557.wav	-1	摩擦
12142	/home/dayin/git/audio-labeling/backend/storage/audio/product_1/record_17_1_1778919461.wav	-1	故障
12150	/home/dayin/git/audio-labeling/backend/storage/audio/product_1/record_17_1_1778978471.wav	-1	摩擦
12152	/home/dayin/git/audio-labeling/backend/storage/audio/product_1/record_15_1_1778986087.wav	-1	轴承
12153	/home/dayin/git/audio-labeling/backend/storage/audio/product_1/record_15_1_1778986108.wav	1	15
12182	/home/dayin/git/audio-labeling/backend/storage/audio/product_1/record_17_1_1779265641.wav	1	17
12223	/home/dayin/git/audio-labeling/backend/storage/audio/product_1/record_15_1_1778738278.wav	-1	摩擦
12248	/home/dayin/git/audio-labeling/backend/storage/audio/product_1/record_17_1_1778809092.wav	-1	摩擦
12261	/home/dayin/git/audio-labeling/backend/storage/audio/product_1/record_17_1_1778827248.wav	-1	摩擦
12291	/home/dayin/git/audio-labeling/backend/storage/audio/product_1/record_15_1_1778900210.wav	-1	摩擦
12293	/home/dayin/git/audio-labeling/backend/storage/audio/product_1/record_15_1_1778907304.wav	-1	轴承
12294	/home/dayin/git/audio-labeling/backend/storage/audio/product_1/record_17_1_1778907515.wav	-1	摩擦
12310	/home/dayin/git/audio-labeling/backend/storage/audio/product_1/record_15_1_1778978267.wav	-1	摩擦
12350	/home/dayin/git/audio-labeling/backend/storage/audio/product_1/record_15_1_1779164028.wav	-1	轴承
12386	/home/dayin/git/audio-labeling/backend/storage/audio/product_1/record_17_1_1778719001.wav	-1	17
12393	/home/dayin/git/audio-labeling/backend/storage/audio/product_1/record_17_1_1778727642.wav	-1	摩擦
12410	/home/dayin/git/audio-labeling/backend/storage/audio/product_1/record_15_1_1778756256.wav	-1	摩擦
12422	/home/dayin/git/audio-labeling/backend/storage/audio/product_1/record_17_1_1778825414.wav	-1	摩擦
12431	/home/dayin/git/audio-labeling/backend/storage/audio/product_1/record_17_1_1778838974.wav	-1	摩擦
12462	/home/dayin/git/audio-labeling/backend/storage/audio/product_1/record_17_1_1778979093.wav	-1	摩擦
12469	/home/dayin/git/audio-labeling/backend/storage/audio/product_1/record_17_1_1779065507.wav	-1	轴承
12489	/home/dayin/git/audio-labeling/backend/storage/audio/product_1/record_17_1_1779149267.wav	-1	摩擦
12527	/home/dayin/git/audio-labeling/backend/storage/audio/product_1/record_17_1_1778655306.wav	-1	轴承
12556	/home/dayin/git/audio-labeling/backend/storage/audio/product_1/record_15_1_1778824104.wav	-1	摩擦
12601	/home/dayin/git/audio-labeling/backend/storage/audio/product_1/record_17_1_1778928086.wav	-1	摩擦
12606	/home/dayin/git/audio-labeling/backend/storage/audio/product_1/record_17_1_1778979875.wav	-1	轴承
12640	/home/dayin/git/audio-labeling/backend/storage/audio/product_1/record_17_1_1779158211.wav	-1	摩擦
12645	/home/dayin/git/audio-labeling/backend/storage/audio/product_1/record_15_1_1779164511.wav	-1	轴承
12657	/home/dayin/git/audio-labeling/backend/storage/audio/product_1/record_17_1_1779267649.wav	-1	摩擦
12679	/home/dayin/git/audio-labeling/backend/storage/audio/product_1/record_17_1_1778656588.wav	-1	
12680	/home/dayin/git/audio-labeling/backend/storage/audio/product_1/record_15_1_1778667414.wav	-1	摩擦
12689	/home/dayin/git/audio-labeling/backend/storage/audio/product_1/record_15_1_1778720421.wav	-1	摩擦
12706	/home/dayin/git/audio-labeling/backend/storage/audio/product_1/record_17_1_1778743350.wav	-1	
12732	/home/dayin/git/audio-labeling/backend/storage/audio/product_1/record_17_1_1778815568.wav	-1	摩擦
12745	/home/dayin/git/audio-labeling/backend/storage/audio/product_1/record_17_1_1778826674.wav	-1	摩擦
12779	/home/dayin/git/audio-labeling/backend/storage/audio/product_1/record_17_1_1778902731.wav	-1	摩擦
12785	/home/dayin/git/audio-labeling/backend/storage/audio/product_1/record_17_1_1778913515.wav	-1	摩擦
12800	/home/dayin/git/audio-labeling/backend/storage/audio/product_1/record_17_1_1778984039.wav	1	17
12812	/home/dayin/git/audio-labeling/backend/storage/audio/product_1/record_15_1_1779076181.wav	-1	摩擦
12817	/home/dayin/git/audio-labeling/backend/storage/audio/product_1/record_15_1_1779092843.wav	-1	摩擦
12860	/home/dayin/git/audio-labeling/backend/storage/audio/product_1/record_17_1_1778654687.wav	-1	故障
12866	/home/dayin/git/audio-labeling/backend/storage/audio/product_1/record_15_1_1778719157.wav	-1	摩擦
12874	/home/dayin/git/audio-labeling/backend/storage/audio/product_1/record_17_1_1778727868.wav	-1	
12879	/home/dayin/git/audio-labeling/backend/storage/audio/product_1/record_17_1_1778741028.wav	-1	摩擦
12884	/home/dayin/git/audio-labeling/backend/storage/audio/product_1/record_15_1_1778745095.wav	-1	摩擦
12885	/home/dayin/git/audio-labeling/backend/storage/audio/product_1/record_17_1_1778745364.wav	-1	摩擦
12889	/home/dayin/git/audio-labeling/backend/storage/audio/product_1/record_17_1_1778749013.wav	-1	摩擦
12923	/home/dayin/git/audio-labeling/backend/storage/audio/product_1/record_15_1_1778843274.wav	-1	摩擦
12954	/home/dayin/git/audio-labeling/backend/storage/audio/product_1/record_17_1_1778928705.wav	-1	故障
12960	/home/dayin/git/audio-labeling/backend/storage/audio/product_1/record_17_1_1778984328.wav	1	17
12975	/home/dayin/git/audio-labeling/backend/storage/audio/product_1/record_17_1_1779094635.wav	-1	轴承
12991	/home/dayin/git/audio-labeling/backend/storage/audio/product_1/record_17_1_1779159325.wav	1	17
12992	/home/dayin/git/audio-labeling/backend/storage/audio/product_1/record_17_1_1779159549.wav	-1	摩擦
13004	/home/dayin/git/audio-labeling/backend/storage/audio/product_1/record_17_1_1779267473.wav	1	17
13015	/home/dayin/git/audio-labeling/backend/storage/audio/product_1/record_15_1_1779327418.wav	-1	轴承
13027	/home/dayin/git/audio-labeling/backend/storage/audio/product_1/record_15_1_1778656030.wav	-1	轴承
13058	/home/dayin/git/audio-labeling/backend/storage/audio/product_1/record_17_1_1778822951.wav	-1	摩擦
13102	/home/dayin/git/audio-labeling/backend/storage/audio/product_1/record_17_1_1778983058.wav	1	17
13106	/home/dayin/git/audio-labeling/backend/storage/audio/product_1/record_15_1_1778986676.wav	1	15
13132	/home/dayin/git/audio-labeling/backend/storage/audio/product_1/record_15_1_1779106578.wav	-1	轴承
13143	/home/dayin/git/audio-labeling/backend/storage/audio/product_1/record_15_1_1779164550.wav	-1	轴承
13168	/home/dayin/git/audio-labeling/backend/storage/audio/product_1/record_17_1_1778498453.wav	-1	17
13178	/home/dayin/git/audio-labeling/backend/storage/audio/product_1/record_15_1_1778738924.wav	-1	故障
13195	/home/dayin/git/audio-labeling/backend/storage/audio/product_1/record_15_1_1778815192.wav	-1	摩擦
13236	/home/dayin/git/audio-labeling/backend/storage/audio/product_1/record_17_1_1778899827.wav	-1	摩擦
13299	/home/dayin/git/audio-labeling/backend/storage/audio/product_1/record_17_1_1779326503.wav	-1	摩擦
13300	/home/dayin/git/audio-labeling/backend/storage/audio/product_1/record_17_1_1779329521.wav	-1	摩擦
13304	/home/dayin/git/audio-labeling/backend/storage/audio/product_1/record_17_1_1779352255.wav	-1	摩擦
13309	/home/dayin/git/audio-labeling/backend/storage/audio/product_1/record_17_1_1778655136.wav	-1	故障
13311	/home/dayin/git/audio-labeling/backend/storage/audio/product_1/record_17_1_1778656533.wav	-1	轴承
13354	/home/dayin/git/audio-labeling/backend/storage/audio/product_1/record_15_1_1778816476.wav	-1	轴承
13379	/home/dayin/git/audio-labeling/backend/storage/audio/product_1/record_17_1_1778889927.wav	-1	摩擦
13402	/home/dayin/git/audio-labeling/backend/storage/audio/product_1/record_17_1_1778925058.wav	-1	摩擦
13413	/home/dayin/git/audio-labeling/backend/storage/audio/product_1/record_17_1_1778984376.wav	-1	摩擦
13416	/home/dayin/git/audio-labeling/backend/storage/audio/product_1/record_15_1_1778985936.wav	1	15
13427	/home/dayin/git/audio-labeling/backend/storage/audio/product_1/record_15_1_1779087134.wav	-1	轴承
13432	/home/dayin/git/audio-labeling/backend/storage/audio/product_1/record_17_1_1779097668.wav	-1	摩擦
13442	/home/dayin/git/audio-labeling/backend/storage/audio/product_1/record_17_1_1779150310.wav	-1	摩擦
13444	/home/dayin/git/audio-labeling/backend/storage/audio/product_1/record_15_1_1779258403.wav	1	15
13465	/home/dayin/git/audio-labeling/backend/storage/audio/product_1/record_15_1_1778556568.wav	-1	15
13467	/home/dayin/git/audio-labeling/backend/storage/audio/product_1/record_15_1_1778719917.wav	-1	摩擦
13471	/home/dayin/git/audio-labeling/backend/storage/audio/product_1/record_15_1_1778724950.wav	-1	摩擦
13564	/home/dayin/git/audio-labeling/backend/storage/audio/product_1/record_15_1_1778979758.wav	-1	摩擦
13576	/home/dayin/git/audio-labeling/backend/storage/audio/product_1/record_15_1_1779089289.wav	-1	摩擦
13578	/home/dayin/git/audio-labeling/backend/storage/audio/product_1/record_15_1_1779094456.wav	-1	摩擦
13589	/home/dayin/git/audio-labeling/backend/storage/audio/product_1/record_17_1_1779154299.wav	1	17
13619	/home/dayin/git/audio-labeling/backend/storage/audio/product_1/record_17_1_1778724996.wav	-1	摩擦
13655	/home/dayin/git/audio-labeling/backend/storage/audio/product_1/record_17_1_1778813609.wav	-1	摩擦
13669	/home/dayin/git/audio-labeling/backend/storage/audio/product_1/record_17_1_1778831175.wav	-1	摩擦
13684	/home/dayin/git/audio-labeling/backend/storage/audio/product_1/record_15_1_1778847202.wav	-1	摩擦
13688	/home/dayin/git/audio-labeling/backend/storage/audio/product_1/record_17_1_1778892618.wav	-1	摩擦
13704	/home/dayin/git/audio-labeling/backend/storage/audio/product_1/record_15_1_1778932491.wav	-1	摩擦
13715	/home/dayin/git/audio-labeling/backend/storage/audio/product_1/record_15_1_1779083152.wav	-1	摩擦
13743	/home/dayin/git/audio-labeling/backend/storage/audio/product_1/record_15_1_1779262373.wav	-1	摩擦
13749	/home/dayin/git/audio-labeling/backend/storage/audio/product_1/record_17_1_1779322897.wav	-1	摩擦
13777	/home/dayin/git/audio-labeling/backend/storage/audio/product_1/record_17_1_1778727748.wav	-1	轴承
13803	/home/dayin/git/audio-labeling/backend/storage/audio/product_1/record_15_1_1778811474.wav	-1	故障
13816	/home/dayin/git/audio-labeling/backend/storage/audio/product_1/record_17_1_1778831446.wav	-1	摩擦
13852	/home/dayin/git/audio-labeling/backend/storage/audio/product_1/record_17_1_1778932656.wav	-1	摩擦
13857	/home/dayin/git/audio-labeling/backend/storage/audio/product_1/record_17_1_1778980182.wav	-1	摩擦
13871	/home/dayin/git/audio-labeling/backend/storage/audio/product_1/record_17_1_1779071220.wav	-1	
13883	/home/dayin/git/audio-labeling/backend/storage/audio/product_1/record_15_1_1779099209.wav	-1	故障
13904	/home/dayin/git/audio-labeling/backend/storage/audio/product_1/record_17_1_1779324849.wav	-1	摩擦
13925	/home/dayin/git/audio-labeling/backend/storage/audio/product_1/record_15_1_1778498313.wav	-1	轴承
13929	/home/dayin/git/audio-labeling/backend/storage/audio/product_1/record_17_1_1778717559.wav	-1	摩擦
13955	/home/dayin/git/audio-labeling/backend/storage/audio/product_1/record_15_1_1778743050.wav	-1	摩擦
13960	/home/dayin/git/audio-labeling/backend/storage/audio/product_1/record_17_1_1778747640.wav	-1	摩擦
13962	/home/dayin/git/audio-labeling/backend/storage/audio/product_1/record_17_1_1778756087.wav	-1	轴承
13975	/home/dayin/git/audio-labeling/backend/storage/audio/product_1/record_15_1_1778815095.wav	-1	摩擦
13995	/home/dayin/git/audio-labeling/backend/storage/audio/product_1/record_17_1_1778891237.wav	-1	摩擦
14004	/home/dayin/git/audio-labeling/backend/storage/audio/product_1/record_15_1_1778902640.wav	-1	摩擦
14015	/home/dayin/git/audio-labeling/backend/storage/audio/product_1/record_17_1_1778924733.wav	-1	摩擦
14022	/home/dayin/git/audio-labeling/backend/storage/audio/product_1/record_17_1_1778983039.wav	1	17
14037	/home/dayin/git/audio-labeling/backend/storage/audio/product_1/record_17_1_1779094586.wav	-1	故障
14052	/home/dayin/git/audio-labeling/backend/storage/audio/product_1/record_17_1_1779266963.wav	1	17
14058	/home/dayin/git/audio-labeling/backend/storage/audio/product_1/record_17_1_1779326856.wav	-1	摩擦
14066	/home/dayin/git/audio-labeling/backend/storage/audio/product_1/record_17_1_1779353837.wav	-1	轴承
14075	/home/dayin/git/audio-labeling/backend/storage/audio/product_1/record_15_1_1778556710.wav	-1	15
14091	/home/dayin/git/audio-labeling/backend/storage/audio/product_1/record_17_1_1778740739.wav	-1	故障
14094	/home/dayin/git/audio-labeling/backend/storage/audio/product_1/record_15_1_1778745171.wav	-1	故障
14101	/home/dayin/git/audio-labeling/backend/storage/audio/product_1/record_15_1_1778754585.wav	-1	摩擦
14135	/home/dayin/git/audio-labeling/backend/storage/audio/product_1/record_17_1_1778902893.wav	-1	摩擦
14160	/home/dayin/git/audio-labeling/backend/storage/audio/product_1/record_17_1_1778982946.wav	1	17
14181	/home/dayin/git/audio-labeling/backend/storage/audio/product_1/record_15_1_1779093031.wav	-1	摩擦
14203	/home/dayin/git/audio-labeling/backend/storage/audio/product_1/record_15_1_1779164530.wav	-1	轴承
14209	/home/dayin/git/audio-labeling/backend/storage/audio/product_1/record_17_1_1779263376.wav	-1	摩擦
14244	/home/dayin/git/audio-labeling/backend/storage/audio/product_1/record_17_1_1778736721.wav	-1	摩擦
14245	/home/dayin/git/audio-labeling/backend/storage/audio/product_1/record_17_1_1778737626.wav	-1	摩擦
14247	/home/dayin/git/audio-labeling/backend/storage/audio/product_1/record_17_1_1778741867.wav	-1	摩擦
14279	/home/dayin/git/audio-labeling/backend/storage/audio/product_1/record_17_1_1778893177.wav	-1	摩擦
14294	/home/dayin/git/audio-labeling/backend/storage/audio/product_1/record_15_1_1778911730.wav	-1	摩擦
14319	/home/dayin/git/audio-labeling/backend/storage/audio/product_1/record_15_1_1778986568.wav	1	15
14322	/home/dayin/git/audio-labeling/backend/storage/audio/product_1/record_17_1_1779071111.wav	-1	摩擦
14332	/home/dayin/git/audio-labeling/backend/storage/audio/product_1/record_17_1_1779088626.wav	-1	摩擦
14340	/home/dayin/git/audio-labeling/backend/storage/audio/product_1/record_17_1_1779099943.wav	-1	摩擦
14356	/home/dayin/git/audio-labeling/backend/storage/audio/product_1/record_17_1_1779155039.wav	-1	摩擦
14358	/home/dayin/git/audio-labeling/backend/storage/audio/product_1/record_17_1_1779157767.wav	-1	摩擦
14368	/home/dayin/git/audio-labeling/backend/storage/audio/product_1/record_17_1_1779270272.wav	-1	17
14370	/home/dayin/git/audio-labeling/backend/storage/audio/product_1/record_15_1_1779322876.wav	-1	故障
14376	/home/dayin/git/audio-labeling/backend/storage/audio/product_1/record_17_1_1779327459.wav	-1	摩擦
14399	/home/dayin/git/audio-labeling/backend/storage/audio/product_1/record_17_1_1778718231.wav	-1	摩擦
14418	/home/dayin/git/audio-labeling/backend/storage/audio/product_1/record_15_1_1778746596.wav	-1	摩擦
14448	/home/dayin/git/audio-labeling/backend/storage/audio/product_1/record_17_1_1778892148.wav	-1	轴承
14497	/home/dayin/git/audio-labeling/backend/storage/audio/product_1/record_15_1_1779158180.wav	-1	摩擦
14502	/home/dayin/git/audio-labeling/backend/storage/audio/product_1/record_15_1_1779164010.wav	-1	故障
14527	/home/dayin/git/audio-labeling/backend/storage/audio/product_1/record_17_1_1779353007.wav	-1	轴承
14558	/home/dayin/git/audio-labeling/backend/storage/audio/product_1/record_17_1_1778759590.wav	-1	摩擦
14597	/home/dayin/git/audio-labeling/backend/storage/audio/product_1/record_15_1_1778900289.wav	-1	摩擦
14642	/home/dayin/git/audio-labeling/backend/storage/audio/product_1/record_15_1_1779150937.wav	-1	摩擦
14650	/home/dayin/git/audio-labeling/backend/storage/audio/product_1/record_15_1_1779257734.wav	-1	摩擦
14675	/home/dayin/git/audio-labeling/backend/storage/audio/product_1/record_15_1_1779327019.wav	1	15
14694	/home/dayin/git/audio-labeling/backend/storage/audio/product_1/record_17_1_1778721878.wav	-1	摩擦
14706	/home/dayin/git/audio-labeling/backend/storage/audio/product_1/record_17_1_1778738111.wav	-1	摩擦
14766	/home/dayin/git/audio-labeling/backend/storage/audio/product_1/record_15_1_1778903314.wav	-1	摩擦
14775	/home/dayin/git/audio-labeling/backend/storage/audio/product_1/record_15_1_1778913740.wav	-1	摩擦
14786	/home/dayin/git/audio-labeling/backend/storage/audio/product_1/record_17_1_1778982546.wav	-1	摩擦
14792	/home/dayin/git/audio-labeling/backend/storage/audio/product_1/record_15_1_1779071374.wav	-1	摩擦
14805	/home/dayin/git/audio-labeling/backend/storage/audio/product_1/record_17_1_1779093530.wav	-1	摩擦
14822	/home/dayin/git/audio-labeling/backend/storage/audio/product_1/record_15_1_1779153656.wav	-1	摩擦
14832	/home/dayin/git/audio-labeling/backend/storage/audio/product_1/record_17_1_1779262543.wav	-1	摩擦
14833	/home/dayin/git/audio-labeling/backend/storage/audio/product_1/record_15_1_1779263855.wav	-1	摩擦
14849	/home/dayin/git/audio-labeling/backend/storage/audio/product_1/record_17_1_1779354506.wav	-1	摩擦
14853	/home/dayin/git/audio-labeling/backend/storage/audio/product_1/record_15_1_1778656467.wav	-1	故障
14871	/home/dayin/git/audio-labeling/backend/storage/audio/product_1/record_15_1_1778737472.wav	-1	轴承
14872	/home/dayin/git/audio-labeling/backend/storage/audio/product_1/record_17_1_1778740720.wav	-1	轴承
14883	/home/dayin/git/audio-labeling/backend/storage/audio/product_1/record_15_1_1778760221.wav	-1	摩擦
14924	/home/dayin/git/audio-labeling/backend/storage/audio/product_1/record_17_1_1778899216.wav	-1	摩擦
14926	/home/dayin/git/audio-labeling/backend/storage/audio/product_1/record_17_1_1778900452.wav	-1	轴承
14929	/home/dayin/git/audio-labeling/backend/storage/audio/product_1/record_15_1_1778900999.wav	-1	轴承
14938	/home/dayin/git/audio-labeling/backend/storage/audio/product_1/record_17_1_1778918236.wav	-1	轴承
14942	/home/dayin/git/audio-labeling/backend/storage/audio/product_1/record_15_1_1778978780.wav	-1	摩擦
14947	/home/dayin/git/audio-labeling/backend/storage/audio/product_1/record_15_1_1778986175.wav	1	15
14976	/home/dayin/git/audio-labeling/backend/storage/audio/product_1/record_17_1_1779102557.wav	-1	摩擦
14980	/home/dayin/git/audio-labeling/backend/storage/audio/product_1/record_15_1_1779106389.wav	-1	故障
15040	/home/dayin/git/audio-labeling/backend/storage/audio/product_1/record_15_1_1778740082.wav	-1	摩擦
15086	/home/dayin/git/audio-labeling/backend/storage/audio/product_1/record_17_1_1778891055.wav	-1	故障
15089	/home/dayin/git/audio-labeling/backend/storage/audio/product_1/record_17_1_1778892564.wav	-1	摩擦
15101	/home/dayin/git/audio-labeling/backend/storage/audio/product_1/record_15_1_1778912027.wav	-1	摩擦
15110	/home/dayin/git/audio-labeling/backend/storage/audio/product_1/record_17_1_1778924613.wav	-1	摩擦
15162	/home/dayin/git/audio-labeling/backend/storage/audio/product_1/record_17_1_1779353936.wav	-1	摩擦
15172	/home/dayin/git/audio-labeling/backend/storage/audio/product_1/record_17_1_1778717476.wav	-1	摩擦
15179	/home/dayin/git/audio-labeling/backend/storage/audio/product_1/record_15_1_1778725519.wav	-1	摩擦
15181	/home/dayin/git/audio-labeling/backend/storage/audio/product_1/record_17_1_1778727722.wav	-1	故障
15197	/home/dayin/git/audio-labeling/backend/storage/audio/product_1/record_15_1_1778752718.wav	-1	故障
15198	/home/dayin/git/audio-labeling/backend/storage/audio/product_1/record_15_1_1778753693.wav	-1	摩擦
15223	/home/dayin/git/audio-labeling/backend/storage/audio/product_1/record_15_1_1778841756.wav	-1	摩擦
15233	/home/dayin/git/audio-labeling/backend/storage/audio/product_1/record_17_1_1778894593.wav	-1	摩擦
15250	/home/dayin/git/audio-labeling/backend/storage/audio/product_1/record_17_1_1778931434.wav	-1	摩擦
15251	/home/dayin/git/audio-labeling/backend/storage/audio/product_1/record_15_1_1778979093.wav	-1	摩擦
15256	/home/dayin/git/audio-labeling/backend/storage/audio/product_1/record_15_1_1778986260.wav	1	15
15262	/home/dayin/git/audio-labeling/backend/storage/audio/product_1/record_15_1_1779074590.wav	-1	摩擦
15263	/home/dayin/git/audio-labeling/backend/storage/audio/product_1/record_17_1_1779075709.wav	-1	摩擦
15269	/home/dayin/git/audio-labeling/backend/storage/audio/product_1/record_17_1_1779085768.wav	-1	摩擦
15288	/home/dayin/git/audio-labeling/backend/storage/audio/product_1/record_15_1_1779154673.wav	-1	15
15305	/home/dayin/git/audio-labeling/backend/storage/audio/product_1/record_15_1_1779328353.wav	-1	15
15310	/home/dayin/git/audio-labeling/backend/storage/audio/product_1/record_17_1_1779352983.wav	-1	摩擦
15322	/home/dayin/git/audio-labeling/backend/storage/audio/product_1/record_15_1_1778720676.wav	-1	摩擦
15335	/home/dayin/git/audio-labeling/backend/storage/audio/product_1/record_17_1_1778737128.wav	-1	摩擦
15341	/home/dayin/git/audio-labeling/backend/storage/audio/product_1/record_17_1_1778744802.wav	-1	摩擦
15357	/home/dayin/git/audio-labeling/backend/storage/audio/product_1/record_17_1_1778824920.wav	-1	摩擦
15362	/home/dayin/git/audio-labeling/backend/storage/audio/product_1/record_17_1_1778834657.wav	-1	摩擦
15365	/home/dayin/git/audio-labeling/backend/storage/audio/product_1/record_15_1_1778842551.wav	-1	摩擦
15372	/home/dayin/git/audio-labeling/backend/storage/audio/product_1/record_17_1_1778848196.wav	-1	摩擦
15394	/home/dayin/git/audio-labeling/backend/storage/audio/product_1/record_17_1_1778979043.wav	-1	摩擦
15398	/home/dayin/git/audio-labeling/backend/storage/audio/product_1/record_15_1_1779068429.wav	-1	摩擦
15402	/home/dayin/git/audio-labeling/backend/storage/audio/product_1/record_17_1_1779084243.wav	-1	摩擦
15418	/home/dayin/git/audio-labeling/backend/storage/audio/product_1/record_17_1_1779152234.wav	-1	轴承
15434	/home/dayin/git/audio-labeling/backend/storage/audio/product_1/record_17_1_1779322067.wav	-1	17摩擦
15443	/home/dayin/git/audio-labeling/backend/storage/audio/product_1/record_17_1_1779327748.wav	-1	摩擦
15459	/home/dayin/git/audio-labeling/backend/storage/audio/product_1/record_15_1_1778720344.wav	-1	摩擦
15461	/home/dayin/git/audio-labeling/backend/storage/audio/product_1/record_15_1_1778723530.wav	-1	摩擦
15476	/home/dayin/git/audio-labeling/backend/storage/audio/product_1/record_17_1_1778746482.wav	-1	摩擦
15520	/home/dayin/git/audio-labeling/backend/storage/audio/product_1/record_17_1_1778893357.wav	-1	摩擦
15530	/home/dayin/git/audio-labeling/backend/storage/audio/product_1/record_17_1_1778913086.wav	-1	摩擦
15541	/home/dayin/git/audio-labeling/backend/storage/audio/product_1/record_17_1_1778982245.wav	-1	摩擦
15542	/home/dayin/git/audio-labeling/backend/storage/audio/product_1/record_17_1_1778984753.wav	-1	故障
15544	/home/dayin/git/audio-labeling/backend/storage/audio/product_1/record_15_1_1778986194.wav	1	15
15545	/home/dayin/git/audio-labeling/backend/storage/audio/product_1/record_17_1_1778986436.wav	-1	摩擦
15556	/home/dayin/git/audio-labeling/backend/storage/audio/product_1/record_17_1_1779074943.wav	-1	
15557	/home/dayin/git/audio-labeling/backend/storage/audio/product_1/record_17_1_1779075162.wav	-1	
15560	/home/dayin/git/audio-labeling/backend/storage/audio/product_1/record_17_1_1779087348.wav	-1	摩擦
15565	/home/dayin/git/audio-labeling/backend/storage/audio/product_1/record_17_1_1779099118.wav	-1	故障
15578	/home/dayin/git/audio-labeling/backend/storage/audio/product_1/record_17_1_1779158774.wav	-1	摩擦
15630	/home/dayin/git/audio-labeling/backend/storage/audio/product_1/record_15_1_1778746989.wav	-1	摩擦
15638	/home/dayin/git/audio-labeling/backend/storage/audio/product_1/record_17_1_1778755908.wav	-1	摩擦
15668	/home/dayin/git/audio-labeling/backend/storage/audio/product_1/record_15_1_1778890135.wav	-1	摩擦
15688	/home/dayin/git/audio-labeling/backend/storage/audio/product_1/record_17_1_1778983007.wav	-1	轴承
15691	/home/dayin/git/audio-labeling/backend/storage/audio/product_1/record_17_1_1779065249.wav	-1	故障
15692	/home/dayin/git/audio-labeling/backend/storage/audio/product_1/record_15_1_1779065440.wav	-1	摩擦
15719	/home/dayin/git/audio-labeling/backend/storage/audio/product_1/record_15_1_1779095028.wav	-1	轴承
15726	/home/dayin/git/audio-labeling/backend/storage/audio/product_1/record_17_1_1779150214.wav	-1	轴承
15734	/home/dayin/git/audio-labeling/backend/storage/audio/product_1/record_17_1_1779156952.wav	-1	轴承
15736	/home/dayin/git/audio-labeling/backend/storage/audio/product_1/record_17_1_1779159197.wav	1	17
15738	/home/dayin/git/audio-labeling/backend/storage/audio/product_1/record_17_1_1779258281.wav	1	17
15740	/home/dayin/git/audio-labeling/backend/storage/audio/product_1/record_15_1_1779263561.wav	-1	轴承
15752	/home/dayin/git/audio-labeling/backend/storage/audio/product_1/record_17_1_1779327354.wav	-1	摩擦
15755	/home/dayin/git/audio-labeling/backend/storage/audio/product_1/record_15_1_1779330873.wav	1	15
15771	/home/dayin/git/audio-labeling/backend/storage/audio/product_1/record_15_1_1778740346.wav	-1	
15777	/home/dayin/git/audio-labeling/backend/storage/audio/product_1/record_15_1_1778805053.wav	-1	摩擦
15785	/home/dayin/git/audio-labeling/backend/storage/audio/product_1/record_17_1_1778823298.wav	-1	摩擦
15792	/home/dayin/git/audio-labeling/backend/storage/audio/product_1/record_15_1_1778829369.wav	-1	摩擦
15815	/home/dayin/git/audio-labeling/backend/storage/audio/product_1/record_17_1_1778896286.wav	-1	摩擦
15819	/home/dayin/git/audio-labeling/backend/storage/audio/product_1/record_15_1_1778907950.wav	-1	摩擦
15843	/home/dayin/git/audio-labeling/backend/storage/audio/product_1/record_15_1_1778986342.wav	1	15
15844	/home/dayin/git/audio-labeling/backend/storage/audio/product_1/record_15_1_1778986769.wav	1	15
15855	/home/dayin/git/audio-labeling/backend/storage/audio/product_1/record_15_1_1779084923.wav	-1	摩擦
15857	/home/dayin/git/audio-labeling/backend/storage/audio/product_1/record_17_1_1779089806.wav	-1	轴承
15859	/home/dayin/git/audio-labeling/backend/storage/audio/product_1/record_15_1_1779093733.wav	-1	摩擦
15860	/home/dayin/git/audio-labeling/backend/storage/audio/product_1/record_17_1_1779094495.wav	-1	摩擦
15897	/home/dayin/git/audio-labeling/backend/storage/audio/product_1/record_17_1_1779327281.wav	-1	摩擦
15909	/home/dayin/git/audio-labeling/backend/storage/audio/product_1/record_17_1_1778719918.wav	-1	17
15938	/home/dayin/git/audio-labeling/backend/storage/audio/product_1/record_15_1_1778814977.wav	-1	
15967	/home/dayin/git/audio-labeling/backend/storage/audio/product_1/record_17_1_1778844092.wav	-1	摩擦
15970	/home/dayin/git/audio-labeling/backend/storage/audio/product_1/record_17_1_1778894621.wav	-1	摩擦
15972	/home/dayin/git/audio-labeling/backend/storage/audio/product_1/record_15_1_1778895576.wav	-1	摩擦
15974	/home/dayin/git/audio-labeling/backend/storage/audio/product_1/record_17_1_1778899061.wav	-1	摩擦
16004	/home/dayin/git/audio-labeling/backend/storage/audio/product_1/record_17_1_1778984348.wav	1	17
16005	/home/dayin/git/audio-labeling/backend/storage/audio/product_1/record_17_1_1778985019.wav	1	17
16007	/home/dayin/git/audio-labeling/backend/storage/audio/product_1/record_15_1_1778986156.wav	1	15
16014	/home/dayin/git/audio-labeling/backend/storage/audio/product_1/record_15_1_1779073628.wav	-1	摩擦
16020	/home/dayin/git/audio-labeling/backend/storage/audio/product_1/record_17_1_1779084800.wav	-1	摩擦
16032	/home/dayin/git/audio-labeling/backend/storage/audio/product_1/record_15_1_1779101960.wav	-1	摩擦
16087	/home/dayin/git/audio-labeling/backend/storage/audio/product_1/record_15_1_1778730096.wav	-1	
16200	/home/dayin/git/audio-labeling/backend/storage/audio/product_1/record_17_1_1779157023.wav	-1	摩擦
16202	/home/dayin/git/audio-labeling/backend/storage/audio/product_1/record_15_1_1779163031.wav	-1	15
16203	/home/dayin/git/audio-labeling/backend/storage/audio/product_1/record_17_1_1779164369.wav	-1	轴承
16229	/home/dayin/git/audio-labeling/backend/storage/audio/product_1/record_17_1_1779354296.wav	-1	摩擦
16239	/home/dayin/git/audio-labeling/backend/storage/audio/product_1/record_15_1_1778720388.wav	-1	摩擦
16291	/home/dayin/git/audio-labeling/backend/storage/audio/product_1/record_15_1_1778846748.wav	-1	摩擦
16303	/home/dayin/git/audio-labeling/backend/storage/audio/product_1/record_17_1_1778899243.wav	-1	故障
16316	/home/dayin/git/audio-labeling/backend/storage/audio/product_1/record_17_1_1778919182.wav	-1	摩擦
16324	/home/dayin/git/audio-labeling/backend/storage/audio/product_1/record_17_1_1778982966.wav	1	17
16335	/home/dayin/git/audio-labeling/backend/storage/audio/product_1/record_17_1_1779074591.wav	-1	摩擦
16366	/home/dayin/git/audio-labeling/backend/storage/audio/product_1/record_17_1_1779258158.wav	1	17
16383	/home/dayin/git/audio-labeling/backend/storage/audio/product_1/record_15_1_1778655077.wav	-1	轴承
16430	/home/dayin/git/audio-labeling/backend/storage/audio/product_1/record_15_1_1778828171.wav	-1	摩擦
16452	/home/dayin/git/audio-labeling/backend/storage/audio/product_1/record_17_1_1778911730.wav	-1	摩擦
16467	/home/dayin/git/audio-labeling/backend/storage/audio/product_1/record_17_1_1778984006.wav	1	17
16504	/home/dayin/git/audio-labeling/backend/storage/audio/product_1/record_17_1_1779322876.wav	-1	摩擦
16521	/home/dayin/git/audio-labeling/backend/storage/audio/product_1/record_15_1_1778718774.wav	-1	轴承
16529	/home/dayin/git/audio-labeling/backend/storage/audio/product_1/record_15_1_1778736785.wav	-1	轴承
16548	/home/dayin/git/audio-labeling/backend/storage/audio/product_1/record_17_1_1778815173.wav	-1	故障
16561	/home/dayin/git/audio-labeling/backend/storage/audio/product_1/record_17_1_1778841709.wav	-1	摩擦
16572	/home/dayin/git/audio-labeling/backend/storage/audio/product_1/record_17_1_1778898976.wav	-1	摩擦
16579	/home/dayin/git/audio-labeling/backend/storage/audio/product_1/record_17_1_1778908917.wav	-1	摩擦
16607	/home/dayin/git/audio-labeling/backend/storage/audio/product_1/record_17_1_1778984567.wav	1	17
16619	/home/dayin/git/audio-labeling/backend/storage/audio/product_1/record_15_1_1779072134.wav	-1	摩擦
16639	/home/dayin/git/audio-labeling/backend/storage/audio/product_1/record_15_1_1779094586.wav	-1	摩擦
16660	/home/dayin/git/audio-labeling/backend/storage/audio/product_1/record_17_1_1779259140.wav	-1	摩擦
16668	/home/dayin/git/audio-labeling/backend/storage/audio/product_1/record_17_1_1779266448.wav	1	17
16682	/home/dayin/git/audio-labeling/backend/storage/audio/product_1/record_15_1_1779329545.wav	-1	15
16717	/home/dayin/git/audio-labeling/backend/storage/audio/product_1/record_15_1_1778753339.wav	-1	轴承
16738	/home/dayin/git/audio-labeling/backend/storage/audio/product_1/record_15_1_1778823266.wav	-1	故障
16758	/home/dayin/git/audio-labeling/backend/storage/audio/product_1/record_17_1_1778843062.wav	-1	摩擦
16776	/home/dayin/git/audio-labeling/backend/storage/audio/product_1/record_17_1_1778907331.wav	-1	轴承
16811	/home/dayin/git/audio-labeling/backend/storage/audio/product_1/record_15_1_1779083510.wav	-1	摩擦
16817	/home/dayin/git/audio-labeling/backend/storage/audio/product_1/record_17_1_1779089896.wav	-1	摩擦
16831	/home/dayin/git/audio-labeling/backend/storage/audio/product_1/record_15_1_1779105646.wav	-1	轴承
16848	/home/dayin/git/audio-labeling/backend/storage/audio/product_1/record_17_1_1779262682.wav	-1	摩擦
16868	/home/dayin/git/audio-labeling/backend/storage/audio/product_1/record_15_1_1778556525.wav	-1	15摩擦
16903	/home/dayin/git/audio-labeling/backend/storage/audio/product_1/record_17_1_1778826892.wav	-1	摩擦
16949	/home/dayin/git/audio-labeling/backend/storage/audio/product_1/record_15_1_1778981145.wav	-1	故障
16957	/home/dayin/git/audio-labeling/backend/storage/audio/product_1/record_17_1_1779076181.wav	-1	摩擦
16962	/home/dayin/git/audio-labeling/backend/storage/audio/product_1/record_17_1_1779086279.wav	-1	摩擦
16969	/home/dayin/git/audio-labeling/backend/storage/audio/product_1/record_17_1_1779093734.wav	-1	
17029	/home/dayin/git/audio-labeling/backend/storage/audio/product_1/record_15_1_1778737589.wav	-1	摩擦
17033	/home/dayin/git/audio-labeling/backend/storage/audio/product_1/record_17_1_1778740700.wav	-1	故障
17043	/home/dayin/git/audio-labeling/backend/storage/audio/product_1/record_17_1_1778806590.wav	-1	摩擦
17083	/home/dayin/git/audio-labeling/backend/storage/audio/product_1/record_17_1_1778908967.wav	-1	摩擦
17111	/home/dayin/git/audio-labeling/backend/storage/audio/product_1/record_17_1_1779073037.wav	-1	摩擦
17122	/home/dayin/git/audio-labeling/backend/storage/audio/product_1/record_17_1_1779090092.wav	-1	摩擦
17144	/home/dayin/git/audio-labeling/backend/storage/audio/product_1/record_15_1_1779164216.wav	-1	轴承
17169	/home/dayin/git/audio-labeling/backend/storage/audio/product_1/record_15_1_1778556545.wav	-1	摩擦
17170	/home/dayin/git/audio-labeling/backend/storage/audio/product_1/record_17_1_1778644670.wav	-1	轴承
17178	/home/dayin/git/audio-labeling/backend/storage/audio/product_1/record_17_1_1778719132.wav	-1	摩擦
17189	/home/dayin/git/audio-labeling/backend/storage/audio/product_1/record_15_1_1778739637.wav	-1	摩擦
17200	/home/dayin/git/audio-labeling/backend/storage/audio/product_1/record_17_1_1778757697.wav	-1	轴承
17258	/home/dayin/git/audio-labeling/backend/storage/audio/product_1/record_15_1_1778984753.wav	-1	摩擦
17260	/home/dayin/git/audio-labeling/backend/storage/audio/product_1/record_15_1_1778986129.wav	1	15
17261	/home/dayin/git/audio-labeling/backend/storage/audio/product_1/record_15_1_1778986509.wav	1	15
17262	/home/dayin/git/audio-labeling/backend/storage/audio/product_1/record_15_1_1778986548.wav	1	15
17300	/home/dayin/git/audio-labeling/backend/storage/audio/product_1/record_17_1_1779324616.wav	-1	摩擦
17312	/home/dayin/git/audio-labeling/backend/storage/audio/product_1/record_15_1_1778643913.wav	-1	轴承
17313	/home/dayin/git/audio-labeling/backend/storage/audio/product_1/record_15_1_1778654764.wav	-1	摩擦
17326	/home/dayin/git/audio-labeling/backend/storage/audio/product_1/record_15_1_1778743109.wav	-1	
17334	/home/dayin/git/audio-labeling/backend/storage/audio/product_1/record_17_1_1778754124.wav	-1	摩擦
17341	/home/dayin/git/audio-labeling/backend/storage/audio/product_1/record_17_1_1778811359.wav	-1	摩擦
17348	/home/dayin/git/audio-labeling/backend/storage/audio/product_1/record_15_1_1778822246.wav	-1	摩擦
17380	/home/dayin/git/audio-labeling/backend/storage/audio/product_1/record_15_1_1778901424.wav	-1	故障
17399	/home/dayin/git/audio-labeling/backend/storage/audio/product_1/record_15_1_1778986717.wav	1	15
17412	/home/dayin/git/audio-labeling/backend/storage/audio/product_1/record_17_1_1779092507.wav	-1	故障
17414	/home/dayin/git/audio-labeling/backend/storage/audio/product_1/record_17_1_1779097586.wav	-1	摩擦
17428	/home/dayin/git/audio-labeling/backend/storage/audio/product_1/record_15_1_1779152234.wav	-1	摩擦
17454	/home/dayin/git/audio-labeling/backend/storage/audio/product_1/record_17_1_1778498237.wav	-1	轴承
17511	/home/dayin/git/audio-labeling/backend/storage/audio/product_1/record_15_1_1778838592.wav	-1	摩擦
17513	/home/dayin/git/audio-labeling/backend/storage/audio/product_1/record_17_1_1778839350.wav	-1	摩擦
17524	/home/dayin/git/audio-labeling/backend/storage/audio/product_1/record_17_1_1778843985.wav	-1	摩擦
17554	/home/dayin/git/audio-labeling/backend/storage/audio/product_1/record_17_1_1778921443.wav	-1	摩擦
17558	/home/dayin/git/audio-labeling/backend/storage/audio/product_1/record_17_1_1778931375.wav	-1	摩擦
17573	/home/dayin/git/audio-labeling/backend/storage/audio/product_1/record_17_1_1779083289.wav	-1	摩擦
17589	/home/dayin/git/audio-labeling/backend/storage/audio/product_1/record_15_1_1779151812.wav	-1	
17643	/home/dayin/git/audio-labeling/backend/storage/audio/product_1/record_17_1_1778757525.wav	-1	轴承
17645	/home/dayin/git/audio-labeling/backend/storage/audio/product_1/record_15_1_1778759819.wav	-1	摩擦
17661	/home/dayin/git/audio-labeling/backend/storage/audio/product_1/record_15_1_1778825382.wav	-1	摩擦
17684	/home/dayin/git/audio-labeling/backend/storage/audio/product_1/record_15_1_1778895359.wav	-1	摩擦
17685	/home/dayin/git/audio-labeling/backend/storage/audio/product_1/record_17_1_1778900544.wav	-1	摩擦
17712	/home/dayin/git/audio-labeling/backend/storage/audio/product_1/record_15_1_1778986043.wav	1	15
17717	/home/dayin/git/audio-labeling/backend/storage/audio/product_1/record_15_1_1779073608.wav	-1	故障
17720	/home/dayin/git/audio-labeling/backend/storage/audio/product_1/record_15_1_1779083031.wav	-1	摩擦
17733	/home/dayin/git/audio-labeling/backend/storage/audio/product_1/record_17_1_1779092774.wav	-1	摩擦
17748	/home/dayin/git/audio-labeling/backend/storage/audio/product_1/record_15_1_1779164321.wav	-1	轴承
17757	/home/dayin/git/audio-labeling/backend/storage/audio/product_1/record_17_1_1779266128.wav	1	17
17824	/home/dayin/git/audio-labeling/backend/storage/audio/product_1/record_15_1_1778839979.wav	-1	摩擦
17829	/home/dayin/git/audio-labeling/backend/storage/audio/product_1/record_17_1_1778844771.wav	-1	摩擦
17835	/home/dayin/git/audio-labeling/backend/storage/audio/product_1/record_17_1_1778891843.wav	-1	摩擦
17842	/home/dayin/git/audio-labeling/backend/storage/audio/product_1/record_15_1_1778899216.wav	-1	摩擦
17845	/home/dayin/git/audio-labeling/backend/storage/audio/product_1/record_17_1_1778908268.wav	-1	摩擦
17865	/home/dayin/git/audio-labeling/backend/storage/audio/product_1/record_17_1_1778927161.wav	-1	摩擦
17872	/home/dayin/git/audio-labeling/backend/storage/audio/product_1/record_15_1_1778985956.wav	1	15
17888	/home/dayin/git/audio-labeling/backend/storage/audio/product_1/record_15_1_1779092622.wav	-1	摩擦
17899	/home/dayin/git/audio-labeling/backend/storage/audio/product_1/record_17_1_1779105591.wav	-1	摩擦
17917	/home/dayin/git/audio-labeling/backend/storage/audio/product_1/record_17_1_1779326261.wav	-1	摩擦
17931	/home/dayin/git/audio-labeling/backend/storage/audio/product_1/record_17_1_1778670270.wav	-1	17摩擦
17939	/home/dayin/git/audio-labeling/backend/storage/audio/product_1/record_17_1_1778726195.wav	-1	轴承
17943	/home/dayin/git/audio-labeling/backend/storage/audio/product_1/record_15_1_1778729385.wav	-1	摩擦
17956	/home/dayin/git/audio-labeling/backend/storage/audio/product_1/record_15_1_1778753723.wav	-1	故障
17994	/home/dayin/git/audio-labeling/backend/storage/audio/product_1/record_17_1_1778847896.wav	-1	轴承
17997	/home/dayin/git/audio-labeling/backend/storage/audio/product_1/record_15_1_1778890997.wav	-1	轴承
17999	/home/dayin/git/audio-labeling/backend/storage/audio/product_1/record_17_1_1778896001.wav	-1	摩擦
18021	/home/dayin/git/audio-labeling/backend/storage/audio/product_1/record_17_1_1778984470.wav	-1	摩擦
18027	/home/dayin/git/audio-labeling/backend/storage/audio/product_1/record_15_1_1779067537.wav	-1	轴承
18045	/home/dayin/git/audio-labeling/backend/storage/audio/product_1/record_17_1_1779091187.wav	-1	摩擦
18056	/home/dayin/git/audio-labeling/backend/storage/audio/product_1/record_17_1_1779104433.wav	-1	轴承
18065	/home/dayin/git/audio-labeling/backend/storage/audio/product_1/record_17_1_1779164028.wav	-1	轴承
18111	/home/dayin/git/audio-labeling/backend/storage/audio/product_1/record_17_1_1778741079.wav	-1	故障
18133	/home/dayin/git/audio-labeling/backend/storage/audio/product_1/record_15_1_1778815670.wav	-1	轴承
18187	/home/dayin/git/audio-labeling/backend/storage/audio/product_1/record_17_1_1778984967.wav	-1	轴承
18211	/home/dayin/git/audio-labeling/backend/storage/audio/product_1/record_15_1_1779151745.wav	1	15
18261	/home/dayin/git/audio-labeling/backend/storage/audio/product_1/record_17_1_1778719105.wav	-1	轴承
18270	/home/dayin/git/audio-labeling/backend/storage/audio/product_1/record_17_1_1778729386.wav	-1	摩擦
18297	/home/dayin/git/audio-labeling/backend/storage/audio/product_1/record_17_1_1778815317.wav	-1	摩擦
18334	/home/dayin/git/audio-labeling/backend/storage/audio/product_1/record_17_1_1778918378.wav	-1	摩擦
18374	/home/dayin/git/audio-labeling/backend/storage/audio/product_1/record_15_1_1779151920.wav	-1	15摩擦
18416	/home/dayin/git/audio-labeling/backend/storage/audio/product_1/record_15_1_1778723551.wav	-1	摩擦
18432	/home/dayin/git/audio-labeling/backend/storage/audio/product_1/record_17_1_1778742930.wav	-1	摩擦
18456	/home/dayin/git/audio-labeling/backend/storage/audio/product_1/record_15_1_1778826471.wav	-1	摩擦
18465	/home/dayin/git/audio-labeling/backend/storage/audio/product_1/record_15_1_1778833185.wav	-1	摩擦
18498	/home/dayin/git/audio-labeling/backend/storage/audio/product_1/record_15_1_1778924757.wav	-1	摩擦
18510	/home/dayin/git/audio-labeling/backend/storage/audio/product_1/record_15_1_1778986853.wav	1	15
18523	/home/dayin/git/audio-labeling/backend/storage/audio/product_1/record_15_1_1779087540.wav	-1	摩擦
18524	/home/dayin/git/audio-labeling/backend/storage/audio/product_1/record_15_1_1779088785.wav	-1	摩擦
18538	/home/dayin/git/audio-labeling/backend/storage/audio/product_1/record_17_1_1779106448.wav	-1	摩擦
18581	/home/dayin/git/audio-labeling/backend/storage/audio/product_1/record_15_1_1778721778.wav	-1	摩擦
18622	/home/dayin/git/audio-labeling/backend/storage/audio/product_1/record_17_1_1778830782.wav	-1	轴承
18644	/home/dayin/git/audio-labeling/backend/storage/audio/product_1/record_17_1_1778901858.wav	-1	轴承
18645	/home/dayin/git/audio-labeling/backend/storage/audio/product_1/record_17_1_1778902826.wav	-1	摩擦
18684	/home/dayin/git/audio-labeling/backend/storage/audio/product_1/record_17_1_1779103538.wav	-1	摩擦
18690	/home/dayin/git/audio-labeling/backend/storage/audio/product_1/record_15_1_1779151103.wav	-1	摩擦
18729	/home/dayin/git/audio-labeling/backend/storage/audio/product_1/record_15_1_1778730376.wav	-1	轴承
18731	/home/dayin/git/audio-labeling/backend/storage/audio/product_1/record_17_1_1778739000.wav	-1	轴承
18819	/home/dayin/git/audio-labeling/backend/storage/audio/product_1/record_15_1_1778985899.wav	1	15
18820	/home/dayin/git/audio-labeling/backend/storage/audio/product_1/record_17_1_1778986342.wav	-1	摩擦
18854	/home/dayin/git/audio-labeling/backend/storage/audio/product_1/record_17_1_1779153238.wav	-1	轴承
18870	/home/dayin/git/audio-labeling/backend/storage/audio/product_1/record_15_1_1779351686.wav	-1	轴承
18876	/home/dayin/git/audio-labeling/backend/storage/audio/product_1/record_17_1_1778498490.wav	-1	轴承
18906	/home/dayin/git/audio-labeling/backend/storage/audio/product_1/record_15_1_1778748679.wav	-1	摩擦
18925	/home/dayin/git/audio-labeling/backend/storage/audio/product_1/record_15_1_1778831324.wav	-1	摩擦
18953	/home/dayin/git/audio-labeling/backend/storage/audio/product_1/record_17_1_1778903062.wav	-1	摩擦
18960	/home/dayin/git/audio-labeling/backend/storage/audio/product_1/record_17_1_1778915712.wav	-1	摩擦
18983	/home/dayin/git/audio-labeling/backend/storage/audio/product_1/record_15_1_1779073057.wav	-1	摩擦
18987	/home/dayin/git/audio-labeling/backend/storage/audio/product_1/record_17_1_1779086027.wav	-1	摩擦
18993	/home/dayin/git/audio-labeling/backend/storage/audio/product_1/record_17_1_1779097736.wav	-1	摩擦
19002	/home/dayin/git/audio-labeling/backend/storage/audio/product_1/record_17_1_1779163008.wav	-1	轴承
19081	/home/dayin/git/audio-labeling/backend/storage/audio/product_1/record_15_1_1778844185.wav	-1	摩擦
19103	/home/dayin/git/audio-labeling/backend/storage/audio/product_1/record_17_1_1778918147.wav	-1	摩擦
19123	/home/dayin/git/audio-labeling/backend/storage/audio/product_1/record_17_1_1779072028.wav	-1	摩擦
19148	/home/dayin/git/audio-labeling/backend/storage/audio/product_1/record_17_1_1779155020.wav	-1	摩擦
19158	/home/dayin/git/audio-labeling/backend/storage/audio/product_1/record_17_1_1779267290.wav	1	17
19163	/home/dayin/git/audio-labeling/backend/storage/audio/product_1/record_17_1_1779322263.wav	-1	摩擦
19192	/home/dayin/git/audio-labeling/backend/storage/audio/product_1/record_15_1_1778723579.wav	-1	摩擦
19197	/home/dayin/git/audio-labeling/backend/storage/audio/product_1/record_17_1_1778728640.wav	-1	轴承
19210	/home/dayin/git/audio-labeling/backend/storage/audio/product_1/record_17_1_1778747350.wav	-1	摩擦
19217	/home/dayin/git/audio-labeling/backend/storage/audio/product_1/record_15_1_1778805328.wav	-1	摩擦
19258	/home/dayin/git/audio-labeling/backend/storage/audio/product_1/record_15_1_1778908998.wav	1	正常
19259	/home/dayin/git/audio-labeling/backend/storage/audio/product_1/record_17_1_1778910067.wav	1	正常
19260	/home/dayin/git/audio-labeling/backend/storage/audio/product_1/record_17_1_1778910216.wav	1	正常
19261	/home/dayin/git/audio-labeling/backend/storage/audio/product_1/record_17_1_1778912527.wav	1	正常
19262	/home/dayin/git/audio-labeling/backend/storage/audio/product_1/record_15_1_1778912969.wav	1	正常
19263	/home/dayin/git/audio-labeling/backend/storage/audio/product_1/record_15_1_1778913456.wav	1	正常
19264	/home/dayin/git/audio-labeling/backend/storage/audio/product_1/record_17_1_1778916000.wav	1	正常
19265	/home/dayin/git/audio-labeling/backend/storage/audio/product_1/record_17_1_1778916938.wav	-1	摩擦
19266	/home/dayin/git/audio-labeling/backend/storage/audio/product_1/record_15_1_1778918763.wav	1	正常
19267	/home/dayin/git/audio-labeling/backend/storage/audio/product_1/record_17_1_1778918851.wav	1	正常
19268	/home/dayin/git/audio-labeling/backend/storage/audio/product_1/record_15_1_1778920953.wav	-1	摩擦
19269	/home/dayin/git/audio-labeling/backend/storage/audio/product_1/record_15_1_1778921354.wav	1	正常
19270	/home/dayin/git/audio-labeling/backend/storage/audio/product_1/record_15_1_1778925192.wav	-1	摩擦
19271	/home/dayin/git/audio-labeling/backend/storage/audio/product_1/record_17_1_1778928333.wav	1	正常
19272	/home/dayin/git/audio-labeling/backend/storage/audio/product_1/record_15_1_1778977222.wav	-1	轴承
19273	/home/dayin/git/audio-labeling/backend/storage/audio/product_1/record_17_1_1778977685.wav	1	正常
19274	/home/dayin/git/audio-labeling/backend/storage/audio/product_1/record_17_1_1778982915.wav	1	17
19275	/home/dayin/git/audio-labeling/backend/storage/audio/product_1/record_15_1_1778983252.wav	1	正常
19276	/home/dayin/git/audio-labeling/backend/storage/audio/product_1/record_17_1_1778984894.wav	1	正常
19277	/home/dayin/git/audio-labeling/backend/storage/audio/product_1/record_15_1_1778985112.wav	1	正常
19278	/home/dayin/git/audio-labeling/backend/storage/audio/product_1/record_17_1_1779070738.wav	1	正常
19279	/home/dayin/git/audio-labeling/backend/storage/audio/product_1/record_17_1_1779074655.wav	1	正常
19280	/home/dayin/git/audio-labeling/backend/storage/audio/product_1/record_17_1_1779075908.wav	1	正常
19281	/home/dayin/git/audio-labeling/backend/storage/audio/product_1/record_15_1_1779084413.wav	1	正常
19282	/home/dayin/git/audio-labeling/backend/storage/audio/product_1/record_17_1_1779084463.wav	1	正常
19283	/home/dayin/git/audio-labeling/backend/storage/audio/product_1/record_15_1_1779084869.wav	1	正常
19284	/home/dayin/git/audio-labeling/backend/storage/audio/product_1/record_17_1_1779087018.wav	1	正常
19285	/home/dayin/git/audio-labeling/backend/storage/audio/product_1/record_15_1_1779087201.wav	1	正常
19286	/home/dayin/git/audio-labeling/backend/storage/audio/product_1/record_15_1_1779089166.wav	1	正常
19287	/home/dayin/git/audio-labeling/backend/storage/audio/product_1/record_17_1_1779089573.wav	1	正常
19288	/home/dayin/git/audio-labeling/backend/storage/audio/product_1/record_15_1_1779091063.wav	1	正常
19289	/home/dayin/git/audio-labeling/backend/storage/audio/product_1/record_17_1_1779091292.wav	1	正常
19290	/home/dayin/git/audio-labeling/backend/storage/audio/product_1/record_17_1_1779093115.wav	1	正常
19291	/home/dayin/git/audio-labeling/backend/storage/audio/product_1/record_17_1_1779094537.wav	1	正常
19292	/home/dayin/git/audio-labeling/backend/storage/audio/product_1/record_15_1_1779098239.wav	1	正常
19293	/home/dayin/git/audio-labeling/backend/storage/audio/product_1/record_15_1_1779098685.wav	1	正常
19294	/home/dayin/git/audio-labeling/backend/storage/audio/product_1/record_17_1_1779098907.wav	1	正常
19295	/home/dayin/git/audio-labeling/backend/storage/audio/product_1/record_17_1_1779098989.wav	1	正常
19296	/home/dayin/git/audio-labeling/backend/storage/audio/product_1/record_17_1_1779099413.wav	1	正常
19297	/home/dayin/git/audio-labeling/backend/storage/audio/product_1/record_15_1_1779099844.wav	1	正常
19298	/home/dayin/git/audio-labeling/backend/storage/audio/product_1/record_15_1_1779099923.wav	1	正常
19299	/home/dayin/git/audio-labeling/backend/storage/audio/product_1/record_17_1_1779100305.wav	1	正常
19300	/home/dayin/git/audio-labeling/backend/storage/audio/product_1/record_17_1_1779100470.wav	1	正常
19301	/home/dayin/git/audio-labeling/backend/storage/audio/product_1/record_17_1_1779101444.wav	1	正常
19302	/home/dayin/git/audio-labeling/backend/storage/audio/product_1/record_17_1_1779102051.wav	1	正常
19303	/home/dayin/git/audio-labeling/backend/storage/audio/product_1/record_17_1_1779104372.wav	1	正常
19304	/home/dayin/git/audio-labeling/backend/storage/audio/product_1/record_17_1_1779104797.wav	1	正常
19305	/home/dayin/git/audio-labeling/backend/storage/audio/product_1/record_17_1_1779105161.wav	1	正常
19306	/home/dayin/git/audio-labeling/backend/storage/audio/product_1/record_15_1_1779105228.wav	1	正常
19307	/home/dayin/git/audio-labeling/backend/storage/audio/product_1/record_15_1_1779105511.wav	1	正常
19308	/home/dayin/git/audio-labeling/backend/storage/audio/product_1/record_15_1_1779149753.wav	1	正常
19309	/home/dayin/git/audio-labeling/backend/storage/audio/product_1/record_17_1_1779149991.wav	1	正常
19310	/home/dayin/git/audio-labeling/backend/storage/audio/product_1/record_17_1_1779151104.wav	1	正常
19311	/home/dayin/git/audio-labeling/backend/storage/audio/product_1/record_17_1_1779151234.wav	1	正常
19312	/home/dayin/git/audio-labeling/backend/storage/audio/product_1/record_15_1_1779153115.wav	-1	摩擦
19313	/home/dayin/git/audio-labeling/backend/storage/audio/product_1/record_17_1_1779154192.wav	1	正常
19314	/home/dayin/git/audio-labeling/backend/storage/audio/product_1/record_17_1_1779154233.wav	1	正常
19315	/home/dayin/git/audio-labeling/backend/storage/audio/product_1/record_17_1_1779154528.wav	1	正常
19316	/home/dayin/git/audio-labeling/backend/storage/audio/product_1/record_15_1_1779154589.wav	1	正常
19317	/home/dayin/git/audio-labeling/backend/storage/audio/product_1/record_15_1_1779155142.wav	1	正常
19318	/home/dayin/git/audio-labeling/backend/storage/audio/product_1/record_17_1_1779158916.wav	1	正常
19319	/home/dayin/git/audio-labeling/backend/storage/audio/product_1/record_17_1_1779158989.wav	1	正常
19320	/home/dayin/git/audio-labeling/backend/storage/audio/product_1/record_15_1_1779164142.wav	-1	轴承
19321	/home/dayin/git/audio-labeling/backend/storage/audio/product_1/record_17_1_1779164321.wav	1	17
19322	/home/dayin/git/audio-labeling/backend/storage/audio/product_1/record_15_1_1779258045.wav	1	正常
19323	/home/dayin/git/audio-labeling/backend/storage/audio/product_1/record_15_1_1779259331.wav	1	正常
19324	/home/dayin/git/audio-labeling/backend/storage/audio/product_1/record_15_1_1779259732.wav	1	正常
19325	/home/dayin/git/audio-labeling/backend/storage/audio/product_1/record_15_1_1779262394.wav	1	正常
19326	/home/dayin/git/audio-labeling/backend/storage/audio/product_1/record_15_1_1779262543.wav	-1	摩擦
19327	/home/dayin/git/audio-labeling/backend/storage/audio/product_1/record_15_1_1779263692.wav	1	正常
19328	/home/dayin/git/audio-labeling/backend/storage/audio/product_1/record_17_1_1779265813.wav	1	正常
19329	/home/dayin/git/audio-labeling/backend/storage/audio/product_1/record_15_1_1779322926.wav	1	正常
19330	/home/dayin/git/audio-labeling/backend/storage/audio/product_1/record_17_1_1779324354.wav	1	正常
19331	/home/dayin/git/audio-labeling/backend/storage/audio/product_1/record_17_1_1779324823.wav	1	正常
19332	/home/dayin/git/audio-labeling/backend/storage/audio/product_1/record_17_1_1779325177.wav	1	正常
19333	/home/dayin/git/audio-labeling/backend/storage/audio/product_1/record_15_1_1779327976.wav	1	正常
19334	/home/dayin/git/audio-labeling/backend/storage/audio/product_1/record_17_1_1779328494.wav	1	正常
19336	/home/dayin/git/audio-labeling/backend/storage/audio/product_1/record_15_1_1779353909.wav	1	正常
19337	/home/dayin/git/audio-labeling/backend/storage/audio/product_1/record_17_1_1779354560.wav	1	正常
19338	/home/dayin/git/audio-labeling/backend/storage/audio/product_1/record_17_1_1779354641.wav	1	正常
19339	/home/dayin/git/audio-labeling/backend/storage/audio/product_1/record_15_1_1778496970.wav	1	正常
19340	/home/dayin/git/audio-labeling/backend/storage/audio/product_1/record_17_1_1778497907.wav	1	正常
19341	/home/dayin/git/audio-labeling/backend/storage/audio/product_1/record_15_1_1778497949.wav	1	正常
19342	/home/dayin/git/audio-labeling/backend/storage/audio/product_1/record_15_1_1778498453.wav	1	正常
19343	/home/dayin/git/audio-labeling/backend/storage/audio/product_1/record_17_1_1778654765.wav	1	正常
19344	/home/dayin/git/audio-labeling/backend/storage/audio/product_1/record_15_1_1778655163.wav	1	正常
19345	/home/dayin/git/audio-labeling/backend/storage/audio/product_1/record_15_1_1778671231.wav	1	正常
19346	/home/dayin/git/audio-labeling/backend/storage/audio/product_1/record_17_1_1778717607.wav	1	正常
19347	/home/dayin/git/audio-labeling/backend/storage/audio/product_1/record_17_1_1778718379.wav	1	正常
19348	/home/dayin/git/audio-labeling/backend/storage/audio/product_1/record_15_1_1778718463.wav	1	正常
19349	/home/dayin/git/audio-labeling/backend/storage/audio/product_1/record_17_1_1778720315.wav	1	正常
19350	/home/dayin/git/audio-labeling/backend/storage/audio/product_1/record_15_1_1778720948.wav	1	正常
19351	/home/dayin/git/audio-labeling/backend/storage/audio/product_1/record_17_1_1778721321.wav	1	正常
19353	/home/dayin/git/audio-labeling/backend/storage/audio/product_1/record_15_1_1778723736.wav	1	正常
19354	/home/dayin/git/audio-labeling/backend/storage/audio/product_1/record_15_1_1778725127.wav	1	正常
19355	/home/dayin/git/audio-labeling/backend/storage/audio/product_1/record_15_1_1778725228.wav	1	正常
19356	/home/dayin/git/audio-labeling/backend/storage/audio/product_1/record_17_1_1778726725.wav	1	正常
19357	/home/dayin/git/audio-labeling/backend/storage/audio/product_1/record_15_1_1778727598.wav	1	正常
19358	/home/dayin/git/audio-labeling/backend/storage/audio/product_1/record_17_1_1778735882.wav	1	正常
19359	/home/dayin/git/audio-labeling/backend/storage/audio/product_1/record_15_1_1778735975.wav	1	正常
19360	/home/dayin/git/audio-labeling/backend/storage/audio/product_1/record_17_1_1778736951.wav	1	正常
19361	/home/dayin/git/audio-labeling/backend/storage/audio/product_1/record_17_1_1778738025.wav	1	正常
19362	/home/dayin/git/audio-labeling/backend/storage/audio/product_1/record_17_1_1778738905.wav	1	正常
19363	/home/dayin/git/audio-labeling/backend/storage/audio/product_1/record_17_1_1778740769.wav	1	正常
19364	/home/dayin/git/audio-labeling/backend/storage/audio/product_1/record_15_1_1778741008.wav	-1	摩擦
19365	/home/dayin/git/audio-labeling/backend/storage/audio/product_1/record_15_1_1778743591.wav	1	正常
19366	/home/dayin/git/audio-labeling/backend/storage/audio/product_1/record_15_1_1778744163.wav	1	正常
19367	/home/dayin/git/audio-labeling/backend/storage/audio/product_1/record_17_1_1778747660.wav	1	正常
19368	/home/dayin/git/audio-labeling/backend/storage/audio/product_1/record_15_1_1778749483.wav	1	正常
19369	/home/dayin/git/audio-labeling/backend/storage/audio/product_1/record_17_1_1778749483.wav	1	正常
19370	/home/dayin/git/audio-labeling/backend/storage/audio/product_1/record_17_1_1778749780.wav	-1	摩擦
19371	/home/dayin/git/audio-labeling/backend/storage/audio/product_1/record_15_1_1778753419.wav	1	正常
19372	/home/dayin/git/audio-labeling/backend/storage/audio/product_1/record_15_1_1778754195.wav	1	正常
19373	/home/dayin/git/audio-labeling/backend/storage/audio/product_1/record_17_1_1778754710.wav	1	正常
19374	/home/dayin/git/audio-labeling/backend/storage/audio/product_1/record_15_1_1778755814.wav	1	正常
19375	/home/dayin/git/audio-labeling/backend/storage/audio/product_1/record_17_1_1778755990.wav	1	正常
19376	/home/dayin/git/audio-labeling/backend/storage/audio/product_1/record_15_1_1778757491.wav	1	正常
19377	/home/dayin/git/audio-labeling/backend/storage/audio/product_1/record_15_1_1778759272.wav	1	正常
19378	/home/dayin/git/audio-labeling/backend/storage/audio/product_1/record_17_1_1778806322.wav	1	正常
19379	/home/dayin/git/audio-labeling/backend/storage/audio/product_1/record_15_1_1778811825.wav	1	正常
19380	/home/dayin/git/audio-labeling/backend/storage/audio/product_1/record_15_1_1778812461.wav	1	正常
19381	/home/dayin/git/audio-labeling/backend/storage/audio/product_1/record_15_1_1778813565.wav	1	正常
19382	/home/dayin/git/audio-labeling/backend/storage/audio/product_1/record_17_1_1778813566.wav	1	正常
19383	/home/dayin/git/audio-labeling/backend/storage/audio/product_1/record_17_1_1778813772.wav	1	正常
19384	/home/dayin/git/audio-labeling/backend/storage/audio/product_1/record_17_1_1778813967.wav	-1	摩擦
19385	/home/dayin/git/audio-labeling/backend/storage/audio/product_1/record_17_1_1778815232.wav	1	正常
19386	/home/dayin/git/audio-labeling/backend/storage/audio/product_1/record_15_1_1778816559.wav	1	正常
19387	/home/dayin/git/audio-labeling/backend/storage/audio/product_1/record_17_1_1778816884.wav	1	正常
19388	/home/dayin/git/audio-labeling/backend/storage/audio/product_1/record_17_1_1778821076.wav	-1	摩擦
19389	/home/dayin/git/audio-labeling/backend/storage/audio/product_1/record_17_1_1778821815.wav	1	正常
19390	/home/dayin/git/audio-labeling/backend/storage/audio/product_1/record_17_1_1778822816.wav	1	正常
19391	/home/dayin/git/audio-labeling/backend/storage/audio/product_1/record_17_1_1778823011.wav	-1	摩擦
19392	/home/dayin/git/audio-labeling/backend/storage/audio/product_1/record_15_1_1778823819.wav	1	正常
19393	/home/dayin/git/audio-labeling/backend/storage/audio/product_1/record_15_1_1778825671.wav	1	正常
19394	/home/dayin/git/audio-labeling/backend/storage/audio/product_1/record_17_1_1778826433.wav	1	正常
19395	/home/dayin/git/audio-labeling/backend/storage/audio/product_1/record_17_1_1778826490.wav	1	正常
19396	/home/dayin/git/audio-labeling/backend/storage/audio/product_1/record_15_1_1778826609.wav	1	正常
19397	/home/dayin/git/audio-labeling/backend/storage/audio/product_1/record_17_1_1778826743.wav	1	正常
19398	/home/dayin/git/audio-labeling/backend/storage/audio/product_1/record_15_1_1778826834.wav	1	正常
19399	/home/dayin/git/audio-labeling/backend/storage/audio/product_1/record_17_1_1778829942.wav	1	正常
19400	/home/dayin/git/audio-labeling/backend/storage/audio/product_1/record_15_1_1778830264.wav	1	正常
19401	/home/dayin/git/audio-labeling/backend/storage/audio/product_1/record_15_1_1778830308.wav	1	正常
19402	/home/dayin/git/audio-labeling/backend/storage/audio/product_1/record_17_1_1778832212.wav	1	正常
19403	/home/dayin/git/audio-labeling/backend/storage/audio/product_1/record_17_1_1778832379.wav	1	正常
19404	/home/dayin/git/audio-labeling/backend/storage/audio/product_1/record_15_1_1778834150.wav	1	正常
19405	/home/dayin/git/audio-labeling/backend/storage/audio/product_1/record_15_1_1778835675.wav	1	正常
19406	/home/dayin/git/audio-labeling/backend/storage/audio/product_1/record_17_1_1778836114.wav	1	正常
19407	/home/dayin/git/audio-labeling/backend/storage/audio/product_1/record_17_1_1778836230.wav	1	正常
19408	/home/dayin/git/audio-labeling/backend/storage/audio/product_1/record_17_1_1778838466.wav	1	正常
19409	/home/dayin/git/audio-labeling/backend/storage/audio/product_1/record_17_1_1778838798.wav	1	正常
19410	/home/dayin/git/audio-labeling/backend/storage/audio/product_1/record_17_1_1778840795.wav	1	正常
19411	/home/dayin/git/audio-labeling/backend/storage/audio/product_1/record_15_1_1778841270.wav	1	正常
19412	/home/dayin/git/audio-labeling/backend/storage/audio/product_1/record_17_1_1778841433.wav	1	正常
19413	/home/dayin/git/audio-labeling/backend/storage/audio/product_1/record_17_1_1778841569.wav	1	正常
19414	/home/dayin/git/audio-labeling/backend/storage/audio/product_1/record_15_1_1778842141.wav	1	正常
19415	/home/dayin/git/audio-labeling/backend/storage/audio/product_1/record_17_1_1778842478.wav	1	正常
19416	/home/dayin/git/audio-labeling/backend/storage/audio/product_1/record_17_1_1778842632.wav	1	正常
19417	/home/dayin/git/audio-labeling/backend/storage/audio/product_1/record_17_1_1778843300.wav	1	正常
19418	/home/dayin/git/audio-labeling/backend/storage/audio/product_1/record_17_1_1778843387.wav	1	正常
19419	/home/dayin/git/audio-labeling/backend/storage/audio/product_1/record_17_1_1778844185.wav	1	正常
19420	/home/dayin/git/audio-labeling/backend/storage/audio/product_1/record_17_1_1778845645.wav	1	正常
19421	/home/dayin/git/audio-labeling/backend/storage/audio/product_1/record_17_1_1778846776.wav	1	正常
19422	/home/dayin/git/audio-labeling/backend/storage/audio/product_1/record_17_1_1778846837.wav	1	正常
19423	/home/dayin/git/audio-labeling/backend/storage/audio/product_1/record_15_1_1778846897.wav	1	正常
19424	/home/dayin/git/audio-labeling/backend/storage/audio/product_1/record_15_1_1778847118.wav	1	正常
19425	/home/dayin/git/audio-labeling/backend/storage/audio/product_1/record_15_1_1778848260.wav	1	正常
19426	/home/dayin/git/audio-labeling/backend/storage/audio/product_1/record_17_1_1778892415.wav	1	正常
19427	/home/dayin/git/audio-labeling/backend/storage/audio/product_1/record_17_1_1778898263.wav	-1	摩擦
19428	/home/dayin/git/audio-labeling/backend/storage/audio/product_1/record_17_1_1778899588.wav	1	正常
19429	/home/dayin/git/audio-labeling/backend/storage/audio/product_1/record_15_1_1778900813.wav	1	正常
19430	/home/dayin/git/audio-labeling/backend/storage/audio/product_1/record_17_1_1778901790.wav	-1	摩擦
19431	/home/dayin/git/audio-labeling/backend/storage/audio/product_1/record_15_1_1778907514.wav	1	正常
19432	/home/dayin/git/audio-labeling/backend/storage/audio/product_1/record_15_1_1778908034.wav	1	正常
19433	/home/dayin/git/audio-labeling/backend/storage/audio/product_1/record_17_1_1778908363.wav	1	正常
19434	/home/dayin/git/audio-labeling/backend/storage/audio/product_1/record_15_1_1778908466.wav	1	正常
19435	/home/dayin/git/audio-labeling/backend/storage/audio/product_1/record_17_1_1778908514.wav	1	正常
19436	/home/dayin/git/audio-labeling/backend/storage/audio/product_1/record_15_1_1778911525.wav	1	正常
19437	/home/dayin/git/audio-labeling/backend/storage/audio/product_1/record_15_1_1778912526.wav	1	正常
19438	/home/dayin/git/audio-labeling/backend/storage/audio/product_1/record_15_1_1778917989.wav	1	正常
19439	/home/dayin/git/audio-labeling/backend/storage/audio/product_1/record_17_1_1778918305.wav	1	正常
19440	/home/dayin/git/audio-labeling/backend/storage/audio/product_1/record_15_1_1778920862.wav	1	正常
19441	/home/dayin/git/audio-labeling/backend/storage/audio/product_1/record_17_1_1778927392.wav	1	正常
19442	/home/dayin/git/audio-labeling/backend/storage/audio/product_1/record_15_1_1778928105.wav	1	正常
19443	/home/dayin/git/audio-labeling/backend/storage/audio/product_1/record_15_1_1778928588.wav	1	正常
19444	/home/dayin/git/audio-labeling/backend/storage/audio/product_1/record_17_1_1778928588.wav	1	正常
19445	/home/dayin/git/audio-labeling/backend/storage/audio/product_1/record_17_1_1778929576.wav	1	正常
19446	/home/dayin/git/audio-labeling/backend/storage/audio/product_1/record_15_1_1778930107.wav	1	正常
19447	/home/dayin/git/audio-labeling/backend/storage/audio/product_1/record_15_1_1778931524.wav	1	正常
19448	/home/dayin/git/audio-labeling/backend/storage/audio/product_1/record_15_1_1778977328.wav	1	正常
19449	/home/dayin/git/audio-labeling/backend/storage/audio/product_1/record_15_1_1778979790.wav	1	正常
19450	/home/dayin/git/audio-labeling/backend/storage/audio/product_1/record_15_1_1778980258.wav	1	正常
19451	/home/dayin/git/audio-labeling/backend/storage/audio/product_1/record_15_1_1778980454.wav	1	正常
19452	/home/dayin/git/audio-labeling/backend/storage/audio/product_1/record_17_1_1778980535.wav	1	正常
19453	/home/dayin/git/audio-labeling/backend/storage/audio/product_1/record_17_1_1778980774.wav	1	正常
19454	/home/dayin/git/audio-labeling/backend/storage/audio/product_1/record_15_1_1778981237.wav	1	正常
19455	/home/dayin/git/audio-labeling/backend/storage/audio/product_1/record_15_1_1778982015.wav	1	正常
19456	/home/dayin/git/audio-labeling/backend/storage/audio/product_1/record_15_1_1778985019.wav	1	正常
19457	/home/dayin/git/audio-labeling/backend/storage/audio/product_1/record_17_1_1778986389.wav	-1	正常
19458	/home/dayin/git/audio-labeling/backend/storage/audio/product_1/record_15_1_1778986637.wav	1	15
19459	/home/dayin/git/audio-labeling/backend/storage/audio/product_1/record_15_1_1779067107.wav	1	正常
19460	/home/dayin/git/audio-labeling/backend/storage/audio/product_1/record_17_1_1779067440.wav	1	正常
19461	/home/dayin/git/audio-labeling/backend/storage/audio/product_1/record_15_1_1779068245.wav	-1	摩擦
19462	/home/dayin/git/audio-labeling/backend/storage/audio/product_1/record_15_1_1779069702.wav	1	正常
19463	/home/dayin/git/audio-labeling/backend/storage/audio/product_1/record_17_1_1779070914.wav	1	正常
19464	/home/dayin/git/audio-labeling/backend/storage/audio/product_1/record_17_1_1779072075.wav	1	正常
19465	/home/dayin/git/audio-labeling/backend/storage/audio/product_1/record_15_1_1779072388.wav	1	正常
19466	/home/dayin/git/audio-labeling/backend/storage/audio/product_1/record_17_1_1779072465.wav	1	正常
19467	/home/dayin/git/audio-labeling/backend/storage/audio/product_1/record_17_1_1779074502.wav	1	正常
19468	/home/dayin/git/audio-labeling/backend/storage/audio/product_1/record_17_1_1779075665.wav	1	正常
19469	/home/dayin/git/audio-labeling/backend/storage/audio/product_1/record_15_1_1779083529.wav	1	正常
19470	/home/dayin/git/audio-labeling/backend/storage/audio/product_1/record_17_1_1779084353.wav	-1	摩擦
19471	/home/dayin/git/audio-labeling/backend/storage/audio/product_1/record_17_1_1779085746.wav	1	正常
19472	/home/dayin/git/audio-labeling/backend/storage/audio/product_1/record_17_1_1779088888.wav	1	正常
19473	/home/dayin/git/audio-labeling/backend/storage/audio/product_1/record_17_1_1779089937.wav	1	正常
19474	/home/dayin/git/audio-labeling/backend/storage/audio/product_1/record_15_1_1779092773.wav	1	正常
19475	/home/dayin/git/audio-labeling/backend/storage/audio/product_1/record_15_1_1779093207.wav	1	正常
19476	/home/dayin/git/audio-labeling/backend/storage/audio/product_1/record_17_1_1779094375.wav	1	正常
19477	/home/dayin/git/audio-labeling/backend/storage/audio/product_1/record_17_1_1779097567.wav	1	正常
19478	/home/dayin/git/audio-labeling/backend/storage/audio/product_1/record_15_1_1779101930.wav	1	正常
19479	/home/dayin/git/audio-labeling/backend/storage/audio/product_1/record_15_1_1779102214.wav	1	正常
19480	/home/dayin/git/audio-labeling/backend/storage/audio/product_1/record_17_1_1779102645.wav	1	正常
19481	/home/dayin/git/audio-labeling/backend/storage/audio/product_1/record_15_1_1779102824.wav	1	正常
19482	/home/dayin/git/audio-labeling/backend/storage/audio/product_1/record_17_1_1779105229.wav	-1	轴承
19483	/home/dayin/git/audio-labeling/backend/storage/audio/product_1/record_17_1_1779106809.wav	-1	摩擦
19484	/home/dayin/git/audio-labeling/backend/storage/audio/product_1/record_17_1_1779151254.wav	1	正常
19485	/home/dayin/git/audio-labeling/backend/storage/audio/product_1/record_15_1_1779153294.wav	1	正常
19486	/home/dayin/git/audio-labeling/backend/storage/audio/product_1/record_17_1_1779153412.wav	1	正常
19487	/home/dayin/git/audio-labeling/backend/storage/audio/product_1/record_17_1_1779153570.wav	1	正常
19488	/home/dayin/git/audio-labeling/backend/storage/audio/product_1/record_17_1_1779155096.wav	1	正常
19489	/home/dayin/git/audio-labeling/backend/storage/audio/product_1/record_17_1_1779158811.wav	1	正常
19490	/home/dayin/git/audio-labeling/backend/storage/audio/product_1/record_15_1_1779159502.wav	-1	摩擦
19491	/home/dayin/git/audio-labeling/backend/storage/audio/product_1/record_17_1_1779258381.wav	1	正常
19492	/home/dayin/git/audio-labeling/backend/storage/audio/product_1/record_15_1_1779258612.wav	1	正常
19493	/home/dayin/git/audio-labeling/backend/storage/audio/product_1/record_15_1_1779258984.wav	1	正常
19494	/home/dayin/git/audio-labeling/backend/storage/audio/product_1/record_15_1_1779262581.wav	1	正常
19495	/home/dayin/git/audio-labeling/backend/storage/audio/product_1/record_17_1_1779263896.wav	1	正常
19496	/home/dayin/git/audio-labeling/backend/storage/audio/product_1/record_15_1_1779264625.wav	1	正常
19497	/home/dayin/git/audio-labeling/backend/storage/audio/product_1/record_15_1_1779265923.wav	1	正常
19498	/home/dayin/git/audio-labeling/backend/storage/audio/product_1/record_15_1_1779322237.wav	1	正常
19499	/home/dayin/git/audio-labeling/backend/storage/audio/product_1/record_15_1_1779323120.wav	1	正常
19500	/home/dayin/git/audio-labeling/backend/storage/audio/product_1/record_15_1_1779323143.wav	1	正常
19501	/home/dayin/git/audio-labeling/backend/storage/audio/product_1/record_17_1_1779323287.wav	1	正常
19502	/home/dayin/git/audio-labeling/backend/storage/audio/product_1/record_15_1_1779323364.wav	1	正常
19503	/home/dayin/git/audio-labeling/backend/storage/audio/product_1/record_17_1_1779325227.wav	1	正常
19504	/home/dayin/git/audio-labeling/backend/storage/audio/product_1/record_15_1_1779325875.wav	1	正常
19505	/home/dayin/git/audio-labeling/backend/storage/audio/product_1/record_15_1_1779326581.wav	1	正常
19506	/home/dayin/git/audio-labeling/backend/storage/audio/product_1/record_17_1_1779328704.wav	1	正常
19507	/home/dayin/git/audio-labeling/backend/storage/audio/product_1/record_15_1_1779330042.wav	1	正常
19508	/home/dayin/git/audio-labeling/backend/storage/audio/product_1/record_17_1_1779330456.wav	-1	摩擦
19509	/home/dayin/git/audio-labeling/backend/storage/audio/product_1/record_17_1_1779331030.wav	1	17
19510	/home/dayin/git/audio-labeling/backend/storage/audio/product_1/record_17_1_1779351282.wav	-1	轴承
19511	/home/dayin/git/audio-labeling/backend/storage/audio/product_1/record_15_1_1779353406.wav	1	正常
19512	/home/dayin/git/audio-labeling/backend/storage/audio/product_1/record_15_1_1778469835.wav	1	正常
19513	/home/dayin/git/audio-labeling/backend/storage/audio/product_1/record_17_1_1778667910.wav	1	正常
19514	/home/dayin/git/audio-labeling/backend/storage/audio/product_1/record_17_1_1778671068.wav	-1	17
19515	/home/dayin/git/audio-labeling/backend/storage/audio/product_1/record_17_1_1778718805.wav	1	正常
19516	/home/dayin/git/audio-labeling/backend/storage/audio/product_1/record_15_1_1778718948.wav	1	正常
19517	/home/dayin/git/audio-labeling/backend/storage/audio/product_1/record_15_1_1778720970.wav	1	正常
19518	/home/dayin/git/audio-labeling/backend/storage/audio/product_1/record_15_1_1778721925.wav	-1	轴承
19519	/home/dayin/git/audio-labeling/backend/storage/audio/product_1/record_15_1_1778722246.wav	1	正常
19520	/home/dayin/git/audio-labeling/backend/storage/audio/product_1/record_17_1_1778725058.wav	1	正常
19521	/home/dayin/git/audio-labeling/backend/storage/audio/product_1/record_17_1_1778725448.wav	1	正常
19522	/home/dayin/git/audio-labeling/backend/storage/audio/product_1/record_17_1_1778729636.wav	1	正常
19523	/home/dayin/git/audio-labeling/backend/storage/audio/product_1/record_15_1_1778736412.wav	1	正常
19524	/home/dayin/git/audio-labeling/backend/storage/audio/product_1/record_17_1_1778737188.wav	1	正常
19525	/home/dayin/git/audio-labeling/backend/storage/audio/product_1/record_17_1_1778737670.wav	1	正常
19526	/home/dayin/git/audio-labeling/backend/storage/audio/product_1/record_17_1_1778738278.wav	1	正常
19527	/home/dayin/git/audio-labeling/backend/storage/audio/product_1/record_17_1_1778738682.wav	1	正常
19528	/home/dayin/git/audio-labeling/backend/storage/audio/product_1/record_15_1_1778739845.wav	1	正常
19529	/home/dayin/git/audio-labeling/backend/storage/audio/product_1/record_17_1_1778741049.wav	1	正常
19531	/home/dayin/git/audio-labeling/backend/storage/audio/product_1/record_15_1_1778743745.wav	1	正常
19532	/home/dayin/git/audio-labeling/backend/storage/audio/product_1/record_17_1_1778743861.wav	-1	摩擦
19533	/home/dayin/git/audio-labeling/backend/storage/audio/product_1/record_17_1_1778743921.wav	1	正常
19534	/home/dayin/git/audio-labeling/backend/storage/audio/product_1/record_17_1_1778744028.wav	1	正常
19535	/home/dayin/git/audio-labeling/backend/storage/audio/product_1/record_15_1_1778744351.wav	1	正常
19536	/home/dayin/git/audio-labeling/backend/storage/audio/product_1/record_15_1_1778744718.wav	1	正常
19537	/home/dayin/git/audio-labeling/backend/storage/audio/product_1/record_15_1_1778745399.wav	1	正常
19538	/home/dayin/git/audio-labeling/backend/storage/audio/product_1/record_15_1_1778748877.wav	1	正常
19539	/home/dayin/git/audio-labeling/backend/storage/audio/product_1/record_15_1_1778749434.wav	1	正常
19540	/home/dayin/git/audio-labeling/backend/storage/audio/product_1/record_15_1_1778752681.wav	1	正常
19541	/home/dayin/git/audio-labeling/backend/storage/audio/product_1/record_17_1_1778754060.wav	1	正常
19542	/home/dayin/git/audio-labeling/backend/storage/audio/product_1/record_15_1_1778805642.wav	-1	摩擦
19543	/home/dayin/git/audio-labeling/backend/storage/audio/product_1/record_15_1_1778806699.wav	1	正常
19544	/home/dayin/git/audio-labeling/backend/storage/audio/product_1/record_17_1_1778812571.wav	1	正常
19545	/home/dayin/git/audio-labeling/backend/storage/audio/product_1/record_15_1_1778813265.wav	1	正常
19546	/home/dayin/git/audio-labeling/backend/storage/audio/product_1/record_17_1_1778814854.wav	1	正常
19547	/home/dayin/git/audio-labeling/backend/storage/audio/product_1/record_15_1_1778815383.wav	1	正常
19548	/home/dayin/git/audio-labeling/backend/storage/audio/product_1/record_15_1_1778815938.wav	1	正常
19549	/home/dayin/git/audio-labeling/backend/storage/audio/product_1/record_17_1_1778822686.wav	1	正常
19550	/home/dayin/git/audio-labeling/backend/storage/audio/product_1/record_15_1_1778823472.wav	1	正常
19551	/home/dayin/git/audio-labeling/backend/storage/audio/product_1/record_17_1_1778823567.wav	1	正常
19552	/home/dayin/git/audio-labeling/backend/storage/audio/product_1/record_17_1_1778824791.wav	1	正常
19553	/home/dayin/git/audio-labeling/backend/storage/audio/product_1/record_17_1_1778828079.wav	1	正常
19554	/home/dayin/git/audio-labeling/backend/storage/audio/product_1/record_15_1_1778828275.wav	1	正常
19555	/home/dayin/git/audio-labeling/backend/storage/audio/product_1/record_15_1_1778830919.wav	-1	轴承
19556	/home/dayin/git/audio-labeling/backend/storage/audio/product_1/record_15_1_1778833987.wav	1	正常
19557	/home/dayin/git/audio-labeling/backend/storage/audio/product_1/record_15_1_1778835327.wav	1	正常
19558	/home/dayin/git/audio-labeling/backend/storage/audio/product_1/record_17_1_1778838388.wav	1	正常
19559	/home/dayin/git/audio-labeling/backend/storage/audio/product_1/record_15_1_1778838994.wav	1	正常
19560	/home/dayin/git/audio-labeling/backend/storage/audio/product_1/record_15_1_1778839266.wav	1	正常
19561	/home/dayin/git/audio-labeling/backend/storage/audio/product_1/record_17_1_1778839398.wav	1	正常
19562	/home/dayin/git/audio-labeling/backend/storage/audio/product_1/record_15_1_1778841071.wav	1	正常
19563	/home/dayin/git/audio-labeling/backend/storage/audio/product_1/record_17_1_1778843176.wav	1	正常
19564	/home/dayin/git/audio-labeling/backend/storage/audio/product_1/record_15_1_1778843487.wav	1	正常
19565	/home/dayin/git/audio-labeling/backend/storage/audio/product_1/record_17_1_1778843601.wav	1	正常
19566	/home/dayin/git/audio-labeling/backend/storage/audio/product_1/record_17_1_1778843720.wav	1	正常
19567	/home/dayin/git/audio-labeling/backend/storage/audio/product_1/record_17_1_1778845867.wav	1	正常
19568	/home/dayin/git/audio-labeling/backend/storage/audio/product_1/record_15_1_1778847851.wav	1	正常
19569	/home/dayin/git/audio-labeling/backend/storage/audio/product_1/record_15_1_1778847896.wav	1	正常
19570	/home/dayin/git/audio-labeling/backend/storage/audio/product_1/record_15_1_1778847928.wav	1	正常
19571	/home/dayin/git/audio-labeling/backend/storage/audio/product_1/record_15_1_1778848525.wav	1	正常
19572	/home/dayin/git/audio-labeling/backend/storage/audio/product_1/record_17_1_1778890291.wav	-1	轴承
19574	/home/dayin/git/audio-labeling/backend/storage/audio/product_1/record_15_1_1778891870.wav	1	正常
19575	/home/dayin/git/audio-labeling/backend/storage/audio/product_1/record_15_1_1778893303.wav	1	正常
19576	/home/dayin/git/audio-labeling/backend/storage/audio/product_1/record_17_1_1778898578.wav	1	正常
19577	/home/dayin/git/audio-labeling/backend/storage/audio/product_1/record_17_1_1778898745.wav	1	正常
19578	/home/dayin/git/audio-labeling/backend/storage/audio/product_1/record_17_1_1778898808.wav	-1	轴承
19579	/home/dayin/git/audio-labeling/backend/storage/audio/product_1/record_15_1_1778907331.wav	1	正常
19580	/home/dayin/git/audio-labeling/backend/storage/audio/product_1/record_15_1_1778908100.wav	1	正常
19581	/home/dayin/git/audio-labeling/backend/storage/audio/product_1/record_17_1_1778909369.wav	1	正常
19582	/home/dayin/git/audio-labeling/backend/storage/audio/product_1/record_17_1_1778918126.wav	1	正常
19583	/home/dayin/git/audio-labeling/backend/storage/audio/product_1/record_17_1_1778918883.wav	1	正常
19584	/home/dayin/git/audio-labeling/backend/storage/audio/product_1/record_15_1_1778919152.wav	1	正常
19585	/home/dayin/git/audio-labeling/backend/storage/audio/product_1/record_15_1_1778921823.wav	1	正常
19586	/home/dayin/git/audio-labeling/backend/storage/audio/product_1/record_17_1_1778922483.wav	1	正常
19587	/home/dayin/git/audio-labeling/backend/storage/audio/product_1/record_15_1_1778927889.wav	1	正常
19588	/home/dayin/git/audio-labeling/backend/storage/audio/product_1/record_15_1_1778928011.wav	1	正常
19589	/home/dayin/git/audio-labeling/backend/storage/audio/product_1/record_17_1_1778929638.wav	1	正常
19590	/home/dayin/git/audio-labeling/backend/storage/audio/product_1/record_17_1_1778930637.wav	1	正常
19591	/home/dayin/git/audio-labeling/backend/storage/audio/product_1/record_15_1_1778932656.wav	-1	摩擦
19592	/home/dayin/git/audio-labeling/backend/storage/audio/product_1/record_17_1_1778976878.wav	1	正常
19593	/home/dayin/git/audio-labeling/backend/storage/audio/product_1/record_15_1_1778978104.wav	1	正常
19594	/home/dayin/git/audio-labeling/backend/storage/audio/product_1/record_15_1_1778979289.wav	1	正常
19595	/home/dayin/git/audio-labeling/backend/storage/audio/product_1/record_15_1_1778979569.wav	1	正常
19596	/home/dayin/git/audio-labeling/backend/storage/audio/product_1/record_15_1_1778980486.wav	1	正常
19597	/home/dayin/git/audio-labeling/backend/storage/audio/product_1/record_17_1_1778980907.wav	1	正常
19598	/home/dayin/git/audio-labeling/backend/storage/audio/product_1/record_17_1_1778981745.wav	1	正常
19599	/home/dayin/git/audio-labeling/backend/storage/audio/product_1/record_15_1_1778982497.wav	1	正常
19600	/home/dayin/git/audio-labeling/backend/storage/audio/product_1/record_17_1_1778984187.wav	1	17
19601	/home/dayin/git/audio-labeling/backend/storage/audio/product_1/record_17_1_1778984782.wav	1	17
19602	/home/dayin/git/audio-labeling/backend/storage/audio/product_1/record_15_1_1778984808.wav	1	正常
19603	/home/dayin/git/audio-labeling/backend/storage/audio/product_1/record_15_1_1778984966.wav	1	正常
19604	/home/dayin/git/audio-labeling/backend/storage/audio/product_1/record_17_1_1778986737.wav	1	正常
19605	/home/dayin/git/audio-labeling/backend/storage/audio/product_1/record_17_1_1779073675.wav	1	正常
19606	/home/dayin/git/audio-labeling/backend/storage/audio/product_1/record_17_1_1779075459.wav	1	正常
19607	/home/dayin/git/audio-labeling/backend/storage/audio/product_1/record_15_1_1779080202.wav	-1	摩擦
19608	/home/dayin/git/audio-labeling/backend/storage/audio/product_1/record_15_1_1779083242.wav	1	正常
19609	/home/dayin/git/audio-labeling/backend/storage/audio/product_1/record_17_1_1779084572.wav	1	正常
19610	/home/dayin/git/audio-labeling/backend/storage/audio/product_1/record_15_1_1779084615.wav	1	正常
19611	/home/dayin/git/audio-labeling/backend/storage/audio/product_1/record_17_1_1779085583.wav	1	正常
19612	/home/dayin/git/audio-labeling/backend/storage/audio/product_1/record_15_1_1779085715.wav	-1	轴承
19613	/home/dayin/git/audio-labeling/backend/storage/audio/product_1/record_17_1_1779087135.wav	1	正常
19614	/home/dayin/git/audio-labeling/backend/storage/audio/product_1/record_17_1_1779087317.wav	-1	摩擦
19615	/home/dayin/git/audio-labeling/backend/storage/audio/product_1/record_15_1_1779087410.wav	1	正常
19616	/home/dayin/git/audio-labeling/backend/storage/audio/product_1/record_15_1_1779089787.wav	1	正常
19617	/home/dayin/git/audio-labeling/backend/storage/audio/product_1/record_15_1_1779091291.wav	1	正常
19618	/home/dayin/git/audio-labeling/backend/storage/audio/product_1/record_15_1_1779091344.wav	1	正常
19619	/home/dayin/git/audio-labeling/backend/storage/audio/product_1/record_15_1_1779091971.wav	1	正常
19620	/home/dayin/git/audio-labeling/backend/storage/audio/product_1/record_17_1_1779092455.wav	1	正常
19621	/home/dayin/git/audio-labeling/backend/storage/audio/product_1/record_17_1_1779097939.wav	1	正常
19622	/home/dayin/git/audio-labeling/backend/storage/audio/product_1/record_15_1_1779099231.wav	1	正常
19623	/home/dayin/git/audio-labeling/backend/storage/audio/product_1/record_17_1_1779100015.wav	1	正常
19624	/home/dayin/git/audio-labeling/backend/storage/audio/product_1/record_15_1_1779100355.wav	1	正常
19625	/home/dayin/git/audio-labeling/backend/storage/audio/product_1/record_15_1_1779101910.wav	1	正常
19626	/home/dayin/git/audio-labeling/backend/storage/audio/product_1/record_17_1_1779102121.wav	1	正常
19627	/home/dayin/git/audio-labeling/backend/storage/audio/product_1/record_15_1_1779106618.wav	1	正常
19628	/home/dayin/git/audio-labeling/backend/storage/audio/product_1/record_17_1_1779151589.wav	1	正常
19629	/home/dayin/git/audio-labeling/backend/storage/audio/product_1/record_17_1_1779151628.wav	1	正常
19630	/home/dayin/git/audio-labeling/backend/storage/audio/product_1/record_17_1_1779156884.wav	1	正常
19631	/home/dayin/git/audio-labeling/backend/storage/audio/product_1/record_15_1_1779158029.wav	1	正常
19632	/home/dayin/git/audio-labeling/backend/storage/audio/product_1/record_17_1_1779257909.wav	1	正常
19633	/home/dayin/git/audio-labeling/backend/storage/audio/product_1/record_17_1_1779259447.wav	1	正常
19634	/home/dayin/git/audio-labeling/backend/storage/audio/product_1/record_17_1_1779266913.wav	1	正常
19635	/home/dayin/git/audio-labeling/backend/storage/audio/product_1/record_17_1_1779267145.wav	1	正常
19636	/home/dayin/git/audio-labeling/backend/storage/audio/product_1/record_17_1_1779267177.wav	-1	摩擦
19637	/home/dayin/git/audio-labeling/backend/storage/audio/product_1/record_17_1_1779267677.wav	1	正常
19638	/home/dayin/git/audio-labeling/backend/storage/audio/product_1/record_17_1_1779270789.wav	1	正常
19639	/home/dayin/git/audio-labeling/backend/storage/audio/product_1/record_17_1_1779272010.wav	1	正常
19640	/home/dayin/git/audio-labeling/backend/storage/audio/product_1/record_17_1_1779272545.wav	1	正常
19641	/home/dayin/git/audio-labeling/backend/storage/audio/product_1/record_15_1_1779272781.wav	1	正常
19642	/home/dayin/git/audio-labeling/backend/storage/audio/product_1/record_15_1_1779323671.wav	1	正常
19643	/home/dayin/git/audio-labeling/backend/storage/audio/product_1/record_17_1_1779323872.wav	-1	17摩擦
19644	/home/dayin/git/audio-labeling/backend/storage/audio/product_1/record_17_1_1779324105.wav	1	正常
19645	/home/dayin/git/audio-labeling/backend/storage/audio/product_1/record_15_1_1779325771.wav	1	正常
19646	/home/dayin/git/audio-labeling/backend/storage/audio/product_1/record_15_1_1779326397.wav	1	正常
19647	/home/dayin/git/audio-labeling/backend/storage/audio/product_1/record_17_1_1779327020.wav	1	正常
19648	/home/dayin/git/audio-labeling/backend/storage/audio/product_1/record_17_1_1779327127.wav	1	正常
19649	/home/dayin/git/audio-labeling/backend/storage/audio/product_1/record_17_1_1779327330.wav	1	17
19650	/home/dayin/git/audio-labeling/backend/storage/audio/product_1/record_15_1_1779350231.wav	1	15
19651	/home/dayin/git/audio-labeling/backend/storage/audio/product_1/record_15_1_1779351281.wav	1	15
19652	/home/dayin/git/audio-labeling/backend/storage/audio/product_1/record_17_1_1779351546.wav	1	17
19653	/home/dayin/git/audio-labeling/backend/storage/audio/product_1/record_17_1_1779353080.wav	-1	17
19654	/home/dayin/git/audio-labeling/backend/storage/audio/product_1/record_15_1_1779354195.wav	1	15
19655	/home/dayin/git/audio-labeling/backend/storage/audio/product_1/record_15_1_1779354505.wav	1	15
19656	/home/dayin/git/audio-labeling/backend/storage/audio/product_1/record_15_1_1778652120.wav	1	15
19657	/home/dayin/git/audio-labeling/backend/storage/audio/product_1/record_15_1_1778652139.wav	1	15
19658	/home/dayin/git/audio-labeling/backend/storage/audio/product_1/record_15_1_1778655199.wav	1	15
19659	/home/dayin/git/audio-labeling/backend/storage/audio/product_1/record_17_1_1778668380.wav	1	17
19660	/home/dayin/git/audio-labeling/backend/storage/audio/product_1/record_17_1_1778668542.wav	1	17
19661	/home/dayin/git/audio-labeling/backend/storage/audio/product_1/record_15_1_1778717648.wav	1	15
19662	/home/dayin/git/audio-labeling/backend/storage/audio/product_1/record_17_1_1778717683.wav	1	17
19663	/home/dayin/git/audio-labeling/backend/storage/audio/product_1/record_17_1_1778718026.wav	1	17
19664	/home/dayin/git/audio-labeling/backend/storage/audio/product_1/record_15_1_1778720369.wav	1	15
19665	/home/dayin/git/audio-labeling/backend/storage/audio/product_1/record_17_1_1778720548.wav	1	17
19666	/home/dayin/git/audio-labeling/backend/storage/audio/product_1/record_15_1_1778720777.wav	1	15
19667	/home/dayin/git/audio-labeling/backend/storage/audio/product_1/record_15_1_1778721075.wav	1	15
19668	/home/dayin/git/audio-labeling/backend/storage/audio/product_1/record_17_1_1778721076.wav	1	17
19669	/home/dayin/git/audio-labeling/backend/storage/audio/product_1/record_15_1_1778721449.wav	-1	摩擦
19670	/home/dayin/git/audio-labeling/backend/storage/audio/product_1/record_15_1_1778721495.wav	1	15
19671	/home/dayin/git/audio-labeling/backend/storage/audio/product_1/record_17_1_1778721779.wav	1	17
19672	/home/dayin/git/audio-labeling/backend/storage/audio/product_1/record_17_1_1778722280.wav	1	17
19673	/home/dayin/git/audio-labeling/backend/storage/audio/product_1/record_15_1_1778723301.wav	1	15
19674	/home/dayin/git/audio-labeling/backend/storage/audio/product_1/record_17_1_1778723441.wav	1	17
19675	/home/dayin/git/audio-labeling/backend/storage/audio/product_1/record_15_1_1778725626.wav	1	15
19676	/home/dayin/git/audio-labeling/backend/storage/audio/product_1/record_17_1_1778729591.wav	1	17
19677	/home/dayin/git/audio-labeling/backend/storage/audio/product_1/record_17_1_1778730050.wav	1	17
19678	/home/dayin/git/audio-labeling/backend/storage/audio/product_1/record_15_1_1778737166.wav	1	15
19679	/home/dayin/git/audio-labeling/backend/storage/audio/product_1/record_17_1_1778737167.wav	1	17
19680	/home/dayin/git/audio-labeling/backend/storage/audio/product_1/record_17_1_1778738837.wav	1	17
19681	/home/dayin/git/audio-labeling/backend/storage/audio/product_1/record_15_1_1778739617.wav	1	15
19682	/home/dayin/git/audio-labeling/backend/storage/audio/product_1/record_17_1_1778740227.wav	1	17
19683	/home/dayin/git/audio-labeling/backend/storage/audio/product_1/record_15_1_1778742993.wav	1	15
19684	/home/dayin/git/audio-labeling/backend/storage/audio/product_1/record_17_1_1778743791.wav	1	17
19685	/home/dayin/git/audio-labeling/backend/storage/audio/product_1/record_15_1_1778745836.wav	1	15
19686	/home/dayin/git/audio-labeling/backend/storage/audio/product_1/record_15_1_1778748858.wav	1	15
19687	/home/dayin/git/audio-labeling/backend/storage/audio/product_1/record_17_1_1778748988.wav	1	17
19688	/home/dayin/git/audio-labeling/backend/storage/audio/product_1/record_15_1_1778753360.wav	1	15
19689	/home/dayin/git/audio-labeling/backend/storage/audio/product_1/record_17_1_1778757677.wav	1	17
19690	/home/dayin/git/audio-labeling/backend/storage/audio/product_1/record_17_1_1778760811.wav	1	17
19691	/home/dayin/git/audio-labeling/backend/storage/audio/product_1/record_15_1_1778804399.wav	1	15
19692	/home/dayin/git/audio-labeling/backend/storage/audio/product_1/record_17_1_1778805138.wav	1	17
19693	/home/dayin/git/audio-labeling/backend/storage/audio/product_1/record_15_1_1778805685.wav	1	15
19694	/home/dayin/git/audio-labeling/backend/storage/audio/product_1/record_15_1_1778805798.wav	-1	15
19695	/home/dayin/git/audio-labeling/backend/storage/audio/product_1/record_15_1_1778805817.wav	1	15
19696	/home/dayin/git/audio-labeling/backend/storage/audio/product_1/record_15_1_1778806631.wav	1	15
19697	/home/dayin/git/audio-labeling/backend/storage/audio/product_1/record_15_1_1778808503.wav	1	15
19698	/home/dayin/git/audio-labeling/backend/storage/audio/product_1/record_15_1_1778811612.wav	1	15
19699	/home/dayin/git/audio-labeling/backend/storage/audio/product_1/record_17_1_1778813435.wav	1	17
19700	/home/dayin/git/audio-labeling/backend/storage/audio/product_1/record_15_1_1778815232.wav	1	15
19701	/home/dayin/git/audio-labeling/backend/storage/audio/product_1/record_15_1_1778820991.wav	1	15
19702	/home/dayin/git/audio-labeling/backend/storage/audio/product_1/record_15_1_1778825760.wav	1	15
19703	/home/dayin/git/audio-labeling/backend/storage/audio/product_1/record_15_1_1778826451.wav	1	15
19704	/home/dayin/git/audio-labeling/backend/storage/audio/product_1/record_17_1_1778826541.wav	-1	轴承
19705	/home/dayin/git/audio-labeling/backend/storage/audio/product_1/record_17_1_1778826643.wav	1	17
19706	/home/dayin/git/audio-labeling/backend/storage/audio/product_1/record_17_1_1778827393.wav	1	17
19707	/home/dayin/git/audio-labeling/backend/storage/audio/product_1/record_17_1_1778828233.wav	1	17
19708	/home/dayin/git/audio-labeling/backend/storage/audio/product_1/record_15_1_1778830284.wav	1	15
19709	/home/dayin/git/audio-labeling/backend/storage/audio/product_1/record_15_1_1778831368.wav	1	15
19710	/home/dayin/git/audio-labeling/backend/storage/audio/product_1/record_15_1_1778831720.wav	1	15
19711	/home/dayin/git/audio-labeling/backend/storage/audio/product_1/record_17_1_1778831874.wav	1	17
19712	/home/dayin/git/audio-labeling/backend/storage/audio/product_1/record_15_1_1778835204.wav	1	15
19713	/home/dayin/git/audio-labeling/backend/storage/audio/product_1/record_15_1_1778839164.wav	-1	15
19714	/home/dayin/git/audio-labeling/backend/storage/audio/product_1/record_15_1_1778841411.wav	1	15
19715	/home/dayin/git/audio-labeling/backend/storage/audio/product_1/record_15_1_1778841953.wav	1	15
19716	/home/dayin/git/audio-labeling/backend/storage/audio/product_1/record_15_1_1778842037.wav	1	15
19717	/home/dayin/git/audio-labeling/backend/storage/audio/product_1/record_17_1_1778842187.wav	1	17
19718	/home/dayin/git/audio-labeling/backend/storage/audio/product_1/record_17_1_1778843488.wav	1	17
19719	/home/dayin/git/audio-labeling/backend/storage/audio/product_1/record_17_1_1778845381.wav	1	17
19720	/home/dayin/git/audio-labeling/backend/storage/audio/product_1/record_15_1_1778846494.wav	1	15
19721	/home/dayin/git/audio-labeling/backend/storage/audio/product_1/record_15_1_1778846987.wav	-1	轴承
19722	/home/dayin/git/audio-labeling/backend/storage/audio/product_1/record_15_1_1778848117.wav	-1	15
19723	/home/dayin/git/audio-labeling/backend/storage/audio/product_1/record_17_1_1778848361.wav	1	17
19724	/home/dayin/git/audio-labeling/backend/storage/audio/product_1/record_15_1_1778891717.wav	-1	轴承
19725	/home/dayin/git/audio-labeling/backend/storage/audio/product_1/record_17_1_1778893383.wav	1	17
19726	/home/dayin/git/audio-labeling/backend/storage/audio/product_1/record_17_1_1778895360.wav	1	17
19727	/home/dayin/git/audio-labeling/backend/storage/audio/product_1/record_17_1_1778899038.wav	1	17
19728	/home/dayin/git/audio-labeling/backend/storage/audio/product_1/record_15_1_1778900084.wav	1	15
19729	/home/dayin/git/audio-labeling/backend/storage/audio/product_1/record_15_1_1778900929.wav	1	15
19730	/home/dayin/git/audio-labeling/backend/storage/audio/product_1/record_15_1_1778901729.wav	1	15
19731	/home/dayin/git/audio-labeling/backend/storage/audio/product_1/record_17_1_1778901937.wav	1	17
19732	/home/dayin/git/audio-labeling/backend/storage/audio/product_1/record_15_1_1778902431.wav	1	15
19733	/home/dayin/git/audio-labeling/backend/storage/audio/product_1/record_15_1_1778902804.wav	1	15
19734	/home/dayin/git/audio-labeling/backend/storage/audio/product_1/record_17_1_1778903043.wav	1	17
19735	/home/dayin/git/audio-labeling/backend/storage/audio/product_1/record_15_1_1778903134.wav	1	15
19736	/home/dayin/git/audio-labeling/backend/storage/audio/product_1/record_15_1_1778908222.wav	1	15
19737	/home/dayin/git/audio-labeling/backend/storage/audio/product_1/record_15_1_1778909699.wav	1	15
19738	/home/dayin/git/audio-labeling/backend/storage/audio/product_1/record_17_1_1778911913.wav	1	17
19739	/home/dayin/git/audio-labeling/backend/storage/audio/product_1/record_17_1_1778912877.wav	1	17
19740	/home/dayin/git/audio-labeling/backend/storage/audio/product_1/record_17_1_1778912999.wav	1	17
19741	/home/dayin/git/audio-labeling/backend/storage/audio/product_1/record_15_1_1778913110.wav	1	15
19742	/home/dayin/git/audio-labeling/backend/storage/audio/product_1/record_15_1_1778920292.wav	1	15
19743	/home/dayin/git/audio-labeling/backend/storage/audio/product_1/record_17_1_1778920453.wav	1	17
19744	/home/dayin/git/audio-labeling/backend/storage/audio/product_1/record_15_1_1778921221.wav	1	15
19745	/home/dayin/git/audio-labeling/backend/storage/audio/product_1/record_17_1_1778921804.wav	1	17
19746	/home/dayin/git/audio-labeling/backend/storage/audio/product_1/record_17_1_1778927943.wav	1	17
19747	/home/dayin/git/audio-labeling/backend/storage/audio/product_1/record_17_1_1778928657.wav	1	17
19748	/home/dayin/git/audio-labeling/backend/storage/audio/product_1/record_15_1_1778931132.wav	1	15
19749	/home/dayin/git/audio-labeling/backend/storage/audio/product_1/record_15_1_1778931232.wav	-1	轴承
19750	/home/dayin/git/audio-labeling/backend/storage/audio/product_1/record_17_1_1778977407.wav	-1	17
19751	/home/dayin/git/audio-labeling/backend/storage/audio/product_1/record_15_1_1778977655.wav	1	15
19752	/home/dayin/git/audio-labeling/backend/storage/audio/product_1/record_15_1_1778978470.wav	1	15
19753	/home/dayin/git/audio-labeling/backend/storage/audio/product_1/record_17_1_1778980404.wav	1	17
19754	/home/dayin/git/audio-labeling/backend/storage/audio/product_1/record_17_1_1778984059.wav	1	17
19755	/home/dayin/git/audio-labeling/backend/storage/audio/product_1/record_17_1_1778984306.wav	1	17
19756	/home/dayin/git/audio-labeling/backend/storage/audio/product_1/record_17_1_1778984645.wav	1	17
19757	/home/dayin/git/audio-labeling/backend/storage/audio/product_1/record_17_1_1778986044.wav	1	17
19758	/home/dayin/git/audio-labeling/backend/storage/audio/product_1/record_15_1_1779070737.wav	1	15
19759	/home/dayin/git/audio-labeling/backend/storage/audio/product_1/record_17_1_1779071280.wav	1	17
19760	/home/dayin/git/audio-labeling/backend/storage/audio/product_1/record_17_1_1779071556.wav	1	17
19761	/home/dayin/git/audio-labeling/backend/storage/audio/product_1/record_17_1_1779071771.wav	1	17
19762	/home/dayin/git/audio-labeling/backend/storage/audio/product_1/record_15_1_1779072445.wav	1	15
19763	/home/dayin/git/audio-labeling/backend/storage/audio/product_1/record_17_1_1779075210.wav	1	17
19764	/home/dayin/git/audio-labeling/backend/storage/audio/product_1/record_17_1_1779075690.wav	1	17
19765	/home/dayin/git/audio-labeling/backend/storage/audio/product_1/record_17_1_1779084313.wav	1	17
19766	/home/dayin/git/audio-labeling/backend/storage/audio/product_1/record_17_1_1779084384.wav	1	17
19767	/home/dayin/git/audio-labeling/backend/storage/audio/product_1/record_15_1_1779084984.wav	1	
19768	/home/dayin/git/audio-labeling/backend/storage/audio/product_1/record_17_1_1779085625.wav	1	17
19769	/home/dayin/git/audio-labeling/backend/storage/audio/product_1/record_17_1_1779085844.wav	1	17
19770	/home/dayin/git/audio-labeling/backend/storage/audio/product_1/record_17_1_1779086117.wav	1	17
19771	/home/dayin/git/audio-labeling/backend/storage/audio/product_1/record_15_1_1779086242.wav	1	15
19772	/home/dayin/git/audio-labeling/backend/storage/audio/product_1/record_15_1_1779087088.wav	-1	摩擦
19773	/home/dayin/git/audio-labeling/backend/storage/audio/product_1/record_17_1_1779087508.wav	1	17
19774	/home/dayin/git/audio-labeling/backend/storage/audio/product_1/record_15_1_1779090934.wav	1	15
19775	/home/dayin/git/audio-labeling/backend/storage/audio/product_1/record_17_1_1779092707.wav	1	17
19776	/home/dayin/git/audio-labeling/backend/storage/audio/product_1/record_17_1_1779093447.wav	-1	摩擦
19777	/home/dayin/git/audio-labeling/backend/storage/audio/product_1/record_17_1_1779094013.wav	1	17
19778	/home/dayin/git/audio-labeling/backend/storage/audio/product_1/record_17_1_1779094978.wav	-1	轴承
19779	/home/dayin/git/audio-labeling/backend/storage/audio/product_1/record_17_1_1779100109.wav	-1	17
19780	/home/dayin/git/audio-labeling/backend/storage/audio/product_1/record_15_1_1779100256.wav	1	15
19781	/home/dayin/git/audio-labeling/backend/storage/audio/product_1/record_17_1_1779100835.wav	1	17
19782	/home/dayin/git/audio-labeling/backend/storage/audio/product_1/record_17_1_1779100854.wav	1	17
19783	/home/dayin/git/audio-labeling/backend/storage/audio/product_1/record_17_1_1779102974.wav	1	17
19784	/home/dayin/git/audio-labeling/backend/storage/audio/product_1/record_17_1_1779103313.wav	1	17
19785	/home/dayin/git/audio-labeling/backend/storage/audio/product_1/record_17_1_1779106065.wav	1	17
19786	/home/dayin/git/audio-labeling/backend/storage/audio/product_1/record_15_1_1779106408.wav	1	15
19787	/home/dayin/git/audio-labeling/backend/storage/audio/product_1/record_17_1_1779149195.wav	1	17
19788	/home/dayin/git/audio-labeling/backend/storage/audio/product_1/record_17_1_1779150937.wav	1	17
19789	/home/dayin/git/audio-labeling/backend/storage/audio/product_1/record_17_1_1779153459.wav	-1	17
19790	/home/dayin/git/audio-labeling/backend/storage/audio/product_1/record_17_1_1779153601.wav	1	17
19791	/home/dayin/git/audio-labeling/backend/storage/audio/product_1/record_17_1_1779154622.wav	1	17
19792	/home/dayin/git/audio-labeling/backend/storage/audio/product_1/record_17_1_1779155804.wav	-1	轴承
19793	/home/dayin/git/audio-labeling/backend/storage/audio/product_1/record_17_1_1779156846.wav	1	17
19794	/home/dayin/git/audio-labeling/backend/storage/audio/product_1/record_17_1_1779159482.wav	1	17
19795	/home/dayin/git/audio-labeling/backend/storage/audio/product_1/record_17_1_1779163540.wav	1	17
19796	/home/dayin/git/audio-labeling/backend/storage/audio/product_1/record_15_1_1779262436.wav	1	15
19797	/home/dayin/git/audio-labeling/backend/storage/audio/product_1/record_17_1_1779262602.wav	1	17
19798	/home/dayin/git/audio-labeling/backend/storage/audio/product_1/record_17_1_1779265736.wav	1	17
19799	/home/dayin/git/audio-labeling/backend/storage/audio/product_1/record_15_1_1779267176.wav	1	15
19800	/home/dayin/git/audio-labeling/backend/storage/audio/product_1/record_17_1_1779271681.wav	1	17
19801	/home/dayin/git/audio-labeling/backend/storage/audio/product_1/record_17_1_1779323838.wav	-1	17
19802	/home/dayin/git/audio-labeling/backend/storage/audio/product_1/record_15_1_1779324311.wav	1	15
19803	/home/dayin/git/audio-labeling/backend/storage/audio/product_1/record_15_1_1779324516.wav	1	15
19804	/home/dayin/git/audio-labeling/backend/storage/audio/product_1/record_17_1_1779324597.wav	1	17
19805	/home/dayin/git/audio-labeling/backend/storage/audio/product_1/record_17_1_1779325427.wav	1	17
19806	/home/dayin/git/audio-labeling/backend/storage/audio/product_1/record_15_1_1779325584.wav	1	15
19807	/home/dayin/git/audio-labeling/backend/storage/audio/product_1/record_15_1_1779326123.wav	1	15
19808	/home/dayin/git/audio-labeling/backend/storage/audio/product_1/record_17_1_1779326554.wav	1	17
19809	/home/dayin/git/audio-labeling/backend/storage/audio/product_1/record_15_1_1779327102.wav	1	15
19810	/home/dayin/git/audio-labeling/backend/storage/audio/product_1/record_15_1_1779327308.wav	1	15
19811	/home/dayin/git/audio-labeling/backend/storage/audio/product_1/record_17_1_1779328239.wav	1	17
19812	/home/dayin/git/audio-labeling/backend/storage/audio/product_1/record_17_1_1779350123.wav	1	17
19813	/home/dayin/git/audio-labeling/backend/storage/audio/product_1/record_15_1_1779351495.wav	1	15
19814	/home/dayin/git/audio-labeling/backend/storage/audio/product_1/record_17_1_1779352155.wav	1	17
19815	/home/dayin/git/audio-labeling/backend/storage/audio/product_1/record_15_1_1779352229.wav	1	15
19816	/home/dayin/git/audio-labeling/backend/storage/audio/product_1/record_15_1_1779352828.wav	-1	轴承
19817	/home/dayin/git/audio-labeling/backend/storage/audio/product_1/record_17_1_1779353158.wav	1	17
19856	/home/dayin/git/audio-labeling/backend/storage/audio/product_1/record_17_1_1778986549_f118e858.wav	1	NG
19866	/home/dayin/git/audio-labeling/backend/storage/audio/product_1/record_17_1_1779417555_59cb69e7.wav	-1	轴承
19867	/home/dayin/git/audio-labeling/backend/storage/audio/product_1/record_17_1_1779417657_e3680bc3.wav	-1	摩擦
19868	/home/dayin/git/audio-labeling/backend/storage/audio/product_1/record_17_1_1779425767_9220454c.wav	-1	轴承
19869	/home/dayin/git/audio-labeling/backend/storage/audio/product_1/record_17_1_1779426298_4b7ad3fa.wav	-1	轴承
19870	/home/dayin/git/audio-labeling/backend/storage/audio/product_1/record_17_1_1779429880_832ffda1.wav	-1	轴承
19871	/home/dayin/git/audio-labeling/backend/storage/audio/product_1/record_17_1_1779431432_dfe0e155.wav	-1	摩擦
19872	/home/dayin/git/audio-labeling/backend/storage/audio/product_1/record_17_1_1779440367_3abd2f37.wav	-1	轴承
19873	/home/dayin/git/audio-labeling/backend/storage/audio/product_1/record_17_1_1779444905_fd8223f6.wav	-1	摩擦
19874	/home/dayin/git/audio-labeling/backend/storage/audio/product_1/record_17_1_1779446579_e4347df0.wav	-1	轴承
19875	/home/dayin/git/audio-labeling/backend/storage/audio/product_1/record_17_1_1779583366_8b962e5d.wav	-1	轴承
19876	/home/dayin/git/audio-labeling/backend/storage/audio/product_1/record_17_1_1779584495_36d6c05e.wav	-1	轴承
19877	/home/dayin/git/audio-labeling/backend/storage/audio/product_1/record_17_1_1779585823_29592a21.wav	-1	轴承
19878	/home/dayin/git/audio-labeling/backend/storage/audio/product_1/record_17_1_1779585980_77298296.wav	-1	轴承
19879	/home/dayin/git/audio-labeling/backend/storage/audio/product_1/record_17_1_1779591670_93aab336.wav	-1	轴承
19880	/home/dayin/git/audio-labeling/backend/storage/audio/product_1/record_17_1_1779593904_66496f11.wav	-1	摩擦
19881	/home/dayin/git/audio-labeling/backend/storage/audio/product_1/record_17_1_1779600409_d3785d86.wav	-1	轴承
19882	/home/dayin/git/audio-labeling/backend/storage/audio/product_1/record_17_1_1779617700_1353d520.wav	-1	摩擦
19883	/home/dayin/git/audio-labeling/backend/storage/audio/product_1/record_17_1_1779668567_c14a59c9.wav	-1	摩擦
19884	/home/dayin/git/audio-labeling/backend/storage/audio/product_1/record_17_1_1779676247_8be7a6d7.wav	-1	轴承
19885	/home/dayin/git/audio-labeling/backend/storage/audio/product_1/record_17_1_1779679767_57dd513c.wav	-1	摩擦
19886	/home/dayin/git/audio-labeling/backend/storage/audio/product_1/record_17_1_1779687935_c3f609bb.wav	-1	摩擦
19887	/home/dayin/git/audio-labeling/backend/storage/audio/product_1/record_17_1_1779689789_46e873e3.wav	-1	轴承
19888	/home/dayin/git/audio-labeling/backend/storage/audio/product_1/record_17_1_1779690297_b9eb8458.wav	-1	摩擦
19900	/home/dayin/git/audio-labeling/backend/storage/audio/product_1/record_15_1_1779421041.wav	-1	摩擦
19901	/home/dayin/git/audio-labeling/backend/storage/audio/product_1/record_15_1_1779425719.wav	-1	轴承
19902	/home/dayin/git/audio-labeling/backend/storage/audio/product_1/record_15_1_1779429251.wav	-1	摩擦
19903	/home/dayin/git/audio-labeling/backend/storage/audio/product_1/record_15_1_1779436471.wav	-1	轴承
19904	/home/dayin/git/audio-labeling/backend/storage/audio/product_1/record_15_1_1779437350.wav	-1	轴承
19905	/home/dayin/git/audio-labeling/backend/storage/audio/product_1/record_15_1_1779446627.wav	-1	轴承
19906	/home/dayin/git/audio-labeling/backend/storage/audio/product_1/record_15_1_1779449399.wav	-1	轴承
19907	/home/dayin/git/audio-labeling/backend/storage/audio/product_1/record_15_1_1779522551.wav	-1	轴承
19908	/home/dayin/git/audio-labeling/backend/storage/audio/product_1/record_15_1_1779523324.wav	-1	轴承-微弱
19909	/home/dayin/git/audio-labeling/backend/storage/audio/product_1/record_15_1_1779523745.wav	-1	轴承-微弱
19910	/home/dayin/git/audio-labeling/backend/storage/audio/product_1/record_15_1_1779523896.wav	-1	轴承
19911	/home/dayin/git/audio-labeling/backend/storage/audio/product_1/record_15_1_1779524292.wav	-1	摩擦
19912	/home/dayin/git/audio-labeling/backend/storage/audio/product_1/record_15_1_1779534909.wav	-1	轴承
19913	/home/dayin/git/audio-labeling/backend/storage/audio/product_1/record_15_1_1779536447.wav	-1	轴承
19914	/home/dayin/git/audio-labeling/backend/storage/audio/product_1/record_15_1_1779536865.wav	-1	爆量程
19915	/home/dayin/git/audio-labeling/backend/storage/audio/product_1/record_15_1_1779537351.wav	-1	轴承
19916	/home/dayin/git/audio-labeling/backend/storage/audio/product_1/record_15_1_1779616329.wav	-1	轴承
19917	/home/dayin/git/audio-labeling/backend/storage/audio/product_1/record_15_1_1779707986.wav	-1	摩擦
19918	/home/dayin/git/audio-labeling/backend/storage/audio/product_1/record_15_1_1779764939.wav	-1	摩擦
19919	/home/dayin/git/audio-labeling/backend/storage/audio/product_1/record_15_1_1779775709.wav	-1	摩擦
19920	/home/dayin/git/audio-labeling/backend/storage/audio/product_1/record_15_1_1779777036.wav	-1	摩擦
19921	/home/dayin/git/audio-labeling/backend/storage/audio/product_1/record_15_1_1779777557.wav	-1	摩擦
19922	/home/dayin/git/audio-labeling/backend/storage/audio/product_1/record_15_1_1779778120.wav	-1	轴承
19923	/home/dayin/git/audio-labeling/backend/storage/audio/product_1/record_15_1_1779778717.wav	-1	轴承
19924	/home/dayin/git/audio-labeling/backend/storage/audio/product_1/record_15_1_1779786306.wav	-1	轴承
19925	/home/dayin/git/audio-labeling/backend/storage/audio/product_1/record_15_1_1779792247.wav	-1	摩擦
19926	/home/dayin/git/audio-labeling/backend/storage/audio/product_1/record_15_1_1779792441.wav	-1	轴承
19927	/home/dayin/git/audio-labeling/backend/storage/audio/product_1/record_15_1_1779841135.wav	-1	轴承
19928	/home/dayin/git/audio-labeling/backend/storage/audio/product_1/record_15_1_1779842161.wav	-1	摩擦
19929	/home/dayin/git/audio-labeling/backend/storage/audio/product_1/record_15_1_1779842355.wav	-1	摩擦
19930	/home/dayin/git/audio-labeling/backend/storage/audio/product_1/record_15_1_1779843040.wav	-1	摩擦
19931	/home/dayin/git/audio-labeling/backend/storage/audio/product_1/record_15_1_1779843528.wav	-1	摩擦
19932	/home/dayin/git/audio-labeling/backend/storage/audio/product_1/record_15_1_1779846736.wav	-1	摩擦
19933	/home/dayin/git/audio-labeling/backend/storage/audio/product_1/record_15_1_1779859841.wav	-1	轴承
19934	/home/dayin/git/audio-labeling/backend/storage/audio/product_1/record_15_1_1779860686.wav	-1	轴承
19935	/home/dayin/git/audio-labeling/backend/storage/audio/product_1/record_15_1_1779862702.wav	-1	摩擦
19936	/home/dayin/git/audio-labeling/backend/storage/audio/product_1/record_15_1_1779935506.wav	-1	ng z
19937	/home/dayin/git/audio-labeling/backend/storage/audio/product_1/record_15_1_1779936758.wav	-1	
19938	/home/dayin/git/audio-labeling/backend/storage/audio/product_1/record_15_1_1779951001.wav	-1	轴承
19939	/home/dayin/git/audio-labeling/backend/storage/audio/product_1/record_15_1_1779957822.wav	-1	轴承
19940	/home/dayin/git/audio-labeling/backend/storage/audio/product_1/record_15_1_1779964487.wav	-1	爆量程
19941	/home/dayin/git/audio-labeling/backend/storage/audio/product_1/record_15_1_1780020726.wav	-1	轴承
19942	/home/dayin/git/audio-labeling/backend/storage/audio/product_1/record_15_1_1780032011.wav	-1	摩擦
19943	/home/dayin/git/audio-labeling/backend/storage/audio/product_1/record_15_1_1780033757.wav	-1	摩擦
19944	/home/dayin/git/audio-labeling/backend/storage/audio/product_1/record_15_1_1780033868.wav	-1	轴承
19945	/home/dayin/git/audio-labeling/backend/storage/audio/product_1/record_15_1_1780034816.wav	-1	摩擦
19946	/home/dayin/git/audio-labeling/backend/storage/audio/product_1/record_15_1_1780037190.wav	-1	摩擦
19947	/home/dayin/git/audio-labeling/backend/storage/audio/product_1/record_15_1_1780040241.wav	-1	摩擦
19948	/home/dayin/git/audio-labeling/backend/storage/audio/product_1/record_15_1_1780040364.wav	-1	摩擦
19949	/home/dayin/git/audio-labeling/backend/storage/audio/product_1/record_15_1_1780041589.wav	-1	摩擦
19950	/home/dayin/git/audio-labeling/backend/storage/audio/product_1/record_15_1_1780044993.wav	-1	ng
19951	/home/dayin/git/audio-labeling/backend/storage/audio/product_1/record_15_1_1780045013.wav	-1	轴承
19952	/home/dayin/git/audio-labeling/backend/storage/audio/product_1/record_15_1_1780047830.wav	-1	
19953	/home/dayin/git/audio-labeling/backend/storage/audio/product_1/record_15_1_1780049541.wav	-1	摩擦
19954	/home/dayin/git/audio-labeling/backend/storage/audio/product_1/record_15_1_1780051040.wav	-1	摩擦
19955	/home/dayin/git/audio-labeling/backend/storage/audio/product_1/record_15_1_1780051126.wav	-1	摩擦
19956	/home/dayin/git/audio-labeling/backend/storage/audio/product_1/record_15_1_1780051622.wav	-1	摩擦
19957	/home/dayin/git/audio-labeling/backend/storage/audio/product_1/record_15_1_1780052098.wav	-1	摩擦
19958	/home/dayin/git/audio-labeling/backend/storage/audio/product_1/record_15_1_1780052144.wav	-1	轴承
19959	/home/dayin/git/audio-labeling/backend/storage/audio/product_1/record_15_1_1780055534.wav	-1	ng
19960	/home/dayin/git/audio-labeling/backend/storage/audio/product_1/record_15_1_1780055891.wav	-1	轴承
19961	/home/dayin/git/audio-labeling/backend/storage/audio/product_1/record_15_1_1780056370.wav	-1	ng
19962	/home/dayin/git/audio-labeling/backend/storage/audio/product_1/record_15_1_1780056547.wav	-1	摩擦
19963	/home/dayin/git/audio-labeling/backend/storage/audio/product_1/record_15_1_1780099573.wav	-1	轴承
19964	/home/dayin/git/audio-labeling/backend/storage/audio/product_1/record_15_1_1780101023.wav	-1	ng
19965	/home/dayin/git/audio-labeling/backend/storage/audio/product_1/record_15_1_1780101073.wav	-1	摩擦
19966	/home/dayin/git/audio-labeling/backend/storage/audio/product_1/record_15_1_1780102406.wav	-1	爆量程
19967	/home/dayin/git/audio-labeling/backend/storage/audio/product_1/record_15_1_1780103241.wav	-1	轴承
20003	/home/dayin/git/audio-labeling/backend/storage/audio/product_1/record_17_1_1779758429.wav	-1	摩擦
20004	/home/dayin/git/audio-labeling/backend/storage/audio/product_1/record_17_1_1779758611.wav	-1	摩擦
20005	/home/dayin/git/audio-labeling/backend/storage/audio/product_1/record_17_1_1779763743.wav	-1	摩擦
20006	/home/dayin/git/audio-labeling/backend/storage/audio/product_1/record_17_1_1779764315.wav	-1	摩擦
20007	/home/dayin/git/audio-labeling/backend/storage/audio/product_1/record_17_1_1779773728.wav	-1	轴承
20008	/home/dayin/git/audio-labeling/backend/storage/audio/product_1/record_17_1_1779774942.wav	-1	摩擦
20009	/home/dayin/git/audio-labeling/backend/storage/audio/product_1/record_17_1_1779775794.wav	-1	轴承
20010	/home/dayin/git/audio-labeling/backend/storage/audio/product_1/record_17_1_1779779899.wav	-1	轴承
20011	/home/dayin/git/audio-labeling/backend/storage/audio/product_1/record_17_1_1779780164.wav	-1	轴承
20012	/home/dayin/git/audio-labeling/backend/storage/audio/product_1/record_17_1_1779780353.wav	-1	摩擦
20013	/home/dayin/git/audio-labeling/backend/storage/audio/product_1/record_17_1_1779782974.wav	-1	摩擦
20014	/home/dayin/git/audio-labeling/backend/storage/audio/product_1/record_17_1_1779842509.wav	-1	摩擦
20015	/home/dayin/git/audio-labeling/backend/storage/audio/product_1/record_17_1_1779859372.wav	-1	摩擦
20016	/home/dayin/git/audio-labeling/backend/storage/audio/product_1/record_17_1_1779864049.wav	-1	轴承
20017	/home/dayin/git/audio-labeling/backend/storage/audio/product_1/record_17_1_1779875175.wav	-1	摩擦
20018	/home/dayin/git/audio-labeling/backend/storage/audio/product_1/record_17_1_1779928251.wav	-1	摩擦
20019	/home/dayin/git/audio-labeling/backend/storage/audio/product_1/record_17_1_1779929643.wav	-1	摩擦
20020	/home/dayin/git/audio-labeling/backend/storage/audio/product_1/record_17_1_1779929783.wav	-1	摩擦
20021	/home/dayin/git/audio-labeling/backend/storage/audio/product_1/record_17_1_1779930025.wav	-1	摩擦
20022	/home/dayin/git/audio-labeling/backend/storage/audio/product_1/record_17_1_1779930465.wav	-1	轴承
20023	/home/dayin/git/audio-labeling/backend/storage/audio/product_1/record_17_1_1779944035.wav	-1	摩擦
20024	/home/dayin/git/audio-labeling/backend/storage/audio/product_1/record_17_1_1779948333.wav	-1	摩擦
20025	/home/dayin/git/audio-labeling/backend/storage/audio/product_1/record_17_1_1779948854.wav	-1	摩擦
20026	/home/dayin/git/audio-labeling/backend/storage/audio/product_1/record_17_1_1779953056.wav	-1	摩擦
20027	/home/dayin/git/audio-labeling/backend/storage/audio/product_1/record_17_1_1779956879.wav	-1	轴承
20028	/home/dayin/git/audio-labeling/backend/storage/audio/product_1/record_17_1_1779964528.wav	-1	轴承
20029	/home/dayin/git/audio-labeling/backend/storage/audio/product_1/record_17_1_1779964654.wav	-1	轴承
20030	/home/dayin/git/audio-labeling/backend/storage/audio/product_1/record_17_1_1779968095.wav	-1	摩擦
20031	/home/dayin/git/audio-labeling/backend/storage/audio/product_1/record_17_1_1779969459.wav	-1	摩擦
20032	/home/dayin/git/audio-labeling/backend/storage/audio/product_1/record_17_1_1780013530.wav	-1	摩擦
20033	/home/dayin/git/audio-labeling/backend/storage/audio/product_1/record_17_1_1780014383.wav	-1	轴承
20034	/home/dayin/git/audio-labeling/backend/storage/audio/product_1/record_17_1_1780023098.wav	-1	摩擦
20035	/home/dayin/git/audio-labeling/backend/storage/audio/product_1/record_17_1_1780023284.wav	-1	摩擦
20036	/home/dayin/git/audio-labeling/backend/storage/audio/product_1/record_17_1_1780024385.wav	-1	轴承
20037	/home/dayin/git/audio-labeling/backend/storage/audio/product_1/record_17_1_1780030554.wav	-1	ng
20038	/home/dayin/git/audio-labeling/backend/storage/audio/product_1/record_17_1_1780030708.wav	-1	摩擦
20040	/home/dayin/git/audio-labeling/backend/storage/audio/product_1/record_17_1_1780037703.wav	-1	摩擦
20041	/home/dayin/git/audio-labeling/backend/storage/audio/product_1/record_17_1_1780040403.wav	-1	摩擦
20042	/home/dayin/git/audio-labeling/backend/storage/audio/product_1/record_17_1_1780042927.wav	-1	摩擦
20043	/home/dayin/git/audio-labeling/backend/storage/audio/product_1/record_17_1_1780043097.wav	-1	轴承
20044	/home/dayin/git/audio-labeling/backend/storage/audio/product_1/record_17_1_1780043262.wav	-1	轴承
20045	/home/dayin/git/audio-labeling/backend/storage/audio/product_1/record_17_1_1780044450.wav	-1	轴承
20046	/home/dayin/git/audio-labeling/backend/storage/audio/product_1/record_17_1_1780050003.wav	-1	摩擦
20047	/home/dayin/git/audio-labeling/backend/storage/audio/product_1/record_17_1_1780050608.wav	-1	ng
20048	/home/dayin/git/audio-labeling/backend/storage/audio/product_1/record_17_1_1780050777.wav	-1	ng
20049	/home/dayin/git/audio-labeling/backend/storage/audio/product_1/record_17_1_1780051105.wav	-1	摩擦
20050	/home/dayin/git/audio-labeling/backend/storage/audio/product_1/record_17_1_1780052316.wav	-1	轴承
20051	/home/dayin/git/audio-labeling/backend/storage/audio/product_1/record_17_1_1780055494.wav	-1	轴承
20053	/home/dayin/git/audio-labeling/backend/storage/audio/product_1/record_17_1_1780056298.wav	-1	ng
20054	/home/dayin/git/audio-labeling/backend/storage/audio/product_1/record_17_1_1780056398.wav	-1	ng
20055	/home/dayin/git/audio-labeling/backend/storage/audio/product_1/record_17_1_1780056548.wav	-1	轴承
20056	/home/dayin/git/audio-labeling/backend/storage/audio/product_1/record_17_1_1780100084.wav	-1	轴承
20057	/home/dayin/git/audio-labeling/backend/storage/audio/product_1/record_17_1_1780101881.wav	-1	轴承
20058	/home/dayin/git/audio-labeling/backend/storage/audio/product_1/record_17_1_1780102370.wav	-1	轴承-微弱
20097	/home/dayin/git/audio-labeling/backend/storage/audio/product_1/record_15_1_1780468299_2aff9898.wav	-1	6-3-2
20099	/home/dayin/git/audio-labeling/backend/storage/audio/product_1/record_15_1_1780468403_b0a3f8b9.wav	-1	测试
20100	/home/dayin/git/audio-labeling/backend/storage/audio/product_1/record_15_1_1780468618_9f88e3b9.wav	-1	6-3-6
20101	/home/dayin/git/audio-labeling/backend/storage/audio/product_1/ZWR31-8B1_2ok.wav	1	噪音房ok
20105	/home/dayin/git/audio-labeling/backend/storage/audio/product_1/record_16_1_1788397635_d69914733633.wav	-1	1号外圈不良声音不明显
20106	/home/dayin/git/audio-labeling/backend/storage/audio/product_1/record_16_1_1788397980_221ce85efffe.wav	-1	1号外圈不良
20107	/home/dayin/git/audio-labeling/backend/storage/audio/product_1/record_16_1_1788398050_3f9106726a74.wav	-1	1号外圈不良
20108	/home/dayin/git/audio-labeling/backend/storage/audio/product_1/record_16_1_1788398108_7dab7e778049.wav	-1	2号外圈不良有声音不明显
20109	/home/dayin/git/audio-labeling/backend/storage/audio/product_1/record_16_1_1788398190_69166a1195f9.wav	-1	2号外圈不良
20110	/home/dayin/git/audio-labeling/backend/storage/audio/product_1/record_16_1_1788398242_9a202dd8bbc8.wav	-1	2号外圈不良
20111	/home/dayin/git/audio-labeling/backend/storage/audio/product_1/record_16_1_1788398327_9629619b02cf.wav	-1	3号外圈不良有声音不明显
20112	/home/dayin/git/audio-labeling/backend/storage/audio/product_1/record_16_1_1788398464_4a6b80569686.wav	-1	3号外圈不良
20113	/home/dayin/git/audio-labeling/backend/storage/audio/product_1/record_16_1_1788398635_a94fc3894c7a.wav	-1	4号外圈不良有声音不明显
20114	/home/dayin/git/audio-labeling/backend/storage/audio/product_1/record_16_1_1788398758_4fda18580267.wav	-1	4号外圈不良
20115	/home/dayin/git/audio-labeling/backend/storage/audio/product_1/record_16_1_1788398898_10e16979e8b5.wav	-1	4号外圈不良
20116	/home/dayin/git/audio-labeling/backend/storage/audio/product_1/record_16_1_1788398968_eef2321f3d20.wav	-1	5号外圈不良坏
20117	/home/dayin/git/audio-labeling/backend/storage/audio/product_1/record_16_1_1788399035_72c06a41fd16.wav	-1	5号外圈不良
20118	/home/dayin/git/audio-labeling/backend/storage/audio/product_1/record_16_1_1788399092_4f5760a7944f.wav	-1	5号外圈不良
20119	/home/dayin/git/audio-labeling/backend/storage/audio/product_1/record_16_1_1788399153_5c85c5a6fc59.wav	-1	1号滚珠不良转到某个角度有声音
20120	/home/dayin/git/audio-labeling/backend/storage/audio/product_1/record_16_1_1788399275_31ff3a226c0c.wav	-1	1号滚珠不良
20121	/home/dayin/git/audio-labeling/backend/storage/audio/product_1/record_16_1_1788399325_9fe1d18f99c1.wav	-1	1号滚珠不良
20122	/home/dayin/git/audio-labeling/backend/storage/audio/product_1/record_16_1_1788399375_e447e1baa1d7.wav	-1	1号滚珠不良
20123	/home/dayin/git/audio-labeling/backend/storage/audio/product_1/record_16_1_1788399502_f4a0b3daf43d.wav	-1	2号滚珠不良有声音不明显
20124	/home/dayin/git/audio-labeling/backend/storage/audio/product_1/record_16_1_1788399563_ccea89fb2498.wav	-1	2号滚珠不良
20125	/home/dayin/git/audio-labeling/backend/storage/audio/product_1/record_16_1_1788399611_cb843715d5e5.wav	-1	2号滚珠不良
20126	/home/dayin/git/audio-labeling/backend/storage/audio/product_1/record_16_1_1788399678_8b9898435a31.wav	-1	3号滚珠不良有声音不明显
20127	/home/dayin/git/audio-labeling/backend/storage/audio/product_1/record_16_1_1788399760_1d2e7117caca.wav	-1	3号滚珠不良
20128	/home/dayin/git/audio-labeling/backend/storage/audio/product_1/record_16_1_1788399814_70f103c69df2.wav	-1	3号滚珠不良
20129	/home/dayin/git/audio-labeling/backend/storage/audio/product_1/record_16_1_1788399902_972bfc8d2a62.wav	-1	4号滚珠不良有点声音
20130	/home/dayin/git/audio-labeling/backend/storage/audio/product_1/record_16_1_1788400014_397fc3d9145f.wav	-1	4号滚珠不良
20131	/home/dayin/git/audio-labeling/backend/storage/audio/product_1/record_16_1_1788400146_17b4f2e310b6.wav	-1	5号滚珠不良转到某个地方有损坏的声音
20132	/home/dayin/git/audio-labeling/backend/storage/audio/product_1/record_16_1_1788400236_4ee57c21f15a.wav	-1	5号滚珠不良
20133	/home/dayin/git/audio-labeling/backend/storage/audio/product_1/record_16_1_1788400290_2dd42f7b96df.wav	-1	5号滚珠不良
20134	/home/dayin/git/audio-labeling/backend/storage/audio/product_1/record_16_1_1788400373_cbd7493cf4b5.wav	-1	1号内圈不良有声音中度明星
20135	/home/dayin/git/audio-labeling/backend/storage/audio/product_1/record_16_1_1788400514_dfd1ab7338f6.wav	-1	1号内圈不良
20136	/home/dayin/git/audio-labeling/backend/storage/audio/product_1/record_16_1_1788400619_cf2989629f22.wav	-1	2号内圈不良有声音不明显
20137	/home/dayin/git/audio-labeling/backend/storage/audio/product_1/record_16_1_1788400704_237f97adb19d.wav	-1	2号内圈不良
20138	/home/dayin/git/audio-labeling/backend/storage/audio/product_1/record_16_1_1788400759_0f9e0d0918c0.wav	-1	2号内圈不良
20139	/home/dayin/git/audio-labeling/backend/storage/audio/product_1/record_16_1_1788400830_a8349dc70da1.wav	-1	3号内圈不良转到某个角度有异音
20140	/home/dayin/git/audio-labeling/backend/storage/audio/product_1/record_16_1_1788400928_22afb79880ec.wav	-1	3号内圈不良
20141	/home/dayin/git/audio-labeling/backend/storage/audio/product_1/record_16_1_1788400997_75afb56fef62.wav	-1	3号内圈不良
20142	/home/dayin/git/audio-labeling/backend/storage/audio/product_1/record_16_1_1788401056_28de9f12c551.wav	-1	4号内圈不良有声音不明显
20143	/home/dayin/git/audio-labeling/backend/storage/audio/product_1/record_16_1_1788401121_bfa3c2f96c8f.wav	-1	4号内圈不良
20144	/home/dayin/git/audio-labeling/backend/storage/audio/product_1/record_16_1_1788401163_62fd3287f059.wav	-1	4号内圈不良
20145	/home/dayin/git/audio-labeling/backend/storage/audio/product_1/record_16_1_1788401252_155daef28604.wav	-1	5号内圈不良有声音中度明星
20146	/home/dayin/git/audio-labeling/backend/storage/audio/product_1/record_16_1_1788401341_6980e5212321.wav	-1	5号内圈不良
20147	/home/dayin/git/audio-labeling/backend/storage/audio/product_1/record_16_1_1788401391_d2e2f96aee09.wav	-1	5号内圈不良
20148	/home/dayin/git/audio-labeling/backend/storage/audio/product_1/record_17_1_1788397635_533d5a3d5021.wav	-1	1号外圈不良声音不明显
20149	/home/dayin/git/audio-labeling/backend/storage/audio/product_1/record_17_1_1788397980_43dc924c80ed.wav	-1	1号外圈不良
20150	/home/dayin/git/audio-labeling/backend/storage/audio/product_1/record_17_1_1788398050_c6bdf258ce51.wav	-1	1号外圈不良
20151	/home/dayin/git/audio-labeling/backend/storage/audio/product_1/record_17_1_1788398108_79a5677091c5.wav	-1	2号外圈不良有声音不明显
20152	/home/dayin/git/audio-labeling/backend/storage/audio/product_1/record_17_1_1788398190_f7de183966b5.wav	-1	2号外圈不良
20153	/home/dayin/git/audio-labeling/backend/storage/audio/product_1/record_17_1_1788398242_ec33b4f317fb.wav	-1	2号外圈不良
20154	/home/dayin/git/audio-labeling/backend/storage/audio/product_1/record_17_1_1788398327_1bd8ea70ba95.wav	-1	3号外圈不良有声音不明显
20155	/home/dayin/git/audio-labeling/backend/storage/audio/product_1/record_17_1_1788398464_ff0a0706f041.wav	-1	3号外圈不良
20156	/home/dayin/git/audio-labeling/backend/storage/audio/product_1/record_17_1_1788398635_e43034e7004c.wav	-1	4号外圈不良有声音不明显
20157	/home/dayin/git/audio-labeling/backend/storage/audio/product_1/record_17_1_1788398758_c7fb3d097324.wav	-1	4号外圈不良
20158	/home/dayin/git/audio-labeling/backend/storage/audio/product_1/record_17_1_1788398898_3cf1bc800eae.wav	-1	4号外圈不良
20159	/home/dayin/git/audio-labeling/backend/storage/audio/product_1/record_17_1_1788398968_7c7ac8acd3e6.wav	-1	5号外圈不良坏
20160	/home/dayin/git/audio-labeling/backend/storage/audio/product_1/record_17_1_1788399035_67697cad7145.wav	-1	5号外圈不良
20161	/home/dayin/git/audio-labeling/backend/storage/audio/product_1/record_17_1_1788399092_e0e5a4c128b0.wav	-1	5号外圈不良
20162	/home/dayin/git/audio-labeling/backend/storage/audio/product_1/record_17_1_1788399153_049c0cf8355c.wav	-1	1号滚珠不良转到某个角度有声音
20163	/home/dayin/git/audio-labeling/backend/storage/audio/product_1/record_17_1_1788399275_47a7e614fa2f.wav	-1	1号滚珠不良
20164	/home/dayin/git/audio-labeling/backend/storage/audio/product_1/record_17_1_1788399325_0144c05c235d.wav	-1	1号滚珠不良
20165	/home/dayin/git/audio-labeling/backend/storage/audio/product_1/record_17_1_1788399375_c30de0d77911.wav	-1	1号滚珠不良
20166	/home/dayin/git/audio-labeling/backend/storage/audio/product_1/record_17_1_1788399502_9562b0cace1b.wav	-1	2号滚珠不良有声音不明显
20167	/home/dayin/git/audio-labeling/backend/storage/audio/product_1/record_17_1_1788399563_c4c57d5741b2.wav	-1	2号滚珠不良
20168	/home/dayin/git/audio-labeling/backend/storage/audio/product_1/record_17_1_1788399611_f1cf02efb73f.wav	-1	2号滚珠不良
20169	/home/dayin/git/audio-labeling/backend/storage/audio/product_1/record_17_1_1788399678_0e87ef40cc06.wav	-1	3号滚珠不良有声音不明显
20170	/home/dayin/git/audio-labeling/backend/storage/audio/product_1/record_17_1_1788399760_72b43e50e6d6.wav	-1	3号滚珠不良
20171	/home/dayin/git/audio-labeling/backend/storage/audio/product_1/record_17_1_1788399814_7678038076ea.wav	-1	3号滚珠不良
20172	/home/dayin/git/audio-labeling/backend/storage/audio/product_1/record_17_1_1788399902_b93578eaeff9.wav	-1	4号滚珠不良有点声音
20173	/home/dayin/git/audio-labeling/backend/storage/audio/product_1/record_17_1_1788400014_98371c946398.wav	-1	4号滚珠不良
20174	/home/dayin/git/audio-labeling/backend/storage/audio/product_1/record_17_1_1788400146_675cceb5d9af.wav	-1	5号滚珠不良转到某个地方有损坏的声音
20175	/home/dayin/git/audio-labeling/backend/storage/audio/product_1/record_17_1_1788400236_ddf34792c8ca.wav	-1	5号滚珠不良
20176	/home/dayin/git/audio-labeling/backend/storage/audio/product_1/record_17_1_1788400290_03be6d7581ed.wav	-1	5号滚珠不良
20177	/home/dayin/git/audio-labeling/backend/storage/audio/product_1/record_17_1_1788400373_9ea329cf8369.wav	-1	1号内圈不良有声音中度明星
20178	/home/dayin/git/audio-labeling/backend/storage/audio/product_1/record_17_1_1788400514_77fcff7c2f86.wav	-1	1号内圈不良
20179	/home/dayin/git/audio-labeling/backend/storage/audio/product_1/record_17_1_1788400619_4177d4514ab9.wav	-1	2号内圈不良有声音不明显
20180	/home/dayin/git/audio-labeling/backend/storage/audio/product_1/record_17_1_1788400704_d5a21461f4de.wav	-1	2号内圈不良
20181	/home/dayin/git/audio-labeling/backend/storage/audio/product_1/record_17_1_1788400759_aefb5c117239.wav	-1	2号内圈不良
20182	/home/dayin/git/audio-labeling/backend/storage/audio/product_1/record_17_1_1788400830_bf229af7deae.wav	-1	3号内圈不良转到某个角度有异音
20183	/home/dayin/git/audio-labeling/backend/storage/audio/product_1/record_17_1_1788400928_06bc65090537.wav	-1	3号内圈不良
20184	/home/dayin/git/audio-labeling/backend/storage/audio/product_1/record_17_1_1788400997_647f733886ad.wav	-1	3号内圈不良
20185	/home/dayin/git/audio-labeling/backend/storage/audio/product_1/record_17_1_1788401056_dc2672ca5635.wav	-1	4号内圈不良有声音不明显
20186	/home/dayin/git/audio-labeling/backend/storage/audio/product_1/record_17_1_1788401121_0a169e923871.wav	-1	4号内圈不良
20187	/home/dayin/git/audio-labeling/backend/storage/audio/product_1/record_17_1_1788401163_fa5f3b727669.wav	-1	4号内圈不良
20188	/home/dayin/git/audio-labeling/backend/storage/audio/product_1/record_17_1_1788401252_c8552d3a636d.wav	-1	5号内圈不良有声音中度明星
20189	/home/dayin/git/audio-labeling/backend/storage/audio/product_1/record_17_1_1788401341_5284724cb38b.wav	-1	5号内圈不良
20190	/home/dayin/git/audio-labeling/backend/storage/audio/product_1/record_17_1_1788401391_c6d1cec7d313.wav	-1	5号内圈不良
